<?xml version="1.0" encoding="UTF-8"?>

<Logic Name="AUTO_CLEAR"
		Desc="自动清算处理"
		LogicType="TaskLogic"
		PrioParm="0"
		TimeOut="300"
		RevsFlag="no"
		Transaction="No"
		DestTimeOut="yes"
		RevsSeq="Asc"
		RevsSvcName=""
		RevsDtaType=""
		RevsDtaName=""
		CompsSeq="Asc"
		CompsFlag="no"
		CompsSvcName=""
		CompsDtaType=""
		CompsDtaName=""
		InElemName="ChkOut"
		OutElemName="ChkIn"
		LocalCall="no"
		RemoteCall="yes"
		Merged="no"
		DsAlias="">
  <NodeClass Name="未分类"
  		Desc="未分类"/>
  <RevsInit><![CDATA[]]></RevsInit>
  <RevsSucc><![CDATA[]]></RevsSucc>
  <RevsFail><![CDATA[]]></RevsFail>
  <CompsInit><![CDATA[]]></CompsInit>
  <CompsSucc><![CDATA[]]></CompsSucc>
  <CompsFail><![CDATA[]]></CompsFail>
  <SvcSuccProc><![CDATA[]]></SvcSuccProc>
  <SvcLostProc><![CDATA[]]></SvcLostProc>
  <SvcPreProc><![CDATA[]]></SvcPreProc>
  <SvcTermEnd><![CDATA[]]></SvcTermEnd>
  <SqlTab RecNum="0"/>
  <RouteExpr><![CDATA[]]></RouteExpr>
  <EntranceTab RecNum="0"/>
  <Flow> 
    <Container Transaction="no"
    		DsAlias=""
    		Name="Sequence"
    		FlowDesc="Sequence"> 
      <EvtBefore><![CDATA[]]></EvtBefore>  
      <EvtFailedAfter><![CDATA[]]></EvtFailedAfter>  
      <EvtSuccessAfter><![CDATA[]]></EvtSuccessAfter>  
      <Computation Name="Expr"
      		FlowDesc="汇总查询"> 
        <EvtBefore><![CDATA[]]></EvtBefore>  
        <EvtFailedAfter><![CDATA[]]></EvtFailedAfter>  
        <EvtSuccessAfter><![CDATA[]]></EvtSuccessAfter>  
        <Expression><![CDATA[@ClearDo.qryClearSum();]]></Expression> 
      </Computation>  
      <Computation Name="Expr1"
      		FlowDesc="调度核心清分处理"> 
        <EvtBefore><![CDATA[]]></EvtBefore>  
        <EvtFailedAfter><![CDATA[]]></EvtFailedAfter>  
        <EvtSuccessAfter><![CDATA[]]></EvtSuccessAfter>  
        <Expression><![CDATA[@ClearDo.ClearDoHost();]]></Expression> 
      </Computation> 
    </Container> 
  </Flow>
  <ChkItemTab RecNum="0"/>
</Logic>
