<?xml version="1.0" encoding="UTF-8"?>

<Logic Name="AUTO_CHK_ERR"
		Desc="自动对账差错处理"
		LogicType="TaskLogic"
		PrioParm="0"
		TimeOut="300"
		RevsFlag="no"
		Transaction="No"
		DestTimeOut="yes"
		RevsSeq="Asc"
		RevsSvcName=""
		RevsDtaType=""
		RevsDtaName=""
		CompsSeq="Asc"
		CompsFlag="no"
		CompsSvcName=""
		CompsDtaType=""
		CompsDtaName=""
		InElemName="HostErrOut"
		OutElemName="HostErrIn"
		LocalCall="no"
		RemoteCall="yes"
		Merged="no"
		DsAlias="">
  <NodeClass Name="未分类"
  		Desc="未分类"/>
  <RevsInit><![CDATA[]]></RevsInit>
  <RevsSucc><![CDATA[]]></RevsSucc>
  <RevsFail><![CDATA[]]></RevsFail>
  <CompsInit><![CDATA[]]></CompsInit>
  <CompsSucc><![CDATA[]]></CompsSucc>
  <CompsFail><![CDATA[]]></CompsFail>
  <SvcSuccProc><![CDATA[]]></SvcSuccProc>
  <SvcLostProc><![CDATA[]]></SvcLostProc>
  <SvcPreProc><![CDATA[]]></SvcPreProc>
  <SvcTermEnd><![CDATA[]]></SvcTermEnd>
  <SqlTab RecNum="0"/>
  <RouteExpr><![CDATA[]]></RouteExpr>
  <EntranceTab RecNum="0"/>
  <Flow> 
    <Computation Name="Expr"
    		FlowDesc="对账差错自动处理"> 
      <EvtBefore><![CDATA[]]></EvtBefore>  
      <EvtFailedAfter><![CDATA[]]></EvtFailedAfter>  
      <EvtSuccessAfter><![CDATA[]]></EvtSuccessAfter>  
      <Expression><![CDATA[@ChkErrDo.ChkErrDoMain();]]></Expression> 
    </Computation> 
  </Flow>
  <ChkItemTab RecNum="0"/>
</Logic>
