<?xml version="1.0" encoding="UTF-8"?>

<Logic Name="AUTO_NCP_CHK"
		Desc="无卡支付对账"
		LogicType="TaskLogic"
		PrioParm="0"
		TimeOut="1800"
		RevsFlag="no"
		Transaction="No"
		DestTimeOut="yes"
		RevsSeq="Asc"
		RevsSvcName=""
		RevsDtaType=""
		RevsDtaName=""
		CompsSeq="Asc"
		CompsFlag="no"
		CompsSvcName=""
		CompsDtaType=""
		CompsDtaName=""
		InElemName="ChkOut"
		OutElemName="ChkIn"
		LocalCall="no"
		RemoteCall="yes"
		Merged="no"
		DsAlias="">
  <NodeClass Name="未分类"
  		Desc="未分类"/>
  <RevsInit><![CDATA[]]></RevsInit>
  <RevsSucc><![CDATA[]]></RevsSucc>
  <RevsFail><![CDATA[]]></RevsFail>
  <CompsInit><![CDATA[]]></CompsInit>
  <CompsSucc><![CDATA[]]></CompsSucc>
  <CompsFail><![CDATA[]]></CompsFail>
  <SvcSuccProc><![CDATA[]]></SvcSuccProc>
  <SvcLostProc><![CDATA[]]></SvcLostProc>
  <SvcPreProc><![CDATA[]]></SvcPreProc>
  <SvcTermEnd><![CDATA[]]></SvcTermEnd>
  <SqlTab RecNum="0"/>
  <RouteExpr><![CDATA[]]></RouteExpr>
  <EntranceTab RecNum="0"/>
  <Flow> 
    <Container Transaction="no"
    		DsAlias=""
    		Name="Sequence"
    		FlowDesc="Sequence"> 
      <Computation Name="Expr0"
      		FlowDesc="获取对账控制记录"> 
        <EvtBefore><![CDATA[]]></EvtBefore>  
        <EvtFailedAfter><![CDATA[]]></EvtFailedAfter>  
        <EvtSuccessAfter><![CDATA[]]></EvtSuccessAfter>  
        <Expression><![CDATA[@ChkPub.qryWaitChk("035001");]]></Expression> 
      </Computation>  
      <Computation Name="Expr"
      		FlowDesc="装载本地流水方法"> 
        <EvtBefore><![CDATA[]]></EvtBefore>  
        <EvtFailedAfter><![CDATA[]]></EvtFailedAfter>  
        <EvtSuccessAfter><![CDATA[]]></EvtSuccessAfter>  
        <Expression><![CDATA[@NcpChk.GetLocJrnl();]]></Expression> 
      </Computation>  
      <Computation Name="Expr1"
      		FlowDesc="下载核心流水文件"> 
        <EvtBefore><![CDATA[]]></EvtBefore>  
        <EvtFailedAfter><![CDATA[]]></EvtFailedAfter>  
        <EvtSuccessAfter><![CDATA[]]></EvtSuccessAfter>  
        <Expression><![CDATA[@NcpChk.DownLoadHostFile();]]></Expression> 
      </Computation>  
      <Computation Name="Expr2"
      		FlowDesc="装载核心流水"> 
        <EvtBefore><![CDATA[]]></EvtBefore>  
        <EvtFailedAfter><![CDATA[]]></EvtFailedAfter>  
        <EvtSuccessAfter><![CDATA[]]></EvtSuccessAfter>  
        <Expression><![CDATA[@NcpChk.LoadHostJrnl();]]></Expression> 
      </Computation>  
      <Computation Name="Expr3"
      		FlowDesc="本地流水和核心流水比对"> 
        <EvtBefore><![CDATA[]]></EvtBefore>  
        <EvtFailedAfter><![CDATA[]]></EvtFailedAfter>  
        <EvtSuccessAfter><![CDATA[]]></EvtSuccessAfter>  
        <Expression><![CDATA[@ChkPub.ChkHost();]]></Expression> 
      </Computation>  
      <Computation Name="Expr4"
      		FlowDesc="下载银联流水文件"> 
        <EvtBefore><![CDATA[]]></EvtBefore>  
        <EvtFailedAfter><![CDATA[]]></EvtFailedAfter>  
        <EvtSuccessAfter><![CDATA[]]></EvtSuccessAfter>  
        <Expression><![CDATA[@NcpChk.DownLoadCupFile();]]></Expression> 
      </Computation>  
      <Computation Name="Expr5"
      		FlowDesc="装载银联流水"> 
        <EvtBefore><![CDATA[]]></EvtBefore>  
        <EvtFailedAfter><![CDATA[]]></EvtFailedAfter>  
        <EvtSuccessAfter><![CDATA[]]></EvtSuccessAfter>  
        <Expression><![CDATA[@NcpChk.LoadCupJrnl();]]></Expression> 
      </Computation>  
      <Computation Name="Expr6"
      		FlowDesc="本地流水和银联流水比对"> 
        <EvtBefore><![CDATA[]]></EvtBefore>  
        <EvtFailedAfter><![CDATA[]]></EvtFailedAfter>  
        <EvtSuccessAfter><![CDATA[]]></EvtSuccessAfter>  
        <Expression><![CDATA[@ChkPub.ChkOth();]]></Expression> 
      </Computation>  
      <EvtBefore><![CDATA[]]></EvtBefore>  
      <EvtFailedAfter><![CDATA[]]></EvtFailedAfter>  
      <EvtSuccessAfter><![CDATA[]]></EvtSuccessAfter>  
      <Computation Name="Expr7"
      		FlowDesc="对账后事件"> 
        <EvtBefore><![CDATA[]]></EvtBefore>  
        <EvtFailedAfter><![CDATA[]]></EvtFailedAfter>  
        <EvtSuccessAfter><![CDATA[]]></EvtSuccessAfter>  
        <Expression><![CDATA[@ChkPub.ChkAfter();]]></Expression> 
      </Computation> 
    </Container> 
  </Flow>
  <ChkItemTab RecNum="0"/>
</Logic>
