<?xml version="1.0" encoding="UTF-8"?>

<Logic Name="SCHK00010107"
		Desc="对账差错手工调账附加说明"
		LogicType="SvcLogic"
		PrioParm="0"
		TimeOut="0"
		RevsFlag="no"
		Transaction="No"
		DestTimeOut="no"
		RevsSeq="Random"
		RevsSvcName=""
		RevsDtaType=""
		RevsDtaName=""
		CompsSeq="Random"
		CompsFlag="no"
		CompsSvcName=""
		CompsDtaType=""
		CompsDtaName=""
		InElemName="MngChkIn"
		OutElemName="MngChkOut"
		LocalCall="no"
		RemoteCall="yes"
		Merged="no"
		DsAlias="">
  <NodeClass Name="未分类"
  		Desc="未分类"/>
  <RevsInit><![CDATA[]]></RevsInit>
  <RevsSucc><![CDATA[]]></RevsSucc>
  <RevsFail><![CDATA[]]></RevsFail>
  <CompsInit><![CDATA[]]></CompsInit>
  <CompsSucc><![CDATA[]]></CompsSucc>
  <CompsFail><![CDATA[]]></CompsFail>
  <SvcSuccProc><![CDATA[]]></SvcSuccProc>
  <SvcLostProc><![CDATA[]]></SvcLostProc>
  <SvcPreProc><![CDATA[]]></SvcPreProc>
  <SvcTermEnd><![CDATA[]]></SvcTermEnd>
  <SqlTab RecNum="0"/>
  <RouteExpr><![CDATA[]]></RouteExpr>
  <EntranceTab RecNum="0"/>
  <Flow> 
    <Computation Name="Expr"
    		FlowDesc="对账差错手工调账附加说明"> 
      <EvtBefore><![CDATA[]]></EvtBefore>  
      <EvtFailedAfter><![CDATA[]]></EvtFailedAfter>  
      <EvtSuccessAfter><![CDATA[]]></EvtSuccessAfter>  
      <Expression><![CDATA[@SCHK00010107.chkModRmrk();]]></Expression> 
    </Computation> 
  </Flow>
  <ChkItemTab RecNum="0"/>
</Logic>
