<?xml version="1.0" encoding="UTF-8"?>

<DataElementTab RecNum="2">
  <DataElement DataType="Struct"
  		ElemName="CRED_CLI_IN"
  		ElemDesc="贷记卡协议对象"
  		NodeClassName="未分类"
  		NodeClassDesc="未分类"
  		XmlNodeName="CRED_CLI_IN">
    <ItemTab RecNum="8">
      <Item ItemName="__GDTA_ITEMDATA_LENGTH"
      		ItemDesc="报文长度"
      		ItemType="DataDict"
      		TypeName="__GDTA_ITEMDATA_LENGTH"
      		ItemDeft=""
      		ElemType="No"
      		NodeType="Node"
      		Security="No"
      		EnumName =""
      		EnumKvp =""
      		RelateItemName ="">
        <ScopeExpr><![CDATA[]]></ScopeExpr>
      </Item>
      <Item ItemName="__GDTA_SVCNAME"
      		ItemDesc="交易码"
      		ItemType="DataDict"
      		TypeName="__GDTA_SVCNAME"
      		ItemDeft=""
      		ElemType="No"
      		NodeType="Node"
      		Security="No"
      		EnumName =""
      		EnumKvp =""
      		RelateItemName ="">
        <ScopeExpr><![CDATA[]]></ScopeExpr>
      </Item>
      <Item ItemName="_MSG_TYPE"
      		ItemDesc="报文类型"
      		ItemType="DataDict"
      		TypeName="str_20bit"
      		ItemDeft=""
      		ElemType="No"
      		NodeType="Node"
      		Security="No"
      		EnumName =""
      		EnumKvp =""
      		RelateItemName ="">
        <ScopeExpr><![CDATA[]]></ScopeExpr>
      </Item>
      <Item ItemName="FileFlag"
      		ItemDesc="文件传送标识"
      		ItemType="DataDict"
      		TypeName="str_1bit"
      		ItemDeft=""
      		ElemType="No"
      		NodeType="Node"
      		Security="No"
      		EnumName =""
      		EnumKvp =""
      		RelateItemName ="">
        <ScopeExpr><![CDATA[]]></ScopeExpr>
      </Item>
      <Item ItemName="__GDTA_MACDATA"
      		ItemDesc="报文校验码"
      		ItemType="DataDict"
      		TypeName="__GDTA_MACDATA"
      		ItemDeft=""
      		ElemType="No"
      		NodeType="Node"
      		Security="No"
      		EnumName =""
      		EnumKvp =""
      		RelateItemName ="">
        <ScopeExpr><![CDATA[]]></ScopeExpr>
      </Item>
      <Item ItemName="__SVC_NAME"
      		ItemDesc="服务码"
      		ItemType="DataDict"
      		TypeName="__SVC_NAME"
      		ItemDeft=""
      		ElemType="No"
      		NodeType="Node"
      		Security="No"
      		EnumName =""
      		EnumKvp =""
      		RelateItemName ="">
        <ScopeExpr><![CDATA[]]></ScopeExpr>
      </Item>
      <Item ItemName="_AGMT_NO"
      		ItemDesc="报文协议"
      		ItemType="DataDict"
      		TypeName="str_20bit"
      		ItemDeft=""
      		ElemType="No"
      		NodeType="Node"
      		Security="No"
      		EnumName =""
      		EnumKvp =""
      		RelateItemName ="">
        <ScopeExpr><![CDATA[]]></ScopeExpr>
      </Item>
      <Item ItemName="__GDTA_ITEMDATA"
      		ItemDesc="交易报文"
      		ItemType="DataDict"
      		TypeName="__GDTA_ITEMDATA"
      		ItemDeft=""
      		ElemType="No"
      		NodeType="Node"
      		Security="No"
      		EnumName =""
      		EnumKvp =""
      		RelateItemName ="">
        <ScopeExpr><![CDATA[]]></ScopeExpr>
      </Item>
    </ItemTab>
  </DataElement>
  <DataElement DataType="Struct"
  		ElemName="CRED_CLI_OUT"
  		ElemDesc="贷记卡协议对象"
  		NodeClassName="未分类"
  		NodeClassDesc="未分类"
  		XmlNodeName="CRED_CLI_OUT">
    <ItemTab RecNum="8">
      <Item ItemName="__GDTA_ITEMDATA_LENGTH"
      		ItemDesc="报文长度"
      		ItemType="DataDict"
      		TypeName="__GDTA_ITEMDATA_LENGTH"
      		ItemDeft=""
      		ElemType="No"
      		NodeType="Node"
      		Security="No"
      		EnumName =""
      		EnumKvp =""
      		RelateItemName ="">
        <ScopeExpr><![CDATA[]]></ScopeExpr>
      </Item>
      <Item ItemName="__GDTA_SVCNAME"
      		ItemDesc="交易码"
      		ItemType="DataDict"
      		TypeName="__GDTA_SVCNAME"
      		ItemDeft=""
      		ElemType="No"
      		NodeType="Node"
      		Security="No"
      		EnumName =""
      		EnumKvp =""
      		RelateItemName ="">
        <ScopeExpr><![CDATA[]]></ScopeExpr>
      </Item>
      <Item ItemName="_MSG_TYPE"
      		ItemDesc="报文类型"
      		ItemType="DataDict"
      		TypeName="str_20bit"
      		ItemDeft=""
      		ElemType="No"
      		NodeType="Node"
      		Security="No"
      		EnumName =""
      		EnumKvp =""
      		RelateItemName ="">
        <ScopeExpr><![CDATA[]]></ScopeExpr>
      </Item>
      <Item ItemName="FileFlag"
      		ItemDesc="文件传送标识"
      		ItemType="DataDict"
      		TypeName="str_1bit"
      		ItemDeft=""
      		ElemType="No"
      		NodeType="Node"
      		Security="No"
      		EnumName =""
      		EnumKvp =""
      		RelateItemName ="">
        <ScopeExpr><![CDATA[]]></ScopeExpr>
      </Item>
      <Item ItemName="__GDTA_MACDATA"
      		ItemDesc="报文校验码"
      		ItemType="DataDict"
      		TypeName="__GDTA_MACDATA"
      		ItemDeft=""
      		ElemType="No"
      		NodeType="Node"
      		Security="No"
      		EnumName =""
      		EnumKvp =""
      		RelateItemName ="">
        <ScopeExpr><![CDATA[]]></ScopeExpr>
      </Item>
      <Item ItemName="__SVC_NAME"
      		ItemDesc="服务码"
      		ItemType="DataDict"
      		TypeName="__SVC_NAME"
      		ItemDeft=""
      		ElemType="No"
      		NodeType="Node"
      		Security="No"
      		EnumName =""
      		EnumKvp =""
      		RelateItemName ="">
        <ScopeExpr><![CDATA[]]></ScopeExpr>
      </Item>
      <Item ItemName="_AGMT_NO"
      		ItemDesc="报文协议"
      		ItemType="DataDict"
      		TypeName="str_20bit"
      		ItemDeft=""
      		ElemType="No"
      		NodeType="Node"
      		Security="No"
      		EnumName =""
      		EnumKvp =""
      		RelateItemName ="">
        <ScopeExpr><![CDATA[]]></ScopeExpr>
      </Item>
      <Item ItemName="__GDTA_ITEMDATA"
      		ItemDesc="交易报文"
      		ItemType="DataDict"
      		TypeName="__GDTA_ITEMDATA"
      		ItemDeft=""
      		ElemType="No"
      		NodeType="Node"
      		Security="No"
      		EnumName =""
      		EnumKvp =""
      		RelateItemName ="">
        <ScopeExpr><![CDATA[]]></ScopeExpr>
      </Item>
    </ItemTab>
  </DataElement>
</DataElementTab>
