<?xml version="1.0" encoding="UTF-8"?>

<ServiceTab RecNum="4">
  <Service Name="030105"
  		SvcDesc="消费"
  		TimeOut="0"
  		IFmt="FMT_CREDIT_CLI_030105_IN"
  		OFmt="FMT_CREDIT_CLI_030105_OUT"
  		PFile=""
  		BFile=""
  		IElem="CREDIT_CLI_030105_Req"
  		OElem="CREDIT_CLI_030105_Rsp"
  		Transaction="No"
  		RevsFlag="Yes"
  		RevsDtaType="DTA"
  		RevsDtaName="CRED_CLI"
  		RevsSvcName="212006"
  		CompsFlag="No"
  		CompsDtaType=""
  		CompsDtaName=""
  		CompsName=""
  		ExtCode=""
  		Prio="3"
  		DestTimeOut="No"
  		RevsSeq="Random"
  		CompsSeq="Random"
  		IsWsdl="no"
  		NameSpace=""
  		NameSpaceNS=""
  		SoapBinding=""
  		IsHavePrefix="">
    <NodeClass Name="未分类"
    		Desc="未分类"/>
    <ExtCodeExpr><![CDATA[]]></ExtCodeExpr>
    <PrioExpr><![CDATA[]]></PrioExpr>
    <SvrIdExpr><![CDATA[]]></SvrIdExpr>
    <IFile><![CDATA[]]></IFile>
    <OFile><![CDATA[]]></OFile>
    <RevsInit><![CDATA[]]></RevsInit>
    <RevsSucc><![CDATA[]]></RevsSucc>
    <RevsFail><![CDATA[]]></RevsFail>
    <CompsInit><![CDATA[]]></CompsInit>
    <CompsSucc><![CDATA[]]></CompsSucc>
    <CompsFail><![CDATA[]]></CompsFail>
    <IFmtGrpTab RecNum="0"/>
    <OFmtGrpTab RecNum="0"/>
    <EvtIfmtBegin><![CDATA[]]></EvtIfmtBegin>
    <EvtIfmtEnd><![CDATA[]]></EvtIfmtEnd>
    <EvtOfmtBegin><![CDATA[]]></EvtOfmtBegin>
    <EvtOfmtEnd><![CDATA[]]></EvtOfmtEnd>
    <EvtAcallBegin><![CDATA[]]></EvtAcallBegin>
    <EvtAcallEnd><![CDATA[]]></EvtAcallEnd>
    <EvtReturnBegin><![CDATA[]]></EvtReturnBegin>
    <EvtReturnEnd><![CDATA[]]></EvtReturnEnd>
    <EvtConvsvcBegin><![CDATA[]]></EvtConvsvcBegin>
    <EvtConvsvcEnd><![CDATA[]]></EvtConvsvcEnd>
    <EvtPfileBegin><![CDATA[]]></EvtPfileBegin>
    <EvtPfileEnd><![CDATA[]]></EvtPfileEnd>
    <EvtBfileBegin><![CDATA[]]></EvtBfileBegin>
    <EvtBfileEnd><![CDATA[]]></EvtBfileEnd>
    <EvtSfileBegin><![CDATA[]]></EvtSfileBegin>
    <EvtSfileEnd><![CDATA[]]></EvtSfileEnd>
    <EvtRfileBegin><![CDATA[]]></EvtRfileBegin>
    <EvtRfileEnd><![CDATA[]]></EvtRfileEnd>
  </Service>
  <Service Name="030517"
  		SvcDesc="按卡号查询卡资料信息"
  		TimeOut="0"
  		IFmt="FMT_CREDIT_CLI_030517_IN"
  		OFmt="FMT_CREDIT_CLI_030517_OUT"
  		PFile=""
  		BFile=""
  		IElem="CREDIT_CLI_030517_Req"
  		OElem="CREDIT_CLI_030517_Rsp"
  		Transaction="No"
  		RevsFlag="No"
  		RevsDtaType=""
  		RevsDtaName=""
  		RevsSvcName=""
  		CompsFlag="No"
  		CompsDtaType=""
  		CompsDtaName=""
  		CompsName=""
  		ExtCode=""
  		Prio="3"
  		DestTimeOut="No"
  		RevsSeq="Random"
  		CompsSeq="Random"
  		IsWsdl="no"
  		NameSpace=""
  		NameSpaceNS=""
  		SoapBinding=""
  		IsHavePrefix="">
    <NodeClass Name="未分类"
    		Desc="未分类"/>
    <ExtCodeExpr><![CDATA[]]></ExtCodeExpr>
    <PrioExpr><![CDATA[]]></PrioExpr>
    <SvrIdExpr><![CDATA[]]></SvrIdExpr>
    <IFile><![CDATA[]]></IFile>
    <OFile><![CDATA[]]></OFile>
    <RevsInit><![CDATA[]]></RevsInit>
    <RevsSucc><![CDATA[]]></RevsSucc>
    <RevsFail><![CDATA[]]></RevsFail>
    <CompsInit><![CDATA[]]></CompsInit>
    <CompsSucc><![CDATA[]]></CompsSucc>
    <CompsFail><![CDATA[]]></CompsFail>
    <IFmtGrpTab RecNum="0"/>
    <OFmtGrpTab RecNum="0"/>
    <EvtIfmtBegin><![CDATA[]]></EvtIfmtBegin>
    <EvtIfmtEnd><![CDATA[]]></EvtIfmtEnd>
    <EvtOfmtBegin><![CDATA[]]></EvtOfmtBegin>
    <EvtOfmtEnd><![CDATA[]]></EvtOfmtEnd>
    <EvtAcallBegin><![CDATA[]]></EvtAcallBegin>
    <EvtAcallEnd><![CDATA[]]></EvtAcallEnd>
    <EvtReturnBegin><![CDATA[]]></EvtReturnBegin>
    <EvtReturnEnd><![CDATA[]]></EvtReturnEnd>
    <EvtConvsvcBegin><![CDATA[]]></EvtConvsvcBegin>
    <EvtConvsvcEnd><![CDATA[]]></EvtConvsvcEnd>
    <EvtPfileBegin><![CDATA[]]></EvtPfileBegin>
    <EvtPfileEnd><![CDATA[]]></EvtPfileEnd>
    <EvtBfileBegin><![CDATA[]]></EvtBfileBegin>
    <EvtBfileEnd><![CDATA[]]></EvtBfileEnd>
    <EvtSfileBegin><![CDATA[]]></EvtSfileBegin>
    <EvtSfileEnd><![CDATA[]]></EvtSfileEnd>
    <EvtRfileBegin><![CDATA[]]></EvtRfileBegin>
    <EvtRfileEnd><![CDATA[]]></EvtRfileEnd>
  </Service>
  <Service Name="212005"
  		SvcDesc="还款"
  		TimeOut="0"
  		IFmt="FMT_CREDIT_CLI_212005_IN"
  		OFmt="FMT_CREDIT_CLI_212005_OUT"
  		PFile=""
  		BFile=""
  		IElem="CREDIT_CLI_212005_Req"
  		OElem="CREDIT_CLI_212005_Rsp"
  		Transaction="No"
  		RevsFlag="No"
  		RevsDtaType=""
  		RevsDtaName=""
  		RevsSvcName=""
  		CompsFlag="No"
  		CompsDtaType=""
  		CompsDtaName=""
  		CompsName=""
  		ExtCode=""
  		Prio="3"
  		DestTimeOut="No"
  		RevsSeq="Random"
  		CompsSeq="Random"
  		IsWsdl="no"
  		NameSpace=""
  		NameSpaceNS=""
  		SoapBinding=""
  		IsHavePrefix="">
    <NodeClass Name="未分类"
    		Desc="未分类"/>
    <ExtCodeExpr><![CDATA[]]></ExtCodeExpr>
    <PrioExpr><![CDATA[]]></PrioExpr>
    <SvrIdExpr><![CDATA[]]></SvrIdExpr>
    <IFile><![CDATA[]]></IFile>
    <OFile><![CDATA[]]></OFile>
    <RevsInit><![CDATA[]]></RevsInit>
    <RevsSucc><![CDATA[]]></RevsSucc>
    <RevsFail><![CDATA[]]></RevsFail>
    <CompsInit><![CDATA[]]></CompsInit>
    <CompsSucc><![CDATA[]]></CompsSucc>
    <CompsFail><![CDATA[]]></CompsFail>
    <IFmtGrpTab RecNum="0"/>
    <OFmtGrpTab RecNum="0"/>
    <EvtIfmtBegin><![CDATA[]]></EvtIfmtBegin>
    <EvtIfmtEnd><![CDATA[]]></EvtIfmtEnd>
    <EvtOfmtBegin><![CDATA[]]></EvtOfmtBegin>
    <EvtOfmtEnd><![CDATA[]]></EvtOfmtEnd>
    <EvtAcallBegin><![CDATA[]]></EvtAcallBegin>
    <EvtAcallEnd><![CDATA[]]></EvtAcallEnd>
    <EvtReturnBegin><![CDATA[]]></EvtReturnBegin>
    <EvtReturnEnd><![CDATA[]]></EvtReturnEnd>
    <EvtConvsvcBegin><![CDATA[]]></EvtConvsvcBegin>
    <EvtConvsvcEnd><![CDATA[]]></EvtConvsvcEnd>
    <EvtPfileBegin><![CDATA[]]></EvtPfileBegin>
    <EvtPfileEnd><![CDATA[]]></EvtPfileEnd>
    <EvtBfileBegin><![CDATA[]]></EvtBfileBegin>
    <EvtBfileEnd><![CDATA[]]></EvtBfileEnd>
    <EvtSfileBegin><![CDATA[]]></EvtSfileBegin>
    <EvtSfileEnd><![CDATA[]]></EvtSfileEnd>
    <EvtRfileBegin><![CDATA[]]></EvtRfileBegin>
    <EvtRfileEnd><![CDATA[]]></EvtRfileEnd>
  </Service>
  <Service Name="212006"
  		SvcDesc="消费冲正"
  		TimeOut="0"
  		IFmt="FMT_CREDIT_CLI_212006_IN"
  		OFmt="FMT_CREDIT_CLI_212006_OUT"
  		PFile=""
  		BFile=""
  		IElem="CREDIT_CLI_212006_Req"
  		OElem="CREDIT_CLI_212006_Rsp"
  		Transaction="No"
  		RevsFlag="No"
  		RevsDtaType=""
  		RevsDtaName=""
  		RevsSvcName=""
  		CompsFlag="No"
  		CompsDtaType=""
  		CompsDtaName=""
  		CompsName=""
  		ExtCode=""
  		Prio="3"
  		DestTimeOut="No"
  		RevsSeq="Random"
  		CompsSeq="Random"
  		IsWsdl="no"
  		NameSpace=""
  		NameSpaceNS=""
  		SoapBinding=""
  		IsHavePrefix="">
    <NodeClass Name="未分类"
    		Desc="未分类"/>
    <ExtCodeExpr><![CDATA[]]></ExtCodeExpr>
    <PrioExpr><![CDATA[]]></PrioExpr>
    <SvrIdExpr><![CDATA[]]></SvrIdExpr>
    <IFile><![CDATA[]]></IFile>
    <OFile><![CDATA[]]></OFile>
    <RevsInit><![CDATA[]]></RevsInit>
    <RevsSucc><![CDATA[@CRED0212006.updateBook();]]></RevsSucc>
    <RevsFail><![CDATA[@CRED0212006.updateBook();]]></RevsFail>
    <CompsInit><![CDATA[]]></CompsInit>
    <CompsSucc><![CDATA[]]></CompsSucc>
    <CompsFail><![CDATA[]]></CompsFail>
    <IFmtGrpTab RecNum="0"/>
    <OFmtGrpTab RecNum="0"/>
    <EvtIfmtBegin><![CDATA[]]></EvtIfmtBegin>
    <EvtIfmtEnd><![CDATA[]]></EvtIfmtEnd>
    <EvtOfmtBegin><![CDATA[]]></EvtOfmtBegin>
    <EvtOfmtEnd><![CDATA[]]></EvtOfmtEnd>
    <EvtAcallBegin><![CDATA[]]></EvtAcallBegin>
    <EvtAcallEnd><![CDATA[]]></EvtAcallEnd>
    <EvtReturnBegin><![CDATA[]]></EvtReturnBegin>
    <EvtReturnEnd><![CDATA[]]></EvtReturnEnd>
    <EvtConvsvcBegin><![CDATA[]]></EvtConvsvcBegin>
    <EvtConvsvcEnd><![CDATA[]]></EvtConvsvcEnd>
    <EvtPfileBegin><![CDATA[]]></EvtPfileBegin>
    <EvtPfileEnd><![CDATA[]]></EvtPfileEnd>
    <EvtBfileBegin><![CDATA[]]></EvtBfileBegin>
    <EvtBfileEnd><![CDATA[]]></EvtBfileEnd>
    <EvtSfileBegin><![CDATA[]]></EvtSfileBegin>
    <EvtSfileEnd><![CDATA[]]></EvtSfileEnd>
    <EvtRfileBegin><![CDATA[]]></EvtRfileBegin>
    <EvtRfileEnd><![CDATA[]]></EvtRfileEnd>
  </Service>
</ServiceTab>
