<?xml version="1.0" encoding="UTF-8"?>

<SignTab RecNum="8">
  <Sign SignName="SIGN_CREDIT_CLI_030517_Req"
  		SignDesc="按卡号查询卡资料信息请求报文"
  		SignType="sign_xhttp"
  		CtrlType="ctrltype_tag"
  		LengthBytes="0"
  		LengthDlmt=""
  		SignDlmt="3e"
  		DataDlmt="3c2f3e3c"
  		ElemName="CREDIT_CLI_030517_Req">
    <LengthParseExpr><![CDATA[]]></LengthParseExpr>
    <LengthBuildExpr><![CDATA[]]></LengthBuildExpr>
    <NodeClass Name="未分类"
    		Desc="未分类"/>
    <ItemTab RecNum="11">
      <Item ItemSignName="TermId"
      		ItemDesc="终端号"
      		ElemName="TermId"
      		AsciiFlag="yes"
      		DecLocale="0"
      		FixFlag="no"
      		ItemAdj=""
      		ItemFill=""
      		LenDataFlag="no"
      		LengthBytes=""
      		LengthDlmt="">
        <LengthExpr><![CDATA[]]></LengthExpr>
        <LenDataParseExpr><![CDATA[]]></LenDataParseExpr>
        <LenDataBuildExpr><![CDATA[]]></LenDataBuildExpr>
        <ParseExpr><![CDATA[]]></ParseExpr>
        <BuildExpr><![CDATA[]]></BuildExpr>
      </Item>
      <Item ItemSignName="TermSeq"
      		ItemDesc="终端流水号"
      		ElemName="TermSeq"
      		AsciiFlag="yes"
      		DecLocale="0"
      		FixFlag="no"
      		ItemAdj=""
      		ItemFill=""
      		LenDataFlag="no"
      		LengthBytes=""
      		LengthDlmt="">
        <LengthExpr><![CDATA[]]></LengthExpr>
        <LenDataParseExpr><![CDATA[]]></LenDataParseExpr>
        <LenDataBuildExpr><![CDATA[]]></LenDataBuildExpr>
        <ParseExpr><![CDATA[]]></ParseExpr>
        <BuildExpr><![CDATA[]]></BuildExpr>
      </Item>
      <Item ItemSignName="TranName"
      		ItemDesc="交易名称"
      		ElemName="TranName"
      		AsciiFlag="yes"
      		DecLocale="0"
      		FixFlag="no"
      		ItemAdj=""
      		ItemFill=""
      		LenDataFlag="no"
      		LengthBytes=""
      		LengthDlmt="">
        <LengthExpr><![CDATA[]]></LengthExpr>
        <LenDataParseExpr><![CDATA[]]></LenDataParseExpr>
        <LenDataBuildExpr><![CDATA[]]></LenDataBuildExpr>
        <ParseExpr><![CDATA[]]></ParseExpr>
        <BuildExpr><![CDATA[]]></BuildExpr>
      </Item>
      <Item ItemSignName="Brc"
      		ItemDesc="机构码"
      		ElemName="Brc"
      		AsciiFlag="yes"
      		DecLocale="0"
      		FixFlag="no"
      		ItemAdj=""
      		ItemFill=""
      		LenDataFlag="no"
      		LengthBytes=""
      		LengthDlmt="">
        <LengthExpr><![CDATA[]]></LengthExpr>
        <LenDataParseExpr><![CDATA[]]></LenDataParseExpr>
        <LenDataBuildExpr><![CDATA[]]></LenDataBuildExpr>
        <ParseExpr><![CDATA[]]></ParseExpr>
        <BuildExpr><![CDATA[]]></BuildExpr>
      </Item>
      <Item ItemSignName="BrcName0"
      		ItemDesc="交易机构名称"
      		ElemName="BrcName0"
      		AsciiFlag="yes"
      		DecLocale="0"
      		FixFlag="no"
      		ItemAdj=""
      		ItemFill=""
      		LenDataFlag="no"
      		LengthBytes=""
      		LengthDlmt="">
        <LengthExpr><![CDATA[]]></LengthExpr>
        <LenDataParseExpr><![CDATA[]]></LenDataParseExpr>
        <LenDataBuildExpr><![CDATA[]]></LenDataBuildExpr>
        <ParseExpr><![CDATA[]]></ParseExpr>
        <BuildExpr><![CDATA[]]></BuildExpr>
      </Item>
      <Item ItemSignName="Teller"
      		ItemDesc="交易柜员"
      		ElemName="Teller"
      		AsciiFlag="yes"
      		DecLocale="0"
      		FixFlag="no"
      		ItemAdj=""
      		ItemFill=""
      		LenDataFlag="no"
      		LengthBytes=""
      		LengthDlmt="">
        <LengthExpr><![CDATA[]]></LengthExpr>
        <LenDataParseExpr><![CDATA[]]></LenDataParseExpr>
        <LenDataBuildExpr><![CDATA[]]></LenDataBuildExpr>
        <ParseExpr><![CDATA[]]></ParseExpr>
        <BuildExpr><![CDATA[]]></BuildExpr>
      </Item>
      <Item ItemSignName="TellerName"
      		ItemDesc="柜员名称"
      		ElemName="TellerName"
      		AsciiFlag="yes"
      		DecLocale="0"
      		FixFlag="no"
      		ItemAdj=""
      		ItemFill=""
      		LenDataFlag="no"
      		LengthBytes=""
      		LengthDlmt="">
        <LengthExpr><![CDATA[]]></LengthExpr>
        <LenDataParseExpr><![CDATA[]]></LenDataParseExpr>
        <LenDataBuildExpr><![CDATA[]]></LenDataBuildExpr>
        <ParseExpr><![CDATA[]]></ParseExpr>
        <BuildExpr><![CDATA[]]></BuildExpr>
      </Item>
      <Item ItemSignName="PINFLAG"
      		ItemDesc="是否检查密码标志"
      		ElemName="PINFLAG"
      		AsciiFlag="yes"
      		DecLocale="0"
      		FixFlag="no"
      		ItemAdj=""
      		ItemFill=""
      		LenDataFlag="no"
      		LengthBytes=""
      		LengthDlmt="">
        <LengthExpr><![CDATA[]]></LengthExpr>
        <LenDataParseExpr><![CDATA[]]></LenDataParseExpr>
        <LenDataBuildExpr><![CDATA[]]></LenDataBuildExpr>
        <ParseExpr><![CDATA[]]></ParseExpr>
        <BuildExpr><![CDATA[]]></BuildExpr>
      </Item>
      <Item ItemSignName="PIN"
      		ItemDesc="密码"
      		ElemName="PIN"
      		AsciiFlag="yes"
      		DecLocale="0"
      		FixFlag="no"
      		ItemAdj=""
      		ItemFill=""
      		LenDataFlag="no"
      		LengthBytes=""
      		LengthDlmt="">
        <LengthExpr><![CDATA[]]></LengthExpr>
        <LenDataParseExpr><![CDATA[]]></LenDataParseExpr>
        <LenDataBuildExpr><![CDATA[]]></LenDataBuildExpr>
        <ParseExpr><![CDATA[]]></ParseExpr>
        <BuildExpr><![CDATA[]]></BuildExpr>
      </Item>
      <Item ItemSignName="CARDNO"
      		ItemDesc="卡号"
      		ElemName="CARDNO"
      		AsciiFlag="yes"
      		DecLocale="0"
      		FixFlag="no"
      		ItemAdj=""
      		ItemFill=""
      		LenDataFlag="no"
      		LengthBytes=""
      		LengthDlmt="">
        <LengthExpr><![CDATA[]]></LengthExpr>
        <LenDataParseExpr><![CDATA[]]></LenDataParseExpr>
        <LenDataBuildExpr><![CDATA[]]></LenDataBuildExpr>
        <ParseExpr><![CDATA[]]></ParseExpr>
        <BuildExpr><![CDATA[]]></BuildExpr>
      </Item>
      <Item ItemSignName="TranDateTime"
      		ItemDesc="终端方日期时间"
      		ElemName="TranDateTime"
      		AsciiFlag="yes"
      		DecLocale="0"
      		FixFlag="no"
      		ItemAdj=""
      		ItemFill=""
      		LenDataFlag="no"
      		LengthBytes=""
      		LengthDlmt="">
        <LengthExpr><![CDATA[]]></LengthExpr>
        <LenDataParseExpr><![CDATA[]]></LenDataParseExpr>
        <LenDataBuildExpr><![CDATA[]]></LenDataBuildExpr>
        <ParseExpr><![CDATA[]]></ParseExpr>
        <BuildExpr><![CDATA[]]></BuildExpr>
      </Item>
    </ItemTab>
  </Sign>
  <Sign SignName="SIGN_CREDIT_CLI_030517_Rsp"
  		SignDesc="按卡号查询卡资料信息响应报文"
  		SignType="sign_xhttp"
  		CtrlType="ctrltype_tag"
  		LengthBytes="0"
  		LengthDlmt=""
  		SignDlmt="3e"
  		DataDlmt="3c2f3e3c"
  		ElemName="CREDIT_CLI_030517_Rsp">
    <LengthParseExpr><![CDATA[]]></LengthParseExpr>
    <LengthBuildExpr><![CDATA[]]></LengthBuildExpr>
    <NodeClass Name="未分类"
    		Desc="未分类"/>
    <ItemTab RecNum="38">
      <Item ItemSignName="TermId"
      		ItemDesc="终端号"
      		ElemName="TermId"
      		AsciiFlag="yes"
      		DecLocale="0"
      		FixFlag="no"
      		ItemAdj=""
      		ItemFill=""
      		LenDataFlag="no"
      		LengthBytes=""
      		LengthDlmt="">
        <LengthExpr><![CDATA[]]></LengthExpr>
        <LenDataParseExpr><![CDATA[]]></LenDataParseExpr>
        <LenDataBuildExpr><![CDATA[]]></LenDataBuildExpr>
        <ParseExpr><![CDATA[]]></ParseExpr>
        <BuildExpr><![CDATA[]]></BuildExpr>
      </Item>
      <Item ItemSignName="TermSeq"
      		ItemDesc="终端流水号"
      		ElemName="TermSeq"
      		AsciiFlag="yes"
      		DecLocale="0"
      		FixFlag="no"
      		ItemAdj=""
      		ItemFill=""
      		LenDataFlag="no"
      		LengthBytes=""
      		LengthDlmt="">
        <LengthExpr><![CDATA[]]></LengthExpr>
        <LenDataParseExpr><![CDATA[]]></LenDataParseExpr>
        <LenDataBuildExpr><![CDATA[]]></LenDataBuildExpr>
        <ParseExpr><![CDATA[]]></ParseExpr>
        <BuildExpr><![CDATA[]]></BuildExpr>
      </Item>
      <Item ItemSignName="TranName"
      		ItemDesc="交易名称"
      		ElemName="TranName"
      		AsciiFlag="yes"
      		DecLocale="0"
      		FixFlag="no"
      		ItemAdj=""
      		ItemFill=""
      		LenDataFlag="no"
      		LengthBytes=""
      		LengthDlmt="">
        <LengthExpr><![CDATA[]]></LengthExpr>
        <LenDataParseExpr><![CDATA[]]></LenDataParseExpr>
        <LenDataBuildExpr><![CDATA[]]></LenDataBuildExpr>
        <ParseExpr><![CDATA[]]></ParseExpr>
        <BuildExpr><![CDATA[]]></BuildExpr>
      </Item>
      <Item ItemSignName="Brc"
      		ItemDesc="机构码"
      		ElemName="Brc"
      		AsciiFlag="yes"
      		DecLocale="0"
      		FixFlag="no"
      		ItemAdj=""
      		ItemFill=""
      		LenDataFlag="no"
      		LengthBytes=""
      		LengthDlmt="">
        <LengthExpr><![CDATA[]]></LengthExpr>
        <LenDataParseExpr><![CDATA[]]></LenDataParseExpr>
        <LenDataBuildExpr><![CDATA[]]></LenDataBuildExpr>
        <ParseExpr><![CDATA[]]></ParseExpr>
        <BuildExpr><![CDATA[]]></BuildExpr>
      </Item>
      <Item ItemSignName="BrcName0"
      		ItemDesc="交易机构名称"
      		ElemName="BrcName0"
      		AsciiFlag="yes"
      		DecLocale="0"
      		FixFlag="no"
      		ItemAdj=""
      		ItemFill=""
      		LenDataFlag="no"
      		LengthBytes=""
      		LengthDlmt="">
        <LengthExpr><![CDATA[]]></LengthExpr>
        <LenDataParseExpr><![CDATA[]]></LenDataParseExpr>
        <LenDataBuildExpr><![CDATA[]]></LenDataBuildExpr>
        <ParseExpr><![CDATA[]]></ParseExpr>
        <BuildExpr><![CDATA[]]></BuildExpr>
      </Item>
      <Item ItemSignName="Teller"
      		ItemDesc="交易柜员"
      		ElemName="Teller"
      		AsciiFlag="yes"
      		DecLocale="0"
      		FixFlag="no"
      		ItemAdj=""
      		ItemFill=""
      		LenDataFlag="no"
      		LengthBytes=""
      		LengthDlmt="">
        <LengthExpr><![CDATA[]]></LengthExpr>
        <LenDataParseExpr><![CDATA[]]></LenDataParseExpr>
        <LenDataBuildExpr><![CDATA[]]></LenDataBuildExpr>
        <ParseExpr><![CDATA[]]></ParseExpr>
        <BuildExpr><![CDATA[]]></BuildExpr>
      </Item>
      <Item ItemSignName="TellerName"
      		ItemDesc="柜员名称"
      		ElemName="TellerName"
      		AsciiFlag="yes"
      		DecLocale="0"
      		FixFlag="no"
      		ItemAdj=""
      		ItemFill=""
      		LenDataFlag="no"
      		LengthBytes=""
      		LengthDlmt="">
        <LengthExpr><![CDATA[]]></LengthExpr>
        <LenDataParseExpr><![CDATA[]]></LenDataParseExpr>
        <LenDataBuildExpr><![CDATA[]]></LenDataBuildExpr>
        <ParseExpr><![CDATA[]]></ParseExpr>
        <BuildExpr><![CDATA[]]></BuildExpr>
      </Item>
      <Item ItemSignName="ChannelId"
      		ItemDesc="交易来源"
      		ElemName="ChannelId"
      		AsciiFlag="yes"
      		DecLocale="0"
      		FixFlag="no"
      		ItemAdj=""
      		ItemFill=""
      		LenDataFlag="no"
      		LengthBytes=""
      		LengthDlmt="">
        <LengthExpr><![CDATA[]]></LengthExpr>
        <LenDataParseExpr><![CDATA[]]></LenDataParseExpr>
        <LenDataBuildExpr><![CDATA[]]></LenDataBuildExpr>
        <ParseExpr><![CDATA[]]></ParseExpr>
        <BuildExpr><![CDATA[]]></BuildExpr>
      </Item>
      <Item ItemSignName="RspCode"
      		ItemDesc="响应代码"
      		ElemName="RspCode"
      		AsciiFlag="yes"
      		DecLocale="0"
      		FixFlag="no"
      		ItemAdj=""
      		ItemFill=""
      		LenDataFlag="no"
      		LengthBytes=""
      		LengthDlmt="">
        <LengthExpr><![CDATA[]]></LengthExpr>
        <LenDataParseExpr><![CDATA[]]></LenDataParseExpr>
        <LenDataBuildExpr><![CDATA[]]></LenDataBuildExpr>
        <ParseExpr><![CDATA[]]></ParseExpr>
        <BuildExpr><![CDATA[]]></BuildExpr>
      </Item>
      <Item ItemSignName="RspMsg"
      		ItemDesc="响应信息"
      		ElemName="RspMsg"
      		AsciiFlag="yes"
      		DecLocale="0"
      		FixFlag="no"
      		ItemAdj=""
      		ItemFill=""
      		LenDataFlag="no"
      		LengthBytes=""
      		LengthDlmt="">
        <LengthExpr><![CDATA[]]></LengthExpr>
        <LenDataParseExpr><![CDATA[]]></LenDataParseExpr>
        <LenDataBuildExpr><![CDATA[]]></LenDataBuildExpr>
        <ParseExpr><![CDATA[]]></ParseExpr>
        <BuildExpr><![CDATA[]]></BuildExpr>
      </Item>
      <Item ItemSignName="FileName"
      		ItemDesc="文件名"
      		ElemName="FileName"
      		AsciiFlag="yes"
      		DecLocale="0"
      		FixFlag="no"
      		ItemAdj=""
      		ItemFill=""
      		LenDataFlag="no"
      		LengthBytes=""
      		LengthDlmt="">
        <LengthExpr><![CDATA[]]></LengthExpr>
        <LenDataParseExpr><![CDATA[]]></LenDataParseExpr>
        <LenDataBuildExpr><![CDATA[]]></LenDataBuildExpr>
        <ParseExpr><![CDATA[]]></ParseExpr>
        <BuildExpr><![CDATA[]]></BuildExpr>
      </Item>
      <Item ItemSignName="FileFlag"
      		ItemDesc="文件标识"
      		ElemName="FileFlag"
      		AsciiFlag="yes"
      		DecLocale="0"
      		FixFlag="no"
      		ItemAdj=""
      		ItemFill=""
      		LenDataFlag="no"
      		LengthBytes=""
      		LengthDlmt="">
        <LengthExpr><![CDATA[]]></LengthExpr>
        <LenDataParseExpr><![CDATA[]]></LenDataParseExpr>
        <LenDataBuildExpr><![CDATA[]]></LenDataBuildExpr>
        <ParseExpr><![CDATA[]]></ParseExpr>
        <BuildExpr><![CDATA[]]></BuildExpr>
      </Item>
      <Item ItemSignName="SerSeqNo"
      		ItemDesc="核心流水号"
      		ElemName="SerSeqNo"
      		AsciiFlag="yes"
      		DecLocale="0"
      		FixFlag="no"
      		ItemAdj=""
      		ItemFill=""
      		LenDataFlag="no"
      		LengthBytes=""
      		LengthDlmt="">
        <LengthExpr><![CDATA[]]></LengthExpr>
        <LenDataParseExpr><![CDATA[]]></LenDataParseExpr>
        <LenDataBuildExpr><![CDATA[]]></LenDataBuildExpr>
        <ParseExpr><![CDATA[]]></ParseExpr>
        <BuildExpr><![CDATA[]]></BuildExpr>
      </Item>
      <Item ItemSignName="Srvstan"
      		ItemDesc="流水号"
      		ElemName="Srvstan"
      		AsciiFlag="yes"
      		DecLocale="0"
      		FixFlag="no"
      		ItemAdj=""
      		ItemFill=""
      		LenDataFlag="no"
      		LengthBytes=""
      		LengthDlmt="">
        <LengthExpr><![CDATA[]]></LengthExpr>
        <LenDataParseExpr><![CDATA[]]></LenDataParseExpr>
        <LenDataBuildExpr><![CDATA[]]></LenDataBuildExpr>
        <ParseExpr><![CDATA[]]></ParseExpr>
        <BuildExpr><![CDATA[]]></BuildExpr>
      </Item>
      <Item ItemSignName="CARDNO"
      		ItemDesc="卡号"
      		ElemName="CARDNO"
      		AsciiFlag="yes"
      		DecLocale="0"
      		FixFlag="no"
      		ItemAdj=""
      		ItemFill=""
      		LenDataFlag="no"
      		LengthBytes=""
      		LengthDlmt="">
        <LengthExpr><![CDATA[]]></LengthExpr>
        <LenDataParseExpr><![CDATA[]]></LenDataParseExpr>
        <LenDataBuildExpr><![CDATA[]]></LenDataBuildExpr>
        <ParseExpr><![CDATA[]]></ParseExpr>
        <BuildExpr><![CDATA[]]></BuildExpr>
      </Item>
      <Item ItemSignName="KEYTYPE"
      		ItemDesc="证件类型"
      		ElemName="KEYTYPE"
      		AsciiFlag="yes"
      		DecLocale="0"
      		FixFlag="no"
      		ItemAdj=""
      		ItemFill=""
      		LenDataFlag="no"
      		LengthBytes=""
      		LengthDlmt="">
        <LengthExpr><![CDATA[]]></LengthExpr>
        <LenDataParseExpr><![CDATA[]]></LenDataParseExpr>
        <LenDataBuildExpr><![CDATA[]]></LenDataBuildExpr>
        <ParseExpr><![CDATA[]]></ParseExpr>
        <BuildExpr><![CDATA[]]></BuildExpr>
      </Item>
      <Item ItemSignName="CUSTID"
      		ItemDesc="证件号码"
      		ElemName="CUSTID"
      		AsciiFlag="yes"
      		DecLocale="0"
      		FixFlag="no"
      		ItemAdj=""
      		ItemFill=""
      		LenDataFlag="no"
      		LengthBytes=""
      		LengthDlmt="">
        <LengthExpr><![CDATA[]]></LengthExpr>
        <LenDataParseExpr><![CDATA[]]></LenDataParseExpr>
        <LenDataBuildExpr><![CDATA[]]></LenDataBuildExpr>
        <ParseExpr><![CDATA[]]></ParseExpr>
        <BuildExpr><![CDATA[]]></BuildExpr>
      </Item>
      <Item ItemSignName="NAME"
      		ItemDesc="持卡人姓名"
      		ElemName="NAME"
      		AsciiFlag="yes"
      		DecLocale="0"
      		FixFlag="no"
      		ItemAdj=""
      		ItemFill=""
      		LenDataFlag="no"
      		LengthBytes=""
      		LengthDlmt="">
        <LengthExpr><![CDATA[]]></LengthExpr>
        <LenDataParseExpr><![CDATA[]]></LenDataParseExpr>
        <LenDataBuildExpr><![CDATA[]]></LenDataBuildExpr>
        <ParseExpr><![CDATA[]]></ParseExpr>
        <BuildExpr><![CDATA[]]></BuildExpr>
      </Item>
      <Item ItemSignName="EMBNAME"
      		ItemDesc="凸字姓名"
      		ElemName="EMBNAME"
      		AsciiFlag="yes"
      		DecLocale="0"
      		FixFlag="no"
      		ItemAdj=""
      		ItemFill=""
      		LenDataFlag="no"
      		LengthBytes=""
      		LengthDlmt="">
        <LengthExpr><![CDATA[]]></LengthExpr>
        <LenDataParseExpr><![CDATA[]]></LenDataParseExpr>
        <LenDataBuildExpr><![CDATA[]]></LenDataBuildExpr>
        <ParseExpr><![CDATA[]]></ParseExpr>
        <BuildExpr><![CDATA[]]></BuildExpr>
      </Item>
      <Item ItemSignName="OPENDATE"
      		ItemDesc="开卡日期"
      		ElemName="OPENDATE"
      		AsciiFlag="yes"
      		DecLocale="0"
      		FixFlag="no"
      		ItemAdj=""
      		ItemFill=""
      		LenDataFlag="no"
      		LengthBytes=""
      		LengthDlmt="">
        <LengthExpr><![CDATA[]]></LengthExpr>
        <LenDataParseExpr><![CDATA[]]></LenDataParseExpr>
        <LenDataBuildExpr><![CDATA[]]></LenDataBuildExpr>
        <ParseExpr><![CDATA[]]></ParseExpr>
        <BuildExpr><![CDATA[]]></BuildExpr>
      </Item>
      <Item ItemSignName="CRDLIMT"
      		ItemDesc="信用额度"
      		ElemName="CRDLIMT"
      		AsciiFlag="yes"
      		DecLocale="0"
      		FixFlag="no"
      		ItemAdj=""
      		ItemFill=""
      		LenDataFlag="no"
      		LengthBytes=""
      		LengthDlmt="">
        <LengthExpr><![CDATA[]]></LengthExpr>
        <LenDataParseExpr><![CDATA[]]></LenDataParseExpr>
        <LenDataBuildExpr><![CDATA[]]></LenDataBuildExpr>
        <ParseExpr><![CDATA[]]></ParseExpr>
        <BuildExpr><![CDATA[]]></BuildExpr>
      </Item>
      <Item ItemSignName="AVLIMT"
      		ItemDesc="可用额度"
      		ElemName="AVLIMT"
      		AsciiFlag="yes"
      		DecLocale="0"
      		FixFlag="no"
      		ItemAdj=""
      		ItemFill=""
      		LenDataFlag="no"
      		LengthBytes=""
      		LengthDlmt="">
        <LengthExpr><![CDATA[]]></LengthExpr>
        <LenDataParseExpr><![CDATA[]]></LenDataParseExpr>
        <LenDataBuildExpr><![CDATA[]]></LenDataBuildExpr>
        <ParseExpr><![CDATA[]]></ParseExpr>
        <BuildExpr><![CDATA[]]></BuildExpr>
      </Item>
      <Item ItemSignName="CARDSTAT"
      		ItemDesc="卡片状态"
      		ElemName="CARDSTAT"
      		AsciiFlag="yes"
      		DecLocale="0"
      		FixFlag="no"
      		ItemAdj=""
      		ItemFill=""
      		LenDataFlag="no"
      		LengthBytes=""
      		LengthDlmt="">
        <LengthExpr><![CDATA[]]></LengthExpr>
        <LenDataParseExpr><![CDATA[]]></LenDataParseExpr>
        <LenDataBuildExpr><![CDATA[]]></LenDataBuildExpr>
        <ParseExpr><![CDATA[]]></ParseExpr>
        <BuildExpr><![CDATA[]]></BuildExpr>
      </Item>
      <Item ItemSignName="MAFLAG"
      		ItemDesc="主附卡标志"
      		ElemName="MAFLAG"
      		AsciiFlag="yes"
      		DecLocale="0"
      		FixFlag="no"
      		ItemAdj=""
      		ItemFill=""
      		LenDataFlag="no"
      		LengthBytes=""
      		LengthDlmt="">
        <LengthExpr><![CDATA[]]></LengthExpr>
        <LenDataParseExpr><![CDATA[]]></LenDataParseExpr>
        <LenDataBuildExpr><![CDATA[]]></LenDataBuildExpr>
        <ParseExpr><![CDATA[]]></ParseExpr>
        <BuildExpr><![CDATA[]]></BuildExpr>
      </Item>
      <Item ItemSignName="LMTOPT"
      		ItemDesc="附卡额度设置方式"
      		ElemName="LMTOPT"
      		AsciiFlag="yes"
      		DecLocale="0"
      		FixFlag="no"
      		ItemAdj=""
      		ItemFill=""
      		LenDataFlag="no"
      		LengthBytes=""
      		LengthDlmt="">
        <LengthExpr><![CDATA[]]></LengthExpr>
        <LenDataParseExpr><![CDATA[]]></LenDataParseExpr>
        <LenDataBuildExpr><![CDATA[]]></LenDataBuildExpr>
        <ParseExpr><![CDATA[]]></ParseExpr>
        <BuildExpr><![CDATA[]]></BuildExpr>
      </Item>
      <Item ItemSignName="EXPIRE"
      		ItemDesc="卡片有效期"
      		ElemName="EXPIRE"
      		AsciiFlag="yes"
      		DecLocale="0"
      		FixFlag="no"
      		ItemAdj=""
      		ItemFill=""
      		LenDataFlag="no"
      		LengthBytes=""
      		LengthDlmt="">
        <LengthExpr><![CDATA[]]></LengthExpr>
        <LenDataParseExpr><![CDATA[]]></LenDataParseExpr>
        <LenDataBuildExpr><![CDATA[]]></LenDataBuildExpr>
        <ParseExpr><![CDATA[]]></ParseExpr>
        <BuildExpr><![CDATA[]]></BuildExpr>
      </Item>
      <Item ItemSignName="PRODDESC"
      		ItemDesc="最高产品描述/卡片种类描述"
      		ElemName="PRODDESC"
      		AsciiFlag="yes"
      		DecLocale="0"
      		FixFlag="no"
      		ItemAdj=""
      		ItemFill=""
      		LenDataFlag="no"
      		LengthBytes=""
      		LengthDlmt="">
        <LengthExpr><![CDATA[]]></LengthExpr>
        <LenDataParseExpr><![CDATA[]]></LenDataParseExpr>
        <LenDataBuildExpr><![CDATA[]]></LenDataBuildExpr>
        <ParseExpr><![CDATA[]]></ParseExpr>
        <BuildExpr><![CDATA[]]></BuildExpr>
      </Item>
      <Item ItemSignName="PINCHK"
      		ItemDesc="消费是否使用密码"
      		ElemName="PINCHK"
      		AsciiFlag="yes"
      		DecLocale="0"
      		FixFlag="no"
      		ItemAdj=""
      		ItemFill=""
      		LenDataFlag="no"
      		LengthBytes=""
      		LengthDlmt="">
        <LengthExpr><![CDATA[]]></LengthExpr>
        <LenDataParseExpr><![CDATA[]]></LenDataParseExpr>
        <LenDataBuildExpr><![CDATA[]]></LenDataBuildExpr>
        <ParseExpr><![CDATA[]]></ParseExpr>
        <BuildExpr><![CDATA[]]></BuildExpr>
      </Item>
      <Item ItemSignName="WITHDRW"
      		ItemDesc="是否开通取现功能"
      		ElemName="WITHDRW"
      		AsciiFlag="yes"
      		DecLocale="0"
      		FixFlag="no"
      		ItemAdj=""
      		ItemFill=""
      		LenDataFlag="no"
      		LengthBytes=""
      		LengthDlmt="">
        <LengthExpr><![CDATA[]]></LengthExpr>
        <LenDataParseExpr><![CDATA[]]></LenDataParseExpr>
        <LenDataBuildExpr><![CDATA[]]></LenDataBuildExpr>
        <ParseExpr><![CDATA[]]></ParseExpr>
        <BuildExpr><![CDATA[]]></BuildExpr>
      </Item>
      <Item ItemSignName="PBFLAG"
      		ItemDesc="个人卡标志"
      		ElemName="PBFLAG"
      		AsciiFlag="yes"
      		DecLocale="0"
      		FixFlag="no"
      		ItemAdj=""
      		ItemFill=""
      		LenDataFlag="no"
      		LengthBytes=""
      		LengthDlmt="">
        <LengthExpr><![CDATA[]]></LengthExpr>
        <LenDataParseExpr><![CDATA[]]></LenDataParseExpr>
        <LenDataBuildExpr><![CDATA[]]></LenDataBuildExpr>
        <ParseExpr><![CDATA[]]></ParseExpr>
        <BuildExpr><![CDATA[]]></BuildExpr>
      </Item>
      <Item ItemSignName="FEECODE"
      		ItemDesc="年费代码"
      		ElemName="FEECODE"
      		AsciiFlag="yes"
      		DecLocale="0"
      		FixFlag="no"
      		ItemAdj=""
      		ItemFill=""
      		LenDataFlag="no"
      		LengthBytes=""
      		LengthDlmt="">
        <LengthExpr><![CDATA[]]></LengthExpr>
        <LenDataParseExpr><![CDATA[]]></LenDataParseExpr>
        <LenDataBuildExpr><![CDATA[]]></LenDataBuildExpr>
        <ParseExpr><![CDATA[]]></ParseExpr>
        <BuildExpr><![CDATA[]]></BuildExpr>
      </Item>
      <Item ItemSignName="PINFAILD"
      		ItemDesc="当日密码错误次数"
      		ElemName="PINFAILD"
      		AsciiFlag="yes"
      		DecLocale="0"
      		FixFlag="no"
      		ItemAdj=""
      		ItemFill=""
      		LenDataFlag="no"
      		LengthBytes=""
      		LengthDlmt="">
        <LengthExpr><![CDATA[]]></LengthExpr>
        <LenDataParseExpr><![CDATA[]]></LenDataParseExpr>
        <LenDataBuildExpr><![CDATA[]]></LenDataBuildExpr>
        <ParseExpr><![CDATA[]]></ParseExpr>
        <BuildExpr><![CDATA[]]></BuildExpr>
      </Item>
      <Item ItemSignName="PINFAILT"
      		ItemDesc="累计密码错误次数"
      		ElemName="PINFAILT"
      		AsciiFlag="yes"
      		DecLocale="0"
      		FixFlag="no"
      		ItemAdj=""
      		ItemFill=""
      		LenDataFlag="no"
      		LengthBytes=""
      		LengthDlmt="">
        <LengthExpr><![CDATA[]]></LengthExpr>
        <LenDataParseExpr><![CDATA[]]></LenDataParseExpr>
        <LenDataBuildExpr><![CDATA[]]></LenDataBuildExpr>
        <ParseExpr><![CDATA[]]></ParseExpr>
        <BuildExpr><![CDATA[]]></BuildExpr>
      </Item>
      <Item ItemSignName="PINSTS"
      		ItemDesc="卡锁定状态"
      		ElemName="PINSTS"
      		AsciiFlag="yes"
      		DecLocale="0"
      		FixFlag="no"
      		ItemAdj=""
      		ItemFill=""
      		LenDataFlag="no"
      		LengthBytes=""
      		LengthDlmt="">
        <LengthExpr><![CDATA[]]></LengthExpr>
        <LenDataParseExpr><![CDATA[]]></LenDataParseExpr>
        <LenDataBuildExpr><![CDATA[]]></LenDataBuildExpr>
        <ParseExpr><![CDATA[]]></ParseExpr>
        <BuildExpr><![CDATA[]]></BuildExpr>
      </Item>
      <Item ItemSignName="ACTIVDAY"
      		ItemDesc="卡片激活日期"
      		ElemName="ACTIVDAY"
      		AsciiFlag="yes"
      		DecLocale="0"
      		FixFlag="no"
      		ItemAdj=""
      		ItemFill=""
      		LenDataFlag="no"
      		LengthBytes=""
      		LengthDlmt="">
        <LengthExpr><![CDATA[]]></LengthExpr>
        <LenDataParseExpr><![CDATA[]]></LenDataParseExpr>
        <LenDataBuildExpr><![CDATA[]]></LenDataBuildExpr>
        <ParseExpr><![CDATA[]]></ParseExpr>
        <BuildExpr><![CDATA[]]></BuildExpr>
      </Item>
      <Item ItemSignName="ORIACTIVDAY"
      		ItemDesc="卡片原始激活日期"
      		ElemName="ORIACTIVDAY"
      		AsciiFlag="yes"
      		DecLocale="0"
      		FixFlag="no"
      		ItemAdj=""
      		ItemFill=""
      		LenDataFlag="no"
      		LengthBytes=""
      		LengthDlmt="">
        <LengthExpr><![CDATA[]]></LengthExpr>
        <LenDataParseExpr><![CDATA[]]></LenDataParseExpr>
        <LenDataBuildExpr><![CDATA[]]></LenDataBuildExpr>
        <ParseExpr><![CDATA[]]></ParseExpr>
        <BuildExpr><![CDATA[]]></BuildExpr>
      </Item>
      <Item ItemSignName="CANCLREAS"
      		ItemDesc="销卡原因代码"
      		ElemName="CANCLREAS"
      		AsciiFlag="yes"
      		DecLocale="0"
      		FixFlag="no"
      		ItemAdj=""
      		ItemFill=""
      		LenDataFlag="no"
      		LengthBytes=""
      		LengthDlmt="">
        <LengthExpr><![CDATA[]]></LengthExpr>
        <LenDataParseExpr><![CDATA[]]></LenDataParseExpr>
        <LenDataBuildExpr><![CDATA[]]></LenDataBuildExpr>
        <ParseExpr><![CDATA[]]></ParseExpr>
        <BuildExpr><![CDATA[]]></BuildExpr>
      </Item>
      <Item ItemSignName="TranDate"
      		ItemDesc="交易日期"
      		ElemName="TranDate"
      		AsciiFlag="yes"
      		DecLocale="0"
      		FixFlag="no"
      		ItemAdj=""
      		ItemFill=""
      		LenDataFlag="no"
      		LengthBytes=""
      		LengthDlmt="">
        <LengthExpr><![CDATA[]]></LengthExpr>
        <LenDataParseExpr><![CDATA[]]></LenDataParseExpr>
        <LenDataBuildExpr><![CDATA[]]></LenDataBuildExpr>
        <ParseExpr><![CDATA[]]></ParseExpr>
        <BuildExpr><![CDATA[]]></BuildExpr>
      </Item>
    </ItemTab>
  </Sign>
  <Sign SignName="SIGN_CREDIT_CLI_030105_Req"
  		SignDesc="消费请求报文"
  		SignType="sign_xhttp"
  		CtrlType="ctrltype_tag"
  		LengthBytes="0"
  		LengthDlmt=""
  		SignDlmt="3e"
  		DataDlmt="3c2f3e3c"
  		ElemName="CREDIT_CLI_030105_Req">
    <LengthParseExpr><![CDATA[]]></LengthParseExpr>
    <LengthBuildExpr><![CDATA[]]></LengthBuildExpr>
    <NodeClass Name="未分类"
    		Desc="未分类"/>
    <ItemTab RecNum="28">
      <Item ItemSignName="TermId"
      		ItemDesc="终端号"
      		ElemName="TermId"
      		AsciiFlag="yes"
      		DecLocale="0"
      		FixFlag="no"
      		ItemAdj=""
      		ItemFill=""
      		LenDataFlag="no"
      		LengthBytes=""
      		LengthDlmt="">
        <LengthExpr><![CDATA[]]></LengthExpr>
        <LenDataParseExpr><![CDATA[]]></LenDataParseExpr>
        <LenDataBuildExpr><![CDATA[]]></LenDataBuildExpr>
        <ParseExpr><![CDATA[]]></ParseExpr>
        <BuildExpr><![CDATA[]]></BuildExpr>
      </Item>
      <Item ItemSignName="TermSeq"
      		ItemDesc="终端流水号"
      		ElemName="TermSeq"
      		AsciiFlag="yes"
      		DecLocale="0"
      		FixFlag="no"
      		ItemAdj=""
      		ItemFill=""
      		LenDataFlag="no"
      		LengthBytes=""
      		LengthDlmt="">
        <LengthExpr><![CDATA[]]></LengthExpr>
        <LenDataParseExpr><![CDATA[]]></LenDataParseExpr>
        <LenDataBuildExpr><![CDATA[]]></LenDataBuildExpr>
        <ParseExpr><![CDATA[]]></ParseExpr>
        <BuildExpr><![CDATA[]]></BuildExpr>
      </Item>
      <Item ItemSignName="TranName"
      		ItemDesc="交易名称"
      		ElemName="TranName"
      		AsciiFlag="yes"
      		DecLocale="0"
      		FixFlag="no"
      		ItemAdj=""
      		ItemFill=""
      		LenDataFlag="no"
      		LengthBytes=""
      		LengthDlmt="">
        <LengthExpr><![CDATA[]]></LengthExpr>
        <LenDataParseExpr><![CDATA[]]></LenDataParseExpr>
        <LenDataBuildExpr><![CDATA[]]></LenDataBuildExpr>
        <ParseExpr><![CDATA[]]></ParseExpr>
        <BuildExpr><![CDATA[]]></BuildExpr>
      </Item>
      <Item ItemSignName="Brc"
      		ItemDesc="机构码"
      		ElemName="Brc"
      		AsciiFlag="yes"
      		DecLocale="0"
      		FixFlag="no"
      		ItemAdj=""
      		ItemFill=""
      		LenDataFlag="no"
      		LengthBytes=""
      		LengthDlmt="">
        <LengthExpr><![CDATA[]]></LengthExpr>
        <LenDataParseExpr><![CDATA[]]></LenDataParseExpr>
        <LenDataBuildExpr><![CDATA[]]></LenDataBuildExpr>
        <ParseExpr><![CDATA[]]></ParseExpr>
        <BuildExpr><![CDATA[]]></BuildExpr>
      </Item>
      <Item ItemSignName="BrcName0"
      		ItemDesc="交易机构名称"
      		ElemName="BrcName0"
      		AsciiFlag="yes"
      		DecLocale="0"
      		FixFlag="no"
      		ItemAdj=""
      		ItemFill=""
      		LenDataFlag="no"
      		LengthBytes=""
      		LengthDlmt="">
        <LengthExpr><![CDATA[]]></LengthExpr>
        <LenDataParseExpr><![CDATA[]]></LenDataParseExpr>
        <LenDataBuildExpr><![CDATA[]]></LenDataBuildExpr>
        <ParseExpr><![CDATA[]]></ParseExpr>
        <BuildExpr><![CDATA[]]></BuildExpr>
      </Item>
      <Item ItemSignName="Teller"
      		ItemDesc="交易柜员"
      		ElemName="Teller"
      		AsciiFlag="yes"
      		DecLocale="0"
      		FixFlag="no"
      		ItemAdj=""
      		ItemFill=""
      		LenDataFlag="no"
      		LengthBytes=""
      		LengthDlmt="">
        <LengthExpr><![CDATA[]]></LengthExpr>
        <LenDataParseExpr><![CDATA[]]></LenDataParseExpr>
        <LenDataBuildExpr><![CDATA[]]></LenDataBuildExpr>
        <ParseExpr><![CDATA[]]></ParseExpr>
        <BuildExpr><![CDATA[]]></BuildExpr>
      </Item>
      <Item ItemSignName="TellerName"
      		ItemDesc="柜员名称"
      		ElemName="TellerName"
      		AsciiFlag="yes"
      		DecLocale="0"
      		FixFlag="no"
      		ItemAdj=""
      		ItemFill=""
      		LenDataFlag="no"
      		LengthBytes=""
      		LengthDlmt="">
        <LengthExpr><![CDATA[]]></LengthExpr>
        <LenDataParseExpr><![CDATA[]]></LenDataParseExpr>
        <LenDataBuildExpr><![CDATA[]]></LenDataBuildExpr>
        <ParseExpr><![CDATA[]]></ParseExpr>
        <BuildExpr><![CDATA[]]></BuildExpr>
      </Item>
      <Item ItemSignName="TranCode"
      		ItemDesc="交易码"
      		ElemName="TranCode"
      		AsciiFlag="yes"
      		DecLocale="0"
      		FixFlag="no"
      		ItemAdj=""
      		ItemFill=""
      		LenDataFlag="no"
      		LengthBytes=""
      		LengthDlmt="">
        <LengthExpr><![CDATA[]]></LengthExpr>
        <LenDataParseExpr><![CDATA[]]></LenDataParseExpr>
        <LenDataBuildExpr><![CDATA[]]></LenDataBuildExpr>
        <ParseExpr><![CDATA[]]></ParseExpr>
        <BuildExpr><![CDATA[]]></BuildExpr>
      </Item>
      <Item ItemSignName="TrsAmt"
      		ItemDesc="是否检查密码标志"
      		ElemName="TrsAmt"
      		AsciiFlag="yes"
      		DecLocale="0"
      		FixFlag="no"
      		ItemAdj=""
      		ItemFill=""
      		LenDataFlag="no"
      		LengthBytes=""
      		LengthDlmt="">
        <LengthExpr><![CDATA[]]></LengthExpr>
        <LenDataParseExpr><![CDATA[]]></LenDataParseExpr>
        <LenDataBuildExpr><![CDATA[]]></LenDataBuildExpr>
        <ParseExpr><![CDATA[]]></ParseExpr>
        <BuildExpr><![CDATA[]]></BuildExpr>
      </Item>
      <Item ItemSignName="CardNo"
      		ItemDesc="账(卡)号"
      		ElemName="CardNo"
      		AsciiFlag="yes"
      		DecLocale="0"
      		FixFlag="no"
      		ItemAdj=""
      		ItemFill=""
      		LenDataFlag="no"
      		LengthBytes=""
      		LengthDlmt="">
        <LengthExpr><![CDATA[]]></LengthExpr>
        <LenDataParseExpr><![CDATA[]]></LenDataParseExpr>
        <LenDataBuildExpr><![CDATA[]]></LenDataBuildExpr>
        <ParseExpr><![CDATA[]]></ParseExpr>
        <BuildExpr><![CDATA[]]></BuildExpr>
      </Item>
      <Item ItemSignName="DevType"
      		ItemDesc="密码"
      		ElemName="DevType"
      		AsciiFlag="yes"
      		DecLocale="0"
      		FixFlag="no"
      		ItemAdj=""
      		ItemFill=""
      		LenDataFlag="no"
      		LengthBytes=""
      		LengthDlmt="">
        <LengthExpr><![CDATA[]]></LengthExpr>
        <LenDataParseExpr><![CDATA[]]></LenDataParseExpr>
        <LenDataBuildExpr><![CDATA[]]></LenDataBuildExpr>
        <ParseExpr><![CDATA[]]></ParseExpr>
        <BuildExpr><![CDATA[]]></BuildExpr>
      </Item>
      <Item ItemSignName="CrdTranType"
      		ItemDesc="卡号"
      		ElemName="CrdTranType"
      		AsciiFlag="yes"
      		DecLocale="0"
      		FixFlag="no"
      		ItemAdj=""
      		ItemFill=""
      		LenDataFlag="no"
      		LengthBytes=""
      		LengthDlmt="">
        <LengthExpr><![CDATA[]]></LengthExpr>
        <LenDataParseExpr><![CDATA[]]></LenDataParseExpr>
        <LenDataBuildExpr><![CDATA[]]></LenDataBuildExpr>
        <ParseExpr><![CDATA[]]></ParseExpr>
        <BuildExpr><![CDATA[]]></BuildExpr>
      </Item>
      <Item ItemSignName="ChkTrkFlg"
      		ItemDesc="终端方日期时间"
      		ElemName="ChkTrkFlg"
      		AsciiFlag="yes"
      		DecLocale="0"
      		FixFlag="no"
      		ItemAdj=""
      		ItemFill=""
      		LenDataFlag="no"
      		LengthBytes=""
      		LengthDlmt="">
        <LengthExpr><![CDATA[]]></LengthExpr>
        <LenDataParseExpr><![CDATA[]]></LenDataParseExpr>
        <LenDataBuildExpr><![CDATA[]]></LenDataBuildExpr>
        <ParseExpr><![CDATA[]]></ParseExpr>
        <BuildExpr><![CDATA[]]></BuildExpr>
      </Item>
      <Item ItemSignName="Track2"
      		ItemDesc="第二磁道数据"
      		ElemName="Track2"
      		AsciiFlag="yes"
      		DecLocale="0"
      		FixFlag="no"
      		ItemAdj=""
      		ItemFill=""
      		LenDataFlag="no"
      		LengthBytes=""
      		LengthDlmt="">
        <LengthExpr><![CDATA[]]></LengthExpr>
        <LenDataParseExpr><![CDATA[]]></LenDataParseExpr>
        <LenDataBuildExpr><![CDATA[]]></LenDataBuildExpr>
        <ParseExpr><![CDATA[]]></ParseExpr>
        <BuildExpr><![CDATA[]]></BuildExpr>
      </Item>
      <Item ItemSignName="Track3"
      		ItemDesc="第三磁道数据"
      		ElemName="Track3"
      		AsciiFlag="yes"
      		DecLocale="0"
      		FixFlag="no"
      		ItemAdj=""
      		ItemFill=""
      		LenDataFlag="no"
      		LengthBytes=""
      		LengthDlmt="">
        <LengthExpr><![CDATA[]]></LengthExpr>
        <LenDataParseExpr><![CDATA[]]></LenDataParseExpr>
        <LenDataBuildExpr><![CDATA[]]></LenDataBuildExpr>
        <ParseExpr><![CDATA[]]></ParseExpr>
        <BuildExpr><![CDATA[]]></BuildExpr>
      </Item>
      <Item ItemSignName="Ccy"
      		ItemDesc="货币代码"
      		ElemName="Ccy"
      		AsciiFlag="yes"
      		DecLocale="0"
      		FixFlag="no"
      		ItemAdj=""
      		ItemFill=""
      		LenDataFlag="no"
      		LengthBytes=""
      		LengthDlmt="">
        <LengthExpr><![CDATA[]]></LengthExpr>
        <LenDataParseExpr><![CDATA[]]></LenDataParseExpr>
        <LenDataBuildExpr><![CDATA[]]></LenDataBuildExpr>
        <ParseExpr><![CDATA[]]></ParseExpr>
        <BuildExpr><![CDATA[]]></BuildExpr>
      </Item>
      <Item ItemSignName="Passwd"
      		ItemDesc="个人标识码PIN的密文"
      		ElemName="Passwd"
      		AsciiFlag="yes"
      		DecLocale="0"
      		FixFlag="no"
      		ItemAdj=""
      		ItemFill=""
      		LenDataFlag="no"
      		LengthBytes=""
      		LengthDlmt="">
        <LengthExpr><![CDATA[]]></LengthExpr>
        <LenDataParseExpr><![CDATA[]]></LenDataParseExpr>
        <LenDataBuildExpr><![CDATA[]]></LenDataBuildExpr>
        <ParseExpr><![CDATA[]]></ParseExpr>
        <BuildExpr><![CDATA[]]></BuildExpr>
      </Item>
      <Item ItemSignName="AcctName"
      		ItemDesc="户名"
      		ElemName="AcctName"
      		AsciiFlag="yes"
      		DecLocale="0"
      		FixFlag="no"
      		ItemAdj=""
      		ItemFill=""
      		LenDataFlag="no"
      		LengthBytes=""
      		LengthDlmt="">
        <LengthExpr><![CDATA[]]></LengthExpr>
        <LenDataParseExpr><![CDATA[]]></LenDataParseExpr>
        <LenDataBuildExpr><![CDATA[]]></LenDataBuildExpr>
        <ParseExpr><![CDATA[]]></ParseExpr>
        <BuildExpr><![CDATA[]]></BuildExpr>
      </Item>
      <Item ItemSignName="ProfitBrc"
      		ItemDesc="信用卡发卡机构"
      		ElemName="ProfitBrc"
      		AsciiFlag="yes"
      		DecLocale="0"
      		FixFlag="no"
      		ItemAdj=""
      		ItemFill=""
      		LenDataFlag="no"
      		LengthBytes=""
      		LengthDlmt="">
        <LengthExpr><![CDATA[]]></LengthExpr>
        <LenDataParseExpr><![CDATA[]]></LenDataParseExpr>
        <LenDataBuildExpr><![CDATA[]]></LenDataBuildExpr>
        <ParseExpr><![CDATA[]]></ParseExpr>
        <BuildExpr><![CDATA[]]></BuildExpr>
      </Item>
      <Item ItemSignName="TranDateTime"
      		ItemDesc="终端交易日期时间"
      		ElemName="TranDateTime"
      		AsciiFlag="yes"
      		DecLocale="0"
      		FixFlag="no"
      		ItemAdj=""
      		ItemFill=""
      		LenDataFlag="no"
      		LengthBytes=""
      		LengthDlmt="">
        <LengthExpr><![CDATA[]]></LengthExpr>
        <LenDataParseExpr><![CDATA[]]></LenDataParseExpr>
        <LenDataBuildExpr><![CDATA[]]></LenDataBuildExpr>
        <ParseExpr><![CDATA[]]></ParseExpr>
        <BuildExpr><![CDATA[]]></BuildExpr>
      </Item>
      <Item ItemSignName="F55"
      		ItemDesc="IC卡55域"
      		ElemName="F55"
      		AsciiFlag="yes"
      		DecLocale="0"
      		FixFlag="no"
      		ItemAdj=""
      		ItemFill=""
      		LenDataFlag="no"
      		LengthBytes=""
      		LengthDlmt="">
        <LengthExpr><![CDATA[]]></LengthExpr>
        <LenDataParseExpr><![CDATA[]]></LenDataParseExpr>
        <LenDataBuildExpr><![CDATA[]]></LenDataBuildExpr>
        <ParseExpr><![CDATA[]]></ParseExpr>
        <BuildExpr><![CDATA[]]></BuildExpr>
      </Item>
      <Item ItemSignName="CardSeqNo"
      		ItemDesc="卡序列号"
      		ElemName="CardSeqNo"
      		AsciiFlag="yes"
      		DecLocale="0"
      		FixFlag="no"
      		ItemAdj=""
      		ItemFill=""
      		LenDataFlag="no"
      		LengthBytes=""
      		LengthDlmt="">
        <LengthExpr><![CDATA[]]></LengthExpr>
        <LenDataParseExpr><![CDATA[]]></LenDataParseExpr>
        <LenDataBuildExpr><![CDATA[]]></LenDataBuildExpr>
        <ParseExpr><![CDATA[]]></ParseExpr>
        <BuildExpr><![CDATA[]]></BuildExpr>
      </Item>
      <Item ItemSignName="Brc2"
      		ItemDesc="消费挂账机构"
      		ElemName="Brc2"
      		AsciiFlag="yes"
      		DecLocale="0"
      		FixFlag="no"
      		ItemAdj=""
      		ItemFill=""
      		LenDataFlag="no"
      		LengthBytes=""
      		LengthDlmt="">
        <LengthExpr><![CDATA[]]></LengthExpr>
        <LenDataParseExpr><![CDATA[]]></LenDataParseExpr>
        <LenDataBuildExpr><![CDATA[]]></LenDataBuildExpr>
        <ParseExpr><![CDATA[]]></ParseExpr>
        <BuildExpr><![CDATA[]]></BuildExpr>
      </Item>
      <Item ItemSignName="MctMcc"
      		ItemDesc="商户类型"
      		ElemName="MctMcc"
      		AsciiFlag="yes"
      		DecLocale="0"
      		FixFlag="no"
      		ItemAdj=""
      		ItemFill=""
      		LenDataFlag="no"
      		LengthBytes=""
      		LengthDlmt="">
        <LengthExpr><![CDATA[]]></LengthExpr>
        <LenDataParseExpr><![CDATA[]]></LenDataParseExpr>
        <LenDataBuildExpr><![CDATA[]]></LenDataBuildExpr>
        <ParseExpr><![CDATA[]]></ParseExpr>
        <BuildExpr><![CDATA[]]></BuildExpr>
      </Item>
      <Item ItemSignName="Mid"
      		ItemDesc="受卡方标识码|受理商户标识"
      		ElemName="Mid"
      		AsciiFlag="yes"
      		DecLocale="0"
      		FixFlag="no"
      		ItemAdj=""
      		ItemFill=""
      		LenDataFlag="no"
      		LengthBytes=""
      		LengthDlmt="">
        <LengthExpr><![CDATA[]]></LengthExpr>
        <LenDataParseExpr><![CDATA[]]></LenDataParseExpr>
        <LenDataBuildExpr><![CDATA[]]></LenDataBuildExpr>
        <ParseExpr><![CDATA[]]></ParseExpr>
        <BuildExpr><![CDATA[]]></BuildExpr>
      </Item>
      <Item ItemSignName="AccptNameAddr"
      		ItemDesc="受卡方名称地址|受理商户名称"
      		ElemName="AccptNameAddr"
      		AsciiFlag="yes"
      		DecLocale="0"
      		FixFlag="no"
      		ItemAdj=""
      		ItemFill=""
      		LenDataFlag="no"
      		LengthBytes=""
      		LengthDlmt="">
        <LengthExpr><![CDATA[]]></LengthExpr>
        <LenDataParseExpr><![CDATA[]]></LenDataParseExpr>
        <LenDataBuildExpr><![CDATA[]]></LenDataBuildExpr>
        <ParseExpr><![CDATA[]]></ParseExpr>
        <BuildExpr><![CDATA[]]></BuildExpr>
      </Item>
      <Item ItemSignName="GoodsNo"
      		ItemDesc="分期付款商品编号"
      		ElemName="GoodsNo"
      		AsciiFlag="yes"
      		DecLocale="0"
      		FixFlag="no"
      		ItemAdj=""
      		ItemFill=""
      		LenDataFlag="no"
      		LengthBytes=""
      		LengthDlmt="">
        <LengthExpr><![CDATA[]]></LengthExpr>
        <LenDataParseExpr><![CDATA[]]></LenDataParseExpr>
        <LenDataBuildExpr><![CDATA[]]></LenDataBuildExpr>
        <ParseExpr><![CDATA[]]></ParseExpr>
        <BuildExpr><![CDATA[]]></BuildExpr>
      </Item>
      <Item ItemSignName="POSCondCode"
      		ItemDesc="25域服务点条件码"
      		ElemName="POSCondCode"
      		AsciiFlag="yes"
      		DecLocale="0"
      		FixFlag="no"
      		ItemAdj=""
      		ItemFill=""
      		LenDataFlag="no"
      		LengthBytes=""
      		LengthDlmt="">
        <LengthExpr><![CDATA[]]></LengthExpr>
        <LenDataParseExpr><![CDATA[]]></LenDataParseExpr>
        <LenDataBuildExpr><![CDATA[]]></LenDataBuildExpr>
        <ParseExpr><![CDATA[]]></ParseExpr>
        <BuildExpr><![CDATA[]]></BuildExpr>
      </Item>
    </ItemTab>
  </Sign>
  <Sign SignName="SIGN_CREDIT_CLI_030105_Rsp"
  		SignDesc="消费响应报文"
  		SignType="sign_xhttp"
  		CtrlType="ctrltype_tag"
  		LengthBytes="0"
  		LengthDlmt=""
  		SignDlmt="3e"
  		DataDlmt="3c2f3e3c"
  		ElemName="CREDIT_CLI_030105_Rsp">
    <LengthParseExpr><![CDATA[]]></LengthParseExpr>
    <LengthBuildExpr><![CDATA[]]></LengthBuildExpr>
    <NodeClass Name="未分类"
    		Desc="未分类"/>
    <ItemTab RecNum="11">
      <Item ItemSignName="RspCode"
      		ItemDesc="响应代码"
      		ElemName="RspCode"
      		AsciiFlag="yes"
      		DecLocale="0"
      		FixFlag="no"
      		ItemAdj=""
      		ItemFill=""
      		LenDataFlag="no"
      		LengthBytes=""
      		LengthDlmt="">
        <LengthExpr><![CDATA[]]></LengthExpr>
        <LenDataParseExpr><![CDATA[]]></LenDataParseExpr>
        <LenDataBuildExpr><![CDATA[]]></LenDataBuildExpr>
        <ParseExpr><![CDATA[]]></ParseExpr>
        <BuildExpr><![CDATA[]]></BuildExpr>
      </Item>
      <Item ItemSignName="RspMsg"
      		ItemDesc="响应信息"
      		ElemName="RspMsg"
      		AsciiFlag="yes"
      		DecLocale="0"
      		FixFlag="no"
      		ItemAdj=""
      		ItemFill=""
      		LenDataFlag="no"
      		LengthBytes=""
      		LengthDlmt="">
        <LengthExpr><![CDATA[]]></LengthExpr>
        <LenDataParseExpr><![CDATA[]]></LenDataParseExpr>
        <LenDataBuildExpr><![CDATA[]]></LenDataBuildExpr>
        <ParseExpr><![CDATA[]]></ParseExpr>
        <BuildExpr><![CDATA[]]></BuildExpr>
      </Item>
      <Item ItemSignName="FileName"
      		ItemDesc="文件名"
      		ElemName="FileName"
      		AsciiFlag="yes"
      		DecLocale="0"
      		FixFlag="no"
      		ItemAdj=""
      		ItemFill=""
      		LenDataFlag="no"
      		LengthBytes=""
      		LengthDlmt="">
        <LengthExpr><![CDATA[]]></LengthExpr>
        <LenDataParseExpr><![CDATA[]]></LenDataParseExpr>
        <LenDataBuildExpr><![CDATA[]]></LenDataBuildExpr>
        <ParseExpr><![CDATA[]]></ParseExpr>
        <BuildExpr><![CDATA[]]></BuildExpr>
      </Item>
      <Item ItemSignName="FileFlag"
      		ItemDesc="文件标识"
      		ElemName="FileFlag"
      		AsciiFlag="yes"
      		DecLocale="0"
      		FixFlag="no"
      		ItemAdj=""
      		ItemFill=""
      		LenDataFlag="no"
      		LengthBytes=""
      		LengthDlmt="">
        <LengthExpr><![CDATA[]]></LengthExpr>
        <LenDataParseExpr><![CDATA[]]></LenDataParseExpr>
        <LenDataBuildExpr><![CDATA[]]></LenDataBuildExpr>
        <ParseExpr><![CDATA[]]></ParseExpr>
        <BuildExpr><![CDATA[]]></BuildExpr>
      </Item>
      <Item ItemSignName="SerSeqNo"
      		ItemDesc="核心流水号"
      		ElemName="SerSeqNo"
      		AsciiFlag="yes"
      		DecLocale="0"
      		FixFlag="no"
      		ItemAdj=""
      		ItemFill=""
      		LenDataFlag="no"
      		LengthBytes=""
      		LengthDlmt="">
        <LengthExpr><![CDATA[]]></LengthExpr>
        <LenDataParseExpr><![CDATA[]]></LenDataParseExpr>
        <LenDataBuildExpr><![CDATA[]]></LenDataBuildExpr>
        <ParseExpr><![CDATA[]]></ParseExpr>
        <BuildExpr><![CDATA[]]></BuildExpr>
      </Item>
      <Item ItemSignName="TranDate"
      		ItemDesc="核心记账日期"
      		ElemName="TranDate"
      		AsciiFlag="yes"
      		DecLocale="0"
      		FixFlag="no"
      		ItemAdj=""
      		ItemFill=""
      		LenDataFlag="no"
      		LengthBytes=""
      		LengthDlmt="">
        <LengthExpr><![CDATA[]]></LengthExpr>
        <LenDataParseExpr><![CDATA[]]></LenDataParseExpr>
        <LenDataBuildExpr><![CDATA[]]></LenDataBuildExpr>
        <ParseExpr><![CDATA[]]></ParseExpr>
        <BuildExpr><![CDATA[]]></BuildExpr>
      </Item>
      <Item ItemSignName="Srvstan"
      		ItemDesc="前置流水号"
      		ElemName="Srvstan"
      		AsciiFlag="yes"
      		DecLocale="0"
      		FixFlag="no"
      		ItemAdj=""
      		ItemFill=""
      		LenDataFlag="no"
      		LengthBytes=""
      		LengthDlmt="">
        <LengthExpr><![CDATA[]]></LengthExpr>
        <LenDataParseExpr><![CDATA[]]></LenDataParseExpr>
        <LenDataBuildExpr><![CDATA[]]></LenDataBuildExpr>
        <ParseExpr><![CDATA[]]></ParseExpr>
        <BuildExpr><![CDATA[]]></BuildExpr>
      </Item>
      <Item ItemSignName="AuthorizCode"
      		ItemDesc="终端流水号"
      		ElemName="AuthorizCode"
      		AsciiFlag="yes"
      		DecLocale="0"
      		FixFlag="no"
      		ItemAdj=""
      		ItemFill=""
      		LenDataFlag="no"
      		LengthBytes=""
      		LengthDlmt="">
        <LengthExpr><![CDATA[]]></LengthExpr>
        <LenDataParseExpr><![CDATA[]]></LenDataParseExpr>
        <LenDataBuildExpr><![CDATA[]]></LenDataBuildExpr>
        <ParseExpr><![CDATA[]]></ParseExpr>
        <BuildExpr><![CDATA[]]></BuildExpr>
      </Item>
      <Item ItemSignName="AcctNo2"
      		ItemDesc="交易名称"
      		ElemName="AcctNo2"
      		AsciiFlag="yes"
      		DecLocale="0"
      		FixFlag="no"
      		ItemAdj=""
      		ItemFill=""
      		LenDataFlag="no"
      		LengthBytes=""
      		LengthDlmt="">
        <LengthExpr><![CDATA[]]></LengthExpr>
        <LenDataParseExpr><![CDATA[]]></LenDataParseExpr>
        <LenDataBuildExpr><![CDATA[]]></LenDataBuildExpr>
        <ParseExpr><![CDATA[]]></ParseExpr>
        <BuildExpr><![CDATA[]]></BuildExpr>
      </Item>
      <Item ItemSignName="AcctName2"
      		ItemDesc="机构码"
      		ElemName="AcctName2"
      		AsciiFlag="yes"
      		DecLocale="0"
      		FixFlag="no"
      		ItemAdj=""
      		ItemFill=""
      		LenDataFlag="no"
      		LengthBytes=""
      		LengthDlmt="">
        <LengthExpr><![CDATA[]]></LengthExpr>
        <LenDataParseExpr><![CDATA[]]></LenDataParseExpr>
        <LenDataBuildExpr><![CDATA[]]></LenDataBuildExpr>
        <ParseExpr><![CDATA[]]></ParseExpr>
        <BuildExpr><![CDATA[]]></BuildExpr>
      </Item>
      <Item ItemSignName="SubSys2"
      		ItemDesc="交易机构名称"
      		ElemName="SubSys2"
      		AsciiFlag="yes"
      		DecLocale="0"
      		FixFlag="no"
      		ItemAdj=""
      		ItemFill=""
      		LenDataFlag="no"
      		LengthBytes=""
      		LengthDlmt="">
        <LengthExpr><![CDATA[]]></LengthExpr>
        <LenDataParseExpr><![CDATA[]]></LenDataParseExpr>
        <LenDataBuildExpr><![CDATA[]]></LenDataBuildExpr>
        <ParseExpr><![CDATA[]]></ParseExpr>
        <BuildExpr><![CDATA[]]></BuildExpr>
      </Item>
    </ItemTab>
  </Sign>
  <Sign SignName="SIGN_CREDIT_CLI_212006_Req"
  		SignDesc="消费冲正请求报文"
  		SignType="sign_xhttp"
  		CtrlType="ctrltype_tag"
  		LengthBytes="0"
  		LengthDlmt=""
  		SignDlmt="3e"
  		DataDlmt="3c2f3e3c"
  		ElemName="CREDIT_CLI_212006_Req">
    <LengthParseExpr><![CDATA[]]></LengthParseExpr>
    <LengthBuildExpr><![CDATA[]]></LengthBuildExpr>
    <NodeClass Name="未分类"
    		Desc="未分类"/>
    <ItemTab RecNum="12">
      <Item ItemSignName="TermId"
      		ItemDesc="终端号"
      		ElemName="TermId"
      		AsciiFlag="yes"
      		DecLocale="0"
      		FixFlag="no"
      		ItemAdj=""
      		ItemFill=""
      		LenDataFlag="no"
      		LengthBytes=""
      		LengthDlmt="">
        <LengthExpr><![CDATA[]]></LengthExpr>
        <LenDataParseExpr><![CDATA[]]></LenDataParseExpr>
        <LenDataBuildExpr><![CDATA[]]></LenDataBuildExpr>
        <ParseExpr><![CDATA[]]></ParseExpr>
        <BuildExpr><![CDATA[]]></BuildExpr>
      </Item>
      <Item ItemSignName="TermSeq"
      		ItemDesc="终端流水号"
      		ElemName="TermSeq"
      		AsciiFlag="yes"
      		DecLocale="0"
      		FixFlag="no"
      		ItemAdj=""
      		ItemFill=""
      		LenDataFlag="no"
      		LengthBytes=""
      		LengthDlmt="">
        <LengthExpr><![CDATA[]]></LengthExpr>
        <LenDataParseExpr><![CDATA[]]></LenDataParseExpr>
        <LenDataBuildExpr><![CDATA[]]></LenDataBuildExpr>
        <ParseExpr><![CDATA[]]></ParseExpr>
        <BuildExpr><![CDATA[]]></BuildExpr>
      </Item>
      <Item ItemSignName="TranName"
      		ItemDesc="交易名称"
      		ElemName="TranName"
      		AsciiFlag="yes"
      		DecLocale="0"
      		FixFlag="no"
      		ItemAdj=""
      		ItemFill=""
      		LenDataFlag="no"
      		LengthBytes=""
      		LengthDlmt="">
        <LengthExpr><![CDATA[]]></LengthExpr>
        <LenDataParseExpr><![CDATA[]]></LenDataParseExpr>
        <LenDataBuildExpr><![CDATA[]]></LenDataBuildExpr>
        <ParseExpr><![CDATA[]]></ParseExpr>
        <BuildExpr><![CDATA[]]></BuildExpr>
      </Item>
      <Item ItemSignName="Brc"
      		ItemDesc="机构码"
      		ElemName="Brc"
      		AsciiFlag="yes"
      		DecLocale="0"
      		FixFlag="no"
      		ItemAdj=""
      		ItemFill=""
      		LenDataFlag="no"
      		LengthBytes=""
      		LengthDlmt="">
        <LengthExpr><![CDATA[]]></LengthExpr>
        <LenDataParseExpr><![CDATA[]]></LenDataParseExpr>
        <LenDataBuildExpr><![CDATA[]]></LenDataBuildExpr>
        <ParseExpr><![CDATA[]]></ParseExpr>
        <BuildExpr><![CDATA[]]></BuildExpr>
      </Item>
      <Item ItemSignName="BrcName0"
      		ItemDesc="交易机构名称"
      		ElemName="BrcName0"
      		AsciiFlag="yes"
      		DecLocale="0"
      		FixFlag="no"
      		ItemAdj=""
      		ItemFill=""
      		LenDataFlag="no"
      		LengthBytes=""
      		LengthDlmt="">
        <LengthExpr><![CDATA[]]></LengthExpr>
        <LenDataParseExpr><![CDATA[]]></LenDataParseExpr>
        <LenDataBuildExpr><![CDATA[]]></LenDataBuildExpr>
        <ParseExpr><![CDATA[]]></ParseExpr>
        <BuildExpr><![CDATA[]]></BuildExpr>
      </Item>
      <Item ItemSignName="Teller"
      		ItemDesc="交易柜员"
      		ElemName="Teller"
      		AsciiFlag="yes"
      		DecLocale="0"
      		FixFlag="no"
      		ItemAdj=""
      		ItemFill=""
      		LenDataFlag="no"
      		LengthBytes=""
      		LengthDlmt="">
        <LengthExpr><![CDATA[]]></LengthExpr>
        <LenDataParseExpr><![CDATA[]]></LenDataParseExpr>
        <LenDataBuildExpr><![CDATA[]]></LenDataBuildExpr>
        <ParseExpr><![CDATA[]]></ParseExpr>
        <BuildExpr><![CDATA[]]></BuildExpr>
      </Item>
      <Item ItemSignName="TellerName"
      		ItemDesc="柜员名称"
      		ElemName="TellerName"
      		AsciiFlag="yes"
      		DecLocale="0"
      		FixFlag="no"
      		ItemAdj=""
      		ItemFill=""
      		LenDataFlag="no"
      		LengthBytes=""
      		LengthDlmt="">
        <LengthExpr><![CDATA[]]></LengthExpr>
        <LenDataParseExpr><![CDATA[]]></LenDataParseExpr>
        <LenDataBuildExpr><![CDATA[]]></LenDataBuildExpr>
        <ParseExpr><![CDATA[]]></ParseExpr>
        <BuildExpr><![CDATA[]]></BuildExpr>
      </Item>
      <Item ItemSignName="TranCode"
      		ItemDesc="交易码"
      		ElemName="TranCode"
      		AsciiFlag="yes"
      		DecLocale="0"
      		FixFlag="no"
      		ItemAdj=""
      		ItemFill=""
      		LenDataFlag="no"
      		LengthBytes=""
      		LengthDlmt="">
        <LengthExpr><![CDATA[]]></LengthExpr>
        <LenDataParseExpr><![CDATA[]]></LenDataParseExpr>
        <LenDataBuildExpr><![CDATA[]]></LenDataBuildExpr>
        <ParseExpr><![CDATA[]]></ParseExpr>
        <BuildExpr><![CDATA[]]></BuildExpr>
      </Item>
      <Item ItemSignName="CardNo"
      		ItemDesc="卡号"
      		ElemName="CardNo"
      		AsciiFlag="yes"
      		DecLocale="0"
      		FixFlag="no"
      		ItemAdj=""
      		ItemFill=""
      		LenDataFlag="no"
      		LengthBytes=""
      		LengthDlmt="">
        <LengthExpr><![CDATA[]]></LengthExpr>
        <LenDataParseExpr><![CDATA[]]></LenDataParseExpr>
        <LenDataBuildExpr><![CDATA[]]></LenDataBuildExpr>
        <ParseExpr><![CDATA[]]></ParseExpr>
        <BuildExpr><![CDATA[]]></BuildExpr>
      </Item>
      <Item ItemSignName="TrsAmt"
      		ItemDesc="原交易金额"
      		ElemName="TrsAmt"
      		AsciiFlag="yes"
      		DecLocale="0"
      		FixFlag="no"
      		ItemAdj=""
      		ItemFill=""
      		LenDataFlag="no"
      		LengthBytes=""
      		LengthDlmt="">
        <LengthExpr><![CDATA[]]></LengthExpr>
        <LenDataParseExpr><![CDATA[]]></LenDataParseExpr>
        <LenDataBuildExpr><![CDATA[]]></LenDataBuildExpr>
        <ParseExpr><![CDATA[]]></ParseExpr>
        <BuildExpr><![CDATA[]]></BuildExpr>
      </Item>
      <Item ItemSignName="OrgDateTime"
      		ItemDesc="原交易终端日期时间"
      		ElemName="OrgDateTime"
      		AsciiFlag="yes"
      		DecLocale="0"
      		FixFlag="no"
      		ItemAdj=""
      		ItemFill=""
      		LenDataFlag="no"
      		LengthBytes=""
      		LengthDlmt="">
        <LengthExpr><![CDATA[]]></LengthExpr>
        <LenDataParseExpr><![CDATA[]]></LenDataParseExpr>
        <LenDataBuildExpr><![CDATA[]]></LenDataBuildExpr>
        <ParseExpr><![CDATA[]]></ParseExpr>
        <BuildExpr><![CDATA[]]></BuildExpr>
      </Item>
      <Item ItemSignName="OrigDevStan"
      		ItemDesc="原交易终端流水号"
      		ElemName="OrigDevStan"
      		AsciiFlag="yes"
      		DecLocale="0"
      		FixFlag="no"
      		ItemAdj=""
      		ItemFill=""
      		LenDataFlag="no"
      		LengthBytes=""
      		LengthDlmt="">
        <LengthExpr><![CDATA[]]></LengthExpr>
        <LenDataParseExpr><![CDATA[]]></LenDataParseExpr>
        <LenDataBuildExpr><![CDATA[]]></LenDataBuildExpr>
        <ParseExpr><![CDATA[]]></ParseExpr>
        <BuildExpr><![CDATA[]]></BuildExpr>
      </Item>
    </ItemTab>
  </Sign>
  <Sign SignName="SIGN_CREDIT_CLI_212006_Rsp"
  		SignDesc="消费冲正响应报文"
  		SignType="sign_xhttp"
  		CtrlType="ctrltype_tag"
  		LengthBytes="0"
  		LengthDlmt=""
  		SignDlmt="3e"
  		DataDlmt="3c2f3e3c"
  		ElemName="CREDIT_CLI_212006_Rsp">
    <LengthParseExpr><![CDATA[]]></LengthParseExpr>
    <LengthBuildExpr><![CDATA[]]></LengthBuildExpr>
    <NodeClass Name="未分类"
    		Desc="未分类"/>
    <ItemTab RecNum="6">
      <Item ItemSignName="RspCode"
      		ItemDesc="响应代码"
      		ElemName="RspCode"
      		AsciiFlag="yes"
      		DecLocale="0"
      		FixFlag="no"
      		ItemAdj=""
      		ItemFill=""
      		LenDataFlag="no"
      		LengthBytes=""
      		LengthDlmt="">
        <LengthExpr><![CDATA[]]></LengthExpr>
        <LenDataParseExpr><![CDATA[]]></LenDataParseExpr>
        <LenDataBuildExpr><![CDATA[]]></LenDataBuildExpr>
        <ParseExpr><![CDATA[]]></ParseExpr>
        <BuildExpr><![CDATA[]]></BuildExpr>
      </Item>
      <Item ItemSignName="RspMsg"
      		ItemDesc="响应信息"
      		ElemName="RspMsg"
      		AsciiFlag="yes"
      		DecLocale="0"
      		FixFlag="no"
      		ItemAdj=""
      		ItemFill=""
      		LenDataFlag="no"
      		LengthBytes=""
      		LengthDlmt="">
        <LengthExpr><![CDATA[]]></LengthExpr>
        <LenDataParseExpr><![CDATA[]]></LenDataParseExpr>
        <LenDataBuildExpr><![CDATA[]]></LenDataBuildExpr>
        <ParseExpr><![CDATA[]]></ParseExpr>
        <BuildExpr><![CDATA[]]></BuildExpr>
      </Item>
      <Item ItemSignName="FileName"
      		ItemDesc="文件名"
      		ElemName="FileName"
      		AsciiFlag="yes"
      		DecLocale="0"
      		FixFlag="no"
      		ItemAdj=""
      		ItemFill=""
      		LenDataFlag="no"
      		LengthBytes=""
      		LengthDlmt="">
        <LengthExpr><![CDATA[]]></LengthExpr>
        <LenDataParseExpr><![CDATA[]]></LenDataParseExpr>
        <LenDataBuildExpr><![CDATA[]]></LenDataBuildExpr>
        <ParseExpr><![CDATA[]]></ParseExpr>
        <BuildExpr><![CDATA[]]></BuildExpr>
      </Item>
      <Item ItemSignName="FileFlag"
      		ItemDesc="文件标识"
      		ElemName="FileFlag"
      		AsciiFlag="yes"
      		DecLocale="0"
      		FixFlag="no"
      		ItemAdj=""
      		ItemFill=""
      		LenDataFlag="no"
      		LengthBytes=""
      		LengthDlmt="">
        <LengthExpr><![CDATA[]]></LengthExpr>
        <LenDataParseExpr><![CDATA[]]></LenDataParseExpr>
        <LenDataBuildExpr><![CDATA[]]></LenDataBuildExpr>
        <ParseExpr><![CDATA[]]></ParseExpr>
        <BuildExpr><![CDATA[]]></BuildExpr>
      </Item>
      <Item ItemSignName="SerSeqNo"
      		ItemDesc="核心流水号"
      		ElemName="SerSeqNo"
      		AsciiFlag="yes"
      		DecLocale="0"
      		FixFlag="no"
      		ItemAdj=""
      		ItemFill=""
      		LenDataFlag="no"
      		LengthBytes=""
      		LengthDlmt="">
        <LengthExpr><![CDATA[]]></LengthExpr>
        <LenDataParseExpr><![CDATA[]]></LenDataParseExpr>
        <LenDataBuildExpr><![CDATA[]]></LenDataBuildExpr>
        <ParseExpr><![CDATA[]]></ParseExpr>
        <BuildExpr><![CDATA[]]></BuildExpr>
      </Item>
      <Item ItemSignName="TranDate"
      		ItemDesc="核心记账日期"
      		ElemName="TranDate"
      		AsciiFlag="yes"
      		DecLocale="0"
      		FixFlag="no"
      		ItemAdj=""
      		ItemFill=""
      		LenDataFlag="no"
      		LengthBytes=""
      		LengthDlmt="">
        <LengthExpr><![CDATA[]]></LengthExpr>
        <LenDataParseExpr><![CDATA[]]></LenDataParseExpr>
        <LenDataBuildExpr><![CDATA[]]></LenDataBuildExpr>
        <ParseExpr><![CDATA[]]></ParseExpr>
        <BuildExpr><![CDATA[]]></BuildExpr>
      </Item>
    </ItemTab>
  </Sign>
  <Sign SignName="SIGN_CREDIT_CLI_212005_Req"
  		SignDesc="还款请求报文"
  		SignType="sign_xhttp"
  		CtrlType="ctrltype_tag"
  		LengthBytes="0"
  		LengthDlmt=""
  		SignDlmt="3e"
  		DataDlmt="3c2f3e3c"
  		ElemName="CREDIT_CLI_212005_Req">
    <LengthParseExpr><![CDATA[]]></LengthParseExpr>
    <LengthBuildExpr><![CDATA[]]></LengthBuildExpr>
    <NodeClass Name="未分类"
    		Desc="未分类"/>
    <ItemTab RecNum="31">
      <Item ItemSignName="TermId"
      		ItemDesc="终端号"
      		ElemName="TermId"
      		AsciiFlag="yes"
      		DecLocale="0"
      		FixFlag="no"
      		ItemAdj=""
      		ItemFill=""
      		LenDataFlag="no"
      		LengthBytes=""
      		LengthDlmt="">
        <LengthExpr><![CDATA[]]></LengthExpr>
        <LenDataParseExpr><![CDATA[]]></LenDataParseExpr>
        <LenDataBuildExpr><![CDATA[]]></LenDataBuildExpr>
        <ParseExpr><![CDATA[]]></ParseExpr>
        <BuildExpr><![CDATA[]]></BuildExpr>
      </Item>
      <Item ItemSignName="TermSeq"
      		ItemDesc="终端流水号"
      		ElemName="TermSeq"
      		AsciiFlag="yes"
      		DecLocale="0"
      		FixFlag="no"
      		ItemAdj=""
      		ItemFill=""
      		LenDataFlag="no"
      		LengthBytes=""
      		LengthDlmt="">
        <LengthExpr><![CDATA[]]></LengthExpr>
        <LenDataParseExpr><![CDATA[]]></LenDataParseExpr>
        <LenDataBuildExpr><![CDATA[]]></LenDataBuildExpr>
        <ParseExpr><![CDATA[]]></ParseExpr>
        <BuildExpr><![CDATA[]]></BuildExpr>
      </Item>
      <Item ItemSignName="TranName"
      		ItemDesc="交易名称"
      		ElemName="TranName"
      		AsciiFlag="yes"
      		DecLocale="0"
      		FixFlag="no"
      		ItemAdj=""
      		ItemFill=""
      		LenDataFlag="no"
      		LengthBytes=""
      		LengthDlmt="">
        <LengthExpr><![CDATA[]]></LengthExpr>
        <LenDataParseExpr><![CDATA[]]></LenDataParseExpr>
        <LenDataBuildExpr><![CDATA[]]></LenDataBuildExpr>
        <ParseExpr><![CDATA[]]></ParseExpr>
        <BuildExpr><![CDATA[]]></BuildExpr>
      </Item>
      <Item ItemSignName="Brc"
      		ItemDesc="机构码"
      		ElemName="Brc"
      		AsciiFlag="yes"
      		DecLocale="0"
      		FixFlag="no"
      		ItemAdj=""
      		ItemFill=""
      		LenDataFlag="no"
      		LengthBytes=""
      		LengthDlmt="">
        <LengthExpr><![CDATA[]]></LengthExpr>
        <LenDataParseExpr><![CDATA[]]></LenDataParseExpr>
        <LenDataBuildExpr><![CDATA[]]></LenDataBuildExpr>
        <ParseExpr><![CDATA[]]></ParseExpr>
        <BuildExpr><![CDATA[]]></BuildExpr>
      </Item>
      <Item ItemSignName="BrcName0"
      		ItemDesc="交易机构名称"
      		ElemName="BrcName0"
      		AsciiFlag="yes"
      		DecLocale="0"
      		FixFlag="no"
      		ItemAdj=""
      		ItemFill=""
      		LenDataFlag="no"
      		LengthBytes=""
      		LengthDlmt="">
        <LengthExpr><![CDATA[]]></LengthExpr>
        <LenDataParseExpr><![CDATA[]]></LenDataParseExpr>
        <LenDataBuildExpr><![CDATA[]]></LenDataBuildExpr>
        <ParseExpr><![CDATA[]]></ParseExpr>
        <BuildExpr><![CDATA[]]></BuildExpr>
      </Item>
      <Item ItemSignName="Teller"
      		ItemDesc="交易柜员"
      		ElemName="Teller"
      		AsciiFlag="yes"
      		DecLocale="0"
      		FixFlag="no"
      		ItemAdj=""
      		ItemFill=""
      		LenDataFlag="no"
      		LengthBytes=""
      		LengthDlmt="">
        <LengthExpr><![CDATA[]]></LengthExpr>
        <LenDataParseExpr><![CDATA[]]></LenDataParseExpr>
        <LenDataBuildExpr><![CDATA[]]></LenDataBuildExpr>
        <ParseExpr><![CDATA[]]></ParseExpr>
        <BuildExpr><![CDATA[]]></BuildExpr>
      </Item>
      <Item ItemSignName="TellerName"
      		ItemDesc="柜员名称"
      		ElemName="TellerName"
      		AsciiFlag="yes"
      		DecLocale="0"
      		FixFlag="no"
      		ItemAdj=""
      		ItemFill=""
      		LenDataFlag="no"
      		LengthBytes=""
      		LengthDlmt="">
        <LengthExpr><![CDATA[]]></LengthExpr>
        <LenDataParseExpr><![CDATA[]]></LenDataParseExpr>
        <LenDataBuildExpr><![CDATA[]]></LenDataBuildExpr>
        <ParseExpr><![CDATA[]]></ParseExpr>
        <BuildExpr><![CDATA[]]></BuildExpr>
      </Item>
      <Item ItemSignName="TranCode"
      		ItemDesc="交易码"
      		ElemName="TranCode"
      		AsciiFlag="yes"
      		DecLocale="0"
      		FixFlag="no"
      		ItemAdj=""
      		ItemFill=""
      		LenDataFlag="no"
      		LengthBytes=""
      		LengthDlmt="">
        <LengthExpr><![CDATA[]]></LengthExpr>
        <LenDataParseExpr><![CDATA[]]></LenDataParseExpr>
        <LenDataBuildExpr><![CDATA[]]></LenDataBuildExpr>
        <ParseExpr><![CDATA[]]></ParseExpr>
        <BuildExpr><![CDATA[]]></BuildExpr>
      </Item>
      <Item ItemSignName="CardNo"
      		ItemDesc="账(卡)号"
      		ElemName="CardNo"
      		AsciiFlag="yes"
      		DecLocale="0"
      		FixFlag="no"
      		ItemAdj=""
      		ItemFill=""
      		LenDataFlag="no"
      		LengthBytes=""
      		LengthDlmt="">
        <LengthExpr><![CDATA[]]></LengthExpr>
        <LenDataParseExpr><![CDATA[]]></LenDataParseExpr>
        <LenDataBuildExpr><![CDATA[]]></LenDataBuildExpr>
        <ParseExpr><![CDATA[]]></ParseExpr>
        <BuildExpr><![CDATA[]]></BuildExpr>
      </Item>
      <Item ItemSignName="TrsAmt"
      		ItemDesc="交易金额"
      		ElemName="TrsAmt"
      		AsciiFlag="yes"
      		DecLocale="0"
      		FixFlag="no"
      		ItemAdj=""
      		ItemFill=""
      		LenDataFlag="no"
      		LengthBytes=""
      		LengthDlmt="">
        <LengthExpr><![CDATA[]]></LengthExpr>
        <LenDataParseExpr><![CDATA[]]></LenDataParseExpr>
        <LenDataBuildExpr><![CDATA[]]></LenDataBuildExpr>
        <ParseExpr><![CDATA[]]></ParseExpr>
        <BuildExpr><![CDATA[]]></BuildExpr>
      </Item>
      <Item ItemSignName="Ccy"
      		ItemDesc="货币代码"
      		ElemName="Ccy"
      		AsciiFlag="yes"
      		DecLocale="0"
      		FixFlag="no"
      		ItemAdj=""
      		ItemFill=""
      		LenDataFlag="no"
      		LengthBytes=""
      		LengthDlmt="">
        <LengthExpr><![CDATA[]]></LengthExpr>
        <LenDataParseExpr><![CDATA[]]></LenDataParseExpr>
        <LenDataBuildExpr><![CDATA[]]></LenDataBuildExpr>
        <ParseExpr><![CDATA[]]></ParseExpr>
        <BuildExpr><![CDATA[]]></BuildExpr>
      </Item>
      <Item ItemSignName="AcctName"
      		ItemDesc="户名"
      		ElemName="AcctName"
      		AsciiFlag="yes"
      		DecLocale="0"
      		FixFlag="no"
      		ItemAdj=""
      		ItemFill=""
      		LenDataFlag="no"
      		LengthBytes=""
      		LengthDlmt="">
        <LengthExpr><![CDATA[]]></LengthExpr>
        <LenDataParseExpr><![CDATA[]]></LenDataParseExpr>
        <LenDataBuildExpr><![CDATA[]]></LenDataBuildExpr>
        <ParseExpr><![CDATA[]]></ParseExpr>
        <BuildExpr><![CDATA[]]></BuildExpr>
      </Item>
      <Item ItemSignName="ProfitBrc"
      		ItemDesc="核算机构"
      		ElemName="ProfitBrc"
      		AsciiFlag="yes"
      		DecLocale="0"
      		FixFlag="no"
      		ItemAdj=""
      		ItemFill=""
      		LenDataFlag="no"
      		LengthBytes=""
      		LengthDlmt="">
        <LengthExpr><![CDATA[]]></LengthExpr>
        <LenDataParseExpr><![CDATA[]]></LenDataParseExpr>
        <LenDataBuildExpr><![CDATA[]]></LenDataBuildExpr>
        <ParseExpr><![CDATA[]]></ParseExpr>
        <BuildExpr><![CDATA[]]></BuildExpr>
      </Item>
      <Item ItemSignName="TranKind"
      		ItemDesc="交易类型"
      		ElemName="TranKind"
      		AsciiFlag="yes"
      		DecLocale="0"
      		FixFlag="no"
      		ItemAdj=""
      		ItemFill=""
      		LenDataFlag="no"
      		LengthBytes=""
      		LengthDlmt="">
        <LengthExpr><![CDATA[]]></LengthExpr>
        <LenDataParseExpr><![CDATA[]]></LenDataParseExpr>
        <LenDataBuildExpr><![CDATA[]]></LenDataBuildExpr>
        <ParseExpr><![CDATA[]]></ParseExpr>
        <BuildExpr><![CDATA[]]></BuildExpr>
      </Item>
      <Item ItemSignName="Passwd"
      		ItemDesc="转出方账号(卡)密码"
      		ElemName="Passwd"
      		AsciiFlag="yes"
      		DecLocale="0"
      		FixFlag="no"
      		ItemAdj=""
      		ItemFill=""
      		LenDataFlag="no"
      		LengthBytes=""
      		LengthDlmt="">
        <LengthExpr><![CDATA[]]></LengthExpr>
        <LenDataParseExpr><![CDATA[]]></LenDataParseExpr>
        <LenDataBuildExpr><![CDATA[]]></LenDataBuildExpr>
        <ParseExpr><![CDATA[]]></ParseExpr>
        <BuildExpr><![CDATA[]]></BuildExpr>
      </Item>
      <Item ItemSignName="RemitPerAccNo"
      		ItemDesc="转出方账号(卡)"
      		ElemName="RemitPerAccNo"
      		AsciiFlag="yes"
      		DecLocale="0"
      		FixFlag="no"
      		ItemAdj=""
      		ItemFill=""
      		LenDataFlag="no"
      		LengthBytes=""
      		LengthDlmt="">
        <LengthExpr><![CDATA[]]></LengthExpr>
        <LenDataParseExpr><![CDATA[]]></LenDataParseExpr>
        <LenDataBuildExpr><![CDATA[]]></LenDataBuildExpr>
        <ParseExpr><![CDATA[]]></ParseExpr>
        <BuildExpr><![CDATA[]]></BuildExpr>
      </Item>
      <Item ItemSignName="RemitPerAccName"
      		ItemDesc="转出方户名"
      		ElemName="RemitPerAccName"
      		AsciiFlag="yes"
      		DecLocale="0"
      		FixFlag="no"
      		ItemAdj=""
      		ItemFill=""
      		LenDataFlag="no"
      		LengthBytes=""
      		LengthDlmt="">
        <LengthExpr><![CDATA[]]></LengthExpr>
        <LenDataParseExpr><![CDATA[]]></LenDataParseExpr>
        <LenDataBuildExpr><![CDATA[]]></LenDataBuildExpr>
        <ParseExpr><![CDATA[]]></ParseExpr>
        <BuildExpr><![CDATA[]]></BuildExpr>
      </Item>
      <Item ItemSignName="SubSys1"
      		ItemDesc="子系统"
      		ElemName="SubSys1"
      		AsciiFlag="yes"
      		DecLocale="0"
      		FixFlag="no"
      		ItemAdj=""
      		ItemFill=""
      		LenDataFlag="no"
      		LengthBytes=""
      		LengthDlmt="">
        <LengthExpr><![CDATA[]]></LengthExpr>
        <LenDataParseExpr><![CDATA[]]></LenDataParseExpr>
        <LenDataBuildExpr><![CDATA[]]></LenDataBuildExpr>
        <ParseExpr><![CDATA[]]></ParseExpr>
        <BuildExpr><![CDATA[]]></BuildExpr>
      </Item>
      <Item ItemSignName="CashItemCode"
      		ItemDesc="现金项目代码"
      		ElemName="CashItemCode"
      		AsciiFlag="yes"
      		DecLocale="0"
      		FixFlag="no"
      		ItemAdj=""
      		ItemFill=""
      		LenDataFlag="no"
      		LengthBytes=""
      		LengthDlmt="">
        <LengthExpr><![CDATA[]]></LengthExpr>
        <LenDataParseExpr><![CDATA[]]></LenDataParseExpr>
        <LenDataBuildExpr><![CDATA[]]></LenDataBuildExpr>
        <ParseExpr><![CDATA[]]></ParseExpr>
        <BuildExpr><![CDATA[]]></BuildExpr>
      </Item>
      <Item ItemSignName="DrwType"
      		ItemDesc="支取方式"
      		ElemName="DrwType"
      		AsciiFlag="yes"
      		DecLocale="0"
      		FixFlag="no"
      		ItemAdj=""
      		ItemFill=""
      		LenDataFlag="no"
      		LengthBytes=""
      		LengthDlmt="">
        <LengthExpr><![CDATA[]]></LengthExpr>
        <LenDataParseExpr><![CDATA[]]></LenDataParseExpr>
        <LenDataBuildExpr><![CDATA[]]></LenDataBuildExpr>
        <ParseExpr><![CDATA[]]></ParseExpr>
        <BuildExpr><![CDATA[]]></BuildExpr>
      </Item>
      <Item ItemSignName="ChkTrkFlg"
      		ItemDesc="转出方刷卡标志"
      		ElemName="ChkTrkFlg"
      		AsciiFlag="yes"
      		DecLocale="0"
      		FixFlag="no"
      		ItemAdj=""
      		ItemFill=""
      		LenDataFlag="no"
      		LengthBytes=""
      		LengthDlmt="">
        <LengthExpr><![CDATA[]]></LengthExpr>
        <LenDataParseExpr><![CDATA[]]></LenDataParseExpr>
        <LenDataBuildExpr><![CDATA[]]></LenDataBuildExpr>
        <ParseExpr><![CDATA[]]></ParseExpr>
        <BuildExpr><![CDATA[]]></BuildExpr>
      </Item>
      <Item ItemSignName="DrTrack2"
      		ItemDesc="转出方卡二磁道"
      		ElemName="DrTrack2"
      		AsciiFlag="yes"
      		DecLocale="0"
      		FixFlag="no"
      		ItemAdj=""
      		ItemFill=""
      		LenDataFlag="no"
      		LengthBytes=""
      		LengthDlmt="">
        <LengthExpr><![CDATA[]]></LengthExpr>
        <LenDataParseExpr><![CDATA[]]></LenDataParseExpr>
        <LenDataBuildExpr><![CDATA[]]></LenDataBuildExpr>
        <ParseExpr><![CDATA[]]></ParseExpr>
        <BuildExpr><![CDATA[]]></BuildExpr>
      </Item>
      <Item ItemSignName="DrTrack3"
      		ItemDesc="转出方卡三磁道"
      		ElemName="DrTrack3"
      		AsciiFlag="yes"
      		DecLocale="0"
      		FixFlag="no"
      		ItemAdj=""
      		ItemFill=""
      		LenDataFlag="no"
      		LengthBytes=""
      		LengthDlmt="">
        <LengthExpr><![CDATA[]]></LengthExpr>
        <LenDataParseExpr><![CDATA[]]></LenDataParseExpr>
        <LenDataBuildExpr><![CDATA[]]></LenDataBuildExpr>
        <ParseExpr><![CDATA[]]></ParseExpr>
        <BuildExpr><![CDATA[]]></BuildExpr>
      </Item>
      <Item ItemSignName="CardFlg"
      		ItemDesc="转出方卡标志"
      		ElemName="CardFlg"
      		AsciiFlag="yes"
      		DecLocale="0"
      		FixFlag="no"
      		ItemAdj=""
      		ItemFill=""
      		LenDataFlag="no"
      		LengthBytes=""
      		LengthDlmt="">
        <LengthExpr><![CDATA[]]></LengthExpr>
        <LenDataParseExpr><![CDATA[]]></LenDataParseExpr>
        <LenDataBuildExpr><![CDATA[]]></LenDataBuildExpr>
        <ParseExpr><![CDATA[]]></ParseExpr>
        <BuildExpr><![CDATA[]]></BuildExpr>
      </Item>
      <Item ItemSignName="TranDateTime"
      		ItemDesc="终端方日期时间"
      		ElemName="TranDateTime"
      		AsciiFlag="yes"
      		DecLocale="0"
      		FixFlag="no"
      		ItemAdj=""
      		ItemFill=""
      		LenDataFlag="no"
      		LengthBytes=""
      		LengthDlmt="">
        <LengthExpr><![CDATA[]]></LengthExpr>
        <LenDataParseExpr><![CDATA[]]></LenDataParseExpr>
        <LenDataBuildExpr><![CDATA[]]></LenDataBuildExpr>
        <ParseExpr><![CDATA[]]></ParseExpr>
        <BuildExpr><![CDATA[]]></BuildExpr>
      </Item>
      <Item ItemSignName="F55"
      		ItemDesc="IC卡55域"
      		ElemName="F55"
      		AsciiFlag="yes"
      		DecLocale="0"
      		FixFlag="no"
      		ItemAdj=""
      		ItemFill=""
      		LenDataFlag="no"
      		LengthBytes=""
      		LengthDlmt="">
        <LengthExpr><![CDATA[]]></LengthExpr>
        <LenDataParseExpr><![CDATA[]]></LenDataParseExpr>
        <LenDataBuildExpr><![CDATA[]]></LenDataBuildExpr>
        <ParseExpr><![CDATA[]]></ParseExpr>
        <BuildExpr><![CDATA[]]></BuildExpr>
      </Item>
      <Item ItemSignName="CardSeqNo"
      		ItemDesc="卡序列号"
      		ElemName="CardSeqNo"
      		AsciiFlag="yes"
      		DecLocale="0"
      		FixFlag="no"
      		ItemAdj=""
      		ItemFill=""
      		LenDataFlag="no"
      		LengthBytes=""
      		LengthDlmt="">
        <LengthExpr><![CDATA[]]></LengthExpr>
        <LenDataParseExpr><![CDATA[]]></LenDataParseExpr>
        <LenDataBuildExpr><![CDATA[]]></LenDataBuildExpr>
        <ParseExpr><![CDATA[]]></ParseExpr>
        <BuildExpr><![CDATA[]]></BuildExpr>
      </Item>
      <Item ItemSignName="DevType"
      		ItemDesc="交易设备来源"
      		ElemName="DevType"
      		AsciiFlag="yes"
      		DecLocale="0"
      		FixFlag="no"
      		ItemAdj=""
      		ItemFill=""
      		LenDataFlag="no"
      		LengthBytes=""
      		LengthDlmt="">
        <LengthExpr><![CDATA[]]></LengthExpr>
        <LenDataParseExpr><![CDATA[]]></LenDataParseExpr>
        <LenDataBuildExpr><![CDATA[]]></LenDataBuildExpr>
        <ParseExpr><![CDATA[]]></ParseExpr>
        <BuildExpr><![CDATA[]]></BuildExpr>
      </Item>
      <Item ItemSignName="CrdTranType"
      		ItemDesc="交易种类"
      		ElemName="CrdTranType"
      		AsciiFlag="yes"
      		DecLocale="0"
      		FixFlag="no"
      		ItemAdj=""
      		ItemFill=""
      		LenDataFlag="no"
      		LengthBytes=""
      		LengthDlmt="">
        <LengthExpr><![CDATA[]]></LengthExpr>
        <LenDataParseExpr><![CDATA[]]></LenDataParseExpr>
        <LenDataBuildExpr><![CDATA[]]></LenDataBuildExpr>
        <ParseExpr><![CDATA[]]></ParseExpr>
        <BuildExpr><![CDATA[]]></BuildExpr>
      </Item>
      <Item ItemSignName="FrzFlag"
      		ItemDesc="借方金额冻结标志"
      		ElemName="FrzFlag"
      		AsciiFlag="yes"
      		DecLocale="0"
      		FixFlag="no"
      		ItemAdj=""
      		ItemFill=""
      		LenDataFlag="no"
      		LengthBytes=""
      		LengthDlmt="">
        <LengthExpr><![CDATA[]]></LengthExpr>
        <LenDataParseExpr><![CDATA[]]></LenDataParseExpr>
        <LenDataBuildExpr><![CDATA[]]></LenDataBuildExpr>
        <ParseExpr><![CDATA[]]></ParseExpr>
        <BuildExpr><![CDATA[]]></BuildExpr>
      </Item>
      <Item ItemSignName="FrzNo"
      		ItemDesc="止付编号"
      		ElemName="FrzNo"
      		AsciiFlag="yes"
      		DecLocale="0"
      		FixFlag="no"
      		ItemAdj=""
      		ItemFill=""
      		LenDataFlag="no"
      		LengthBytes=""
      		LengthDlmt="">
        <LengthExpr><![CDATA[]]></LengthExpr>
        <LenDataParseExpr><![CDATA[]]></LenDataParseExpr>
        <LenDataBuildExpr><![CDATA[]]></LenDataBuildExpr>
        <ParseExpr><![CDATA[]]></ParseExpr>
        <BuildExpr><![CDATA[]]></BuildExpr>
      </Item>
    </ItemTab>
  </Sign>
  <Sign SignName="SIGN_CREDIT_CLI_212005_Rsp"
  		SignDesc="还款响应报文"
  		SignType="sign_xhttp"
  		CtrlType="ctrltype_tag"
  		LengthBytes="0"
  		LengthDlmt=""
  		SignDlmt="3e"
  		DataDlmt="3c2f3e3c"
  		ElemName="CREDIT_CLI_212005_Rsp">
    <LengthParseExpr><![CDATA[]]></LengthParseExpr>
    <LengthBuildExpr><![CDATA[]]></LengthBuildExpr>
    <NodeClass Name="未分类"
    		Desc="未分类"/>
    <ItemTab RecNum="10">
      <Item ItemSignName="RspCode"
      		ItemDesc="响应代码"
      		ElemName="RspCode"
      		AsciiFlag="yes"
      		DecLocale="0"
      		FixFlag="no"
      		ItemAdj=""
      		ItemFill=""
      		LenDataFlag="no"
      		LengthBytes=""
      		LengthDlmt="">
        <LengthExpr><![CDATA[]]></LengthExpr>
        <LenDataParseExpr><![CDATA[]]></LenDataParseExpr>
        <LenDataBuildExpr><![CDATA[]]></LenDataBuildExpr>
        <ParseExpr><![CDATA[]]></ParseExpr>
        <BuildExpr><![CDATA[]]></BuildExpr>
      </Item>
      <Item ItemSignName="RspMsg"
      		ItemDesc="响应信息"
      		ElemName="RspMsg"
      		AsciiFlag="yes"
      		DecLocale="0"
      		FixFlag="no"
      		ItemAdj=""
      		ItemFill=""
      		LenDataFlag="no"
      		LengthBytes=""
      		LengthDlmt="">
        <LengthExpr><![CDATA[]]></LengthExpr>
        <LenDataParseExpr><![CDATA[]]></LenDataParseExpr>
        <LenDataBuildExpr><![CDATA[]]></LenDataBuildExpr>
        <ParseExpr><![CDATA[]]></ParseExpr>
        <BuildExpr><![CDATA[]]></BuildExpr>
      </Item>
      <Item ItemSignName="FileName"
      		ItemDesc="文件名"
      		ElemName="FileName"
      		AsciiFlag="yes"
      		DecLocale="0"
      		FixFlag="no"
      		ItemAdj=""
      		ItemFill=""
      		LenDataFlag="no"
      		LengthBytes=""
      		LengthDlmt="">
        <LengthExpr><![CDATA[]]></LengthExpr>
        <LenDataParseExpr><![CDATA[]]></LenDataParseExpr>
        <LenDataBuildExpr><![CDATA[]]></LenDataBuildExpr>
        <ParseExpr><![CDATA[]]></ParseExpr>
        <BuildExpr><![CDATA[]]></BuildExpr>
      </Item>
      <Item ItemSignName="FileFlag"
      		ItemDesc="文件标识"
      		ElemName="FileFlag"
      		AsciiFlag="yes"
      		DecLocale="0"
      		FixFlag="no"
      		ItemAdj=""
      		ItemFill=""
      		LenDataFlag="no"
      		LengthBytes=""
      		LengthDlmt="">
        <LengthExpr><![CDATA[]]></LengthExpr>
        <LenDataParseExpr><![CDATA[]]></LenDataParseExpr>
        <LenDataBuildExpr><![CDATA[]]></LenDataBuildExpr>
        <ParseExpr><![CDATA[]]></ParseExpr>
        <BuildExpr><![CDATA[]]></BuildExpr>
      </Item>
      <Item ItemSignName="SerSeqNo"
      		ItemDesc="核心流水号"
      		ElemName="SerSeqNo"
      		AsciiFlag="yes"
      		DecLocale="0"
      		FixFlag="no"
      		ItemAdj=""
      		ItemFill=""
      		LenDataFlag="no"
      		LengthBytes=""
      		LengthDlmt="">
        <LengthExpr><![CDATA[]]></LengthExpr>
        <LenDataParseExpr><![CDATA[]]></LenDataParseExpr>
        <LenDataBuildExpr><![CDATA[]]></LenDataBuildExpr>
        <ParseExpr><![CDATA[]]></ParseExpr>
        <BuildExpr><![CDATA[]]></BuildExpr>
      </Item>
      <Item ItemSignName="TranDate"
      		ItemDesc="核心记账日期"
      		ElemName="TranDate"
      		AsciiFlag="yes"
      		DecLocale="0"
      		FixFlag="no"
      		ItemAdj=""
      		ItemFill=""
      		LenDataFlag="no"
      		LengthBytes=""
      		LengthDlmt="">
        <LengthExpr><![CDATA[]]></LengthExpr>
        <LenDataParseExpr><![CDATA[]]></LenDataParseExpr>
        <LenDataBuildExpr><![CDATA[]]></LenDataBuildExpr>
        <ParseExpr><![CDATA[]]></ParseExpr>
        <BuildExpr><![CDATA[]]></BuildExpr>
      </Item>
      <Item ItemSignName="Srvstan"
      		ItemDesc="前置流水号"
      		ElemName="Srvstan"
      		AsciiFlag="yes"
      		DecLocale="0"
      		FixFlag="no"
      		ItemAdj=""
      		ItemFill=""
      		LenDataFlag="no"
      		LengthBytes=""
      		LengthDlmt="">
        <LengthExpr><![CDATA[]]></LengthExpr>
        <LenDataParseExpr><![CDATA[]]></LenDataParseExpr>
        <LenDataBuildExpr><![CDATA[]]></LenDataBuildExpr>
        <ParseExpr><![CDATA[]]></ParseExpr>
        <BuildExpr><![CDATA[]]></BuildExpr>
      </Item>
      <Item ItemSignName="Bal"
      		ItemDesc="公务卡账户余额"
      		ElemName="Bal"
      		AsciiFlag="yes"
      		DecLocale="0"
      		FixFlag="no"
      		ItemAdj=""
      		ItemFill=""
      		LenDataFlag="no"
      		LengthBytes=""
      		LengthDlmt="">
        <LengthExpr><![CDATA[]]></LengthExpr>
        <LenDataParseExpr><![CDATA[]]></LenDataParseExpr>
        <LenDataBuildExpr><![CDATA[]]></LenDataBuildExpr>
        <ParseExpr><![CDATA[]]></ParseExpr>
        <BuildExpr><![CDATA[]]></BuildExpr>
      </Item>
      <Item ItemSignName="Bal10"
      		ItemDesc="转出账户余额"
      		ElemName="Bal10"
      		AsciiFlag="yes"
      		DecLocale="0"
      		FixFlag="no"
      		ItemAdj=""
      		ItemFill=""
      		LenDataFlag="no"
      		LengthBytes=""
      		LengthDlmt="">
        <LengthExpr><![CDATA[]]></LengthExpr>
        <LenDataParseExpr><![CDATA[]]></LenDataParseExpr>
        <LenDataBuildExpr><![CDATA[]]></LenDataBuildExpr>
        <ParseExpr><![CDATA[]]></ParseExpr>
        <BuildExpr><![CDATA[]]></BuildExpr>
      </Item>
      <Item ItemSignName="Bal11"
      		ItemDesc="转出账户可用余额"
      		ElemName="Bal11"
      		AsciiFlag="yes"
      		DecLocale="0"
      		FixFlag="no"
      		ItemAdj=""
      		ItemFill=""
      		LenDataFlag="no"
      		LengthBytes=""
      		LengthDlmt="">
        <LengthExpr><![CDATA[]]></LengthExpr>
        <LenDataParseExpr><![CDATA[]]></LenDataParseExpr>
        <LenDataBuildExpr><![CDATA[]]></LenDataBuildExpr>
        <ParseExpr><![CDATA[]]></ParseExpr>
        <BuildExpr><![CDATA[]]></BuildExpr>
      </Item>
    </ItemTab>
  </Sign>
</SignTab>
