<?xml version="1.0" encoding="UTF-8"?>
<beans xmlns="http://www.springframework.org/schema/beans"
	xmlns:xsi="http://www.w3.org/2001/XMLSchema-instance" xmlns:c="http://www.springframework.org/schema/c"
	xmlns:p="http://www.springframework.org/schema/p" xmlns:context="http://www.springframework.org/schema/context"
	xsi:schemaLocation="http://www.springframework.org/schema/beans
        http://www.springframework.org/schema/beans/spring-beans-4.0.xsd 
        http://www.springframework.org/schema/context  http://www.springframework.org/schema/context/spring-context-4.0.xsd">

  <bean id="CRED_CLI"
  		class="com.adtec.starring.dta.ClientDTA">
  <property name="dtaServiceFlow">
    <bean class="com.adtec.starring.dta.ClientDtaServiceFlow">
      <lookup-method name="getComm"	bean="tcpComm"/>

      <property name="abstractFormatRegister">
        <bean class="com.adtec.starring.format.support.AbstractFormatRegister">
          <property name="flowTypeMessageFormat" ref="flowTypeMessageFormat"/>
          <property name="jsonMessageFormat" ref="jsonMessageFormat"/>
          <property name="xmlMessageFormat" ref="xmlMessageTFormat"/>
          <property name="soapMessageFormat" ref="soapMessageFormat"/>
          <property name="sign8583MessageFormat" ref="sign8583MessageFormat"/>
          <property name="signFmlMessageFormat" ref="signFmlMessageFormat"/>
          <property name="signHttpMessageFormat" ref="signHttpMessageFormat"/>
          <property name="signHttpServletMessageFormat" ref="signHttpServletMessageFormat"/>
        </bean>
      </property>
    </bean>
  </property>
  </bean>
</beans>
