<?xml version="1.0" encoding="UTF-8"?>

<Logic Name="SSIGN0020202"
		Desc="借记转账签约"
		LogicType="SvcLogic"
		PrioParm="0"
		TimeOut="0"
		RevsFlag="no"
		Transaction="No"
		DestTimeOut="no"
		RevsSeq="Random"
		RevsSvcName=""
		RevsDtaType=""
		RevsDtaName=""
		CompsSeq="Random"
		CompsFlag="no"
		CompsSvcName=""
		CompsDtaType=""
		CompsDtaName=""
		InElemName="fmt_CUP_SVR_IN"
		OutElemName="fmt_CUP_SVR_OUT"
		LocalCall="no"
		RemoteCall="yes"
		Merged="no"
		DsAlias="">
  <NodeClass Name="未分类"
  		Desc="未分类"/>
  <RevsInit><![CDATA[]]></RevsInit>
  <RevsSucc><![CDATA[]]></RevsSucc>
  <RevsFail><![CDATA[]]></RevsFail>
  <CompsInit><![CDATA[]]></CompsInit>
  <CompsSucc><![CDATA[]]></CompsSucc>
  <CompsFail><![CDATA[]]></CompsFail>
  <SvcSuccProc><![CDATA[]]></SvcSuccProc>
  <SvcLostProc><![CDATA[]]></SvcLostProc>
  <SvcPreProc><![CDATA[]]></SvcPreProc>
  <SvcTermEnd><![CDATA[]]></SvcTermEnd>
  <SqlTab RecNum="0"/>
  <RouteExpr><![CDATA[]]></RouteExpr>
  <EntranceTab RecNum="0"/>
  <Flow> 
    <Container Transaction="no"
    		DsAlias=""
    		Name="Sequence"
    		FlowDesc="Sequence">
      <Computation Name="Expr1"
      		FlowDesc="检查短信关联码">
        <EvtFailedAfter><![CDATA[]]></EvtFailedAfter>
        <EvtSuccessAfter><![CDATA[]]></EvtSuccessAfter>
        <Expression><![CDATA[@SSIGN0020202.checkSms();]]></Expression>
        <EvtBefore><![CDATA[@SSIGN0020202.chk();]]></EvtBefore>
      </Computation>
      <If Name="If"
      		FlowDesc="If">
        <EvtBefore><![CDATA[]]></EvtBefore>
        <EvtFailedAfter><![CDATA[]]></EvtFailedAfter>
        <EvtSuccessAfter><![CDATA[]]></EvtSuccessAfter>
        <Container Transaction="no"
        		DsAlias=""
        		Name="Sequence1"
        		FlowDesc="Sequence1">
          <EvtBefore><![CDATA[]]></EvtBefore>
          <EvtFailedAfter><![CDATA[]]></EvtFailedAfter>
          <EvtSuccessAfter><![CDATA[]]></EvtSuccessAfter>
          <Computation Name="Expr"
          		FlowDesc="响应报文体赋值，更新签约信息">
            <EvtBefore><![CDATA[]]></EvtBefore>
            <EvtFailedAfter><![CDATA[]]></EvtFailedAfter>
            <EvtSuccessAfter><![CDATA[]]></EvtSuccessAfter>
            <Expression><![CDATA[@SSIGN0020202.rspProc();]]></Expression>
          </Computation>
        </Container>
        <Condition><![CDATA[$INIT[0]._FUNC_RETURN == "0"]]></Condition>
        <Else> 
          <Exit Name="Exit"
          		FlowDesc="Exit">
            <EvtBefore><![CDATA[]]></EvtBefore>
            <EvtFailedAfter><![CDATA[]]></EvtFailedAfter>
            <EvtSuccessAfter><![CDATA[]]></EvtSuccessAfter>
          </Exit> 
        </Else>
      </If>
      <EvtBefore><![CDATA[]]></EvtBefore>
      <EvtFailedAfter><![CDATA[]]></EvtFailedAfter>
      <EvtSuccessAfter><![CDATA[]]></EvtSuccessAfter>
    </Container> 
  </Flow>
  <ChkItemTab RecNum="0"/>
</Logic>
