<?xml version="1.0" encoding="UTF-8"?>
<ArchModel:Process xmi:version="2.0" xmlns:xmi="http://www.omg.org/XMI" xmlns:xsi="http://www.w3.org/2001/XMLSchema-instance" xmlns:ArchModel="http://www.adtec.com" name="NCPS" id="00001">
  <conn xsi:type="ArchModel:SingleConnection" from="//@comp.0" to="//@comp.3"/>
  <conn xsi:type="ArchModel:SingleConnection" from="//@comp.1" to="//@comp.3"/>
  <conn xsi:type="ArchModel:SingleConnection" from="//@comp.2" to="//@comp.3"/>
  <conn xsi:type="ArchModel:SingleConnection" from="//@comp.3" to="//@comp.4"/>
  <conn xsi:type="ArchModel:SingleConnection" from="//@comp.3" to="//@comp.5"/>
  <conn xsi:type="ArchModel:SingleConnection" from="//@comp.3" to="//@comp.6"/>
  <conn xsi:type="ArchModel:SingleConnection" from="//@comp.3" to="//@comp.7"/>
  <conn xsi:type="ArchModel:SingleConnection" from="//@comp.9" to="//@comp.10"/>
  <conn xsi:type="ArchModel:SingleConnection" from="//@comp.8" to="//@comp.10"/>
  <conn xsi:type="ArchModel:SingleConnection" from="//@comp.10" to="//@comp.11"/>
  <conn xsi:type="ArchModel:SingleConnection" from="//@comp.8" to="//@comp.3"/>
  <conn xsi:type="ArchModel:SingleConnection" from="//@comp.3" to="//@comp.12"/>
  <conn xsi:type="ArchModel:SingleConnection" from="//@comp.8" to="//@comp.13"/>
  <conn xsi:type="ArchModel:SingleConnection" from="//@comp.13" to="//@comp.14"/>
  <comp xsi:type="ArchModel:SynSourceDta" name="MNG_SVR" desc="无卡支付系统标准服务端" target="//@conn.0" stepNo="0" type="同步源DTA" id="00001" comment="无卡支付系统标准服务端" commonFlag="true" synFlag="true" adapterFlag="true" dtaId="00001"/>
  <comp xsi:type="ArchModel:SynSourceDta" name="CUP_SVR" desc="银联渠道通讯服务端" target="//@conn.1" stepNo="1" type="同步源DTA" id="00002" comment="银联渠道通讯服务端" commonFlag="true" synFlag="true" adapterFlag="true" protocol="HTTP" dtaId="00002"/>
  <comp xsi:type="ArchModel:SynSourceDta" name="TERM_SVR" desc="柜面渠道通讯服务端" target="//@conn.2" stepNo="2" type="同步源DTA" id="00003" comment="柜面渠道通讯服务端" commonFlag="true" synFlag="true" adapterFlag="true" dtaId="00003"/>
  <comp xsi:type="ArchModel:PriBus" name="NCP" desc="无卡支付业务" target="//@conn.3 //@conn.4 //@conn.5 //@conn.6 //@conn.11" source="//@conn.0 //@conn.1 //@conn.2 //@conn.10" stepNo="3" type="业务" id="00001" comment="无卡支付业务"/>
  <comp xsi:type="ArchModel:SynDestDta" name="SMS_CLI" desc="短信网关客户端" source="//@conn.3" stepNo="4" type="同步目的DTA" id="00001" comment="短信网关客户端" commonFlag="true" synFlag="true" adapterFlag="true" dtaId="00004"/>
  <comp xsi:type="ArchModel:SynDestDta" name="CUP_CLI" desc="外围渠道通讯客户端" source="//@conn.4" stepNo="5" type="同步目的DTA" id="00002" comment="外围渠道通讯客户端" commonFlag="true" synFlag="true" adapterFlag="true" protocol="HTTP" dtaId="00005"/>
  <comp xsi:type="ArchModel:SynDestDta" name="HOST_CLI" desc="负责核心通讯的通讯DTA" source="//@conn.5" stepNo="6" type="同步目的DTA" id="00003" comment="负责核心通讯的通讯DTA" commonFlag="true" synFlag="true" adapterFlag="true" dtaId="00006"/>
  <comp xsi:type="ArchModel:SynDestDta" name="CRED_CLI" desc="负责贷记卡通讯的通讯DTA" source="//@conn.6" stepNo="7" type="同步目的DTA" id="00004" comment="负责贷记卡通讯的通讯DTA" commonFlag="true" synFlag="true" adapterFlag="true" dtaId="00007"/>
  <comp xsi:type="ArchModel:SynSourceDta" name="EBANK_SVR" desc="网银渠道" target="//@conn.8 //@conn.10 //@conn.12" stepNo="11" type="同步源DTA" id="00006" commonFlag="true" synFlag="true" adapterFlag="true" protocol="HTTP" dtaId="0000A"/>
  <comp xsi:type="ArchModel:SynSourceDta" name="QRUP_SVR" desc="银联二维码渠道" target="//@conn.7" stepNo="22" type="同步源DTA" id="00007" commonFlag="true" synFlag="true" adapterFlag="true" protocol="HTTP" dtaId="0000J"/>
  <comp xsi:type="ArchModel:PriBus" name="QRPS" desc="二维码系统" target="//@conn.9" source="//@conn.7 //@conn.8" stepNo="23" type="业务" id="00003"/>
  <comp xsi:type="ArchModel:SynDestDta" name="QRUP_CLI" desc="银联二维码客户端" source="//@conn.9" stepNo="24" type="同步目的DTA" id="0000D" commonFlag="true" synFlag="true" adapterFlag="true" protocol="HTTP" dtaId="0000K"/>
  <comp xsi:type="ArchModel:SynDestDta" name="NETBK_CLI" desc="网联签约" source="//@conn.11" stepNo="25" type="同步目的DTA" id="0000E" comment="网联签约" commonFlag="true" synFlag="true" adapterFlag="true" dtaId="0000M"/>
  <comp xsi:type="ArchModel:PriBus" name="CARD" desc="微信饭卡充值" target="//@conn.13" source="//@conn.12" stepNo="27" type="业务" id="00004"/>
  <comp xsi:type="ArchModel:SynDestDta" name="CARD_CLI" desc="饭卡充值客户端" source="//@conn.13" stepNo="28" type="同步目的DTA" id="0000G" synFlag="true" adapterFlag="true" protocol="HTTP" dtaId="0000O"/>
</ArchModel:Process>
