<?xml version="1.0" encoding="UTF-8"?>
<notation:Diagram xmi:version="2.0" xmlns:xmi="http://www.omg.org/XMI" xmlns:xsi="http://www.w3.org/2001/XMLSchema-instance" xmlns:notation="http://www.eclipse.org/gmf/runtime/1.0.2/notation" type="Architecture" name="arch_diagram.xml" measurementUnit="Pixel">
  <children xsi:type="notation:Shape" type="2004" fontName="微软雅黑">
    <children xsi:type="notation:DecorationNode" type="5004"/>
    <element href="arch.xml#//@comp.0"/>
    <layoutConstraint xsi:type="notation:Bounds" x="45" y="45" width="100" height="80"/>
  </children>
  <children xsi:type="notation:Shape" type="2004" fontName="微软雅黑">
    <children xsi:type="notation:DecorationNode" type="5004"/>
    <element href="arch.xml#//@comp.1"/>
    <layoutConstraint xsi:type="notation:Bounds" x="40" y="135" width="100" height="80"/>
  </children>
  <children xsi:type="notation:Shape" type="2004" fontName="微软雅黑">
    <children xsi:type="notation:DecorationNode" type="5004"/>
    <element href="arch.xml#//@comp.2"/>
    <layoutConstraint xsi:type="notation:Bounds" x="45" y="230" width="100" height="80"/>
  </children>
  <children xsi:type="notation:Shape" type="2013" fontName="微软雅黑">
    <children xsi:type="notation:DecorationNode" type="5013"/>
    <element href="arch.xml#//@comp.3"/>
    <layoutConstraint xsi:type="notation:Bounds" x="345" y="140" width="150" height="80"/>
  </children>
  <children xsi:type="notation:Shape" type="2009" fontName="微软雅黑">
    <children xsi:type="notation:DecorationNode" type="5009"/>
    <element href="arch.xml#//@comp.4"/>
    <layoutConstraint xsi:type="notation:Bounds" x="710" y="165" width="100" height="80"/>
  </children>
  <children xsi:type="notation:Shape" type="2009" fontName="微软雅黑">
    <children xsi:type="notation:DecorationNode" type="5009"/>
    <element href="arch.xml#//@comp.5"/>
    <layoutConstraint xsi:type="notation:Bounds" x="705" y="-40" width="100" height="80"/>
  </children>
  <children xsi:type="notation:Shape" type="2009" fontName="微软雅黑">
    <children xsi:type="notation:DecorationNode" type="5009"/>
    <element href="arch.xml#//@comp.6"/>
    <layoutConstraint xsi:type="notation:Bounds" x="710" y="260" width="100" height="80"/>
  </children>
  <children xsi:type="notation:Shape" type="2009" fontName="微软雅黑">
    <children xsi:type="notation:DecorationNode" type="5009"/>
    <element href="arch.xml#//@comp.7"/>
    <layoutConstraint xsi:type="notation:Bounds" x="710" y="65" width="100" height="80"/>
  </children>
  <children xsi:type="notation:Shape" type="2004" fontName="Microsoft YaHei UI">
    <children xsi:type="notation:DecorationNode" type="5004"/>
    <element href="arch.xml#//@comp.8"/>
    <layoutConstraint xsi:type="notation:Bounds" x="30" y="410" width="100" height="80"/>
  </children>
  <children xsi:type="notation:Shape" type="2004" fontName="Microsoft YaHei UI">
    <children xsi:type="notation:DecorationNode" type="5004"/>
    <element href="arch.xml#//@comp.9"/>
    <layoutConstraint xsi:type="notation:Bounds" x="30" y="590" width="100" height="80"/>
  </children>
  <children xsi:type="notation:Shape" type="2013" fontName="Microsoft YaHei UI">
    <children xsi:type="notation:DecorationNode" type="5013"/>
    <element href="arch.xml#//@comp.10"/>
    <layoutConstraint xsi:type="notation:Bounds" x="355" y="420" width="150" height="80"/>
  </children>
  <children xsi:type="notation:Shape" type="2009" fontName="Microsoft YaHei UI">
    <children xsi:type="notation:DecorationNode" type="5009"/>
    <element href="arch.xml#//@comp.11"/>
    <layoutConstraint xsi:type="notation:Bounds" x="730" y="473" width="100" height="80"/>
  </children>
  <children xsi:type="notation:Shape" type="2009" fontName="Microsoft YaHei UI">
    <children xsi:type="notation:DecorationNode" type="5009"/>
    <element href="arch.xml#//@comp.12"/>
    <layoutConstraint xsi:type="notation:Bounds" x="710" y="345" width="100" height="80"/>
  </children>
  <children xsi:type="notation:Shape" type="2013" fontName="Microsoft YaHei UI">
    <children xsi:type="notation:DecorationNode" type="5013"/>
    <element href="arch.xml#//@comp.13"/>
    <layoutConstraint xsi:type="notation:Bounds" x="355" y="570" width="150" height="80"/>
  </children>
  <children xsi:type="notation:Shape" type="2009" fontName="Microsoft YaHei UI">
    <children xsi:type="notation:DecorationNode" type="5009"/>
    <element href="arch.xml#//@comp.14"/>
    <layoutConstraint xsi:type="notation:Bounds" x="750" y="631" width="100" height="80"/>
  </children>
  <styles xsi:type="notation:DiagramStyle"/>
  <element href="arch.xml#/"/>
  <edges xsi:type="notation:Connector" type="4001" source="//@children.0" target="//@children.3">
    <styles xsi:type="notation:FontStyle" fontName="微软雅黑"/>
    <element href="arch.xml#//@conn.0"/>
    <bendpoints xsi:type="notation:RelativeBendpoints" points="[50, 17, -285, -94]$[326, 150, -9, 39]"/>
  </edges>
  <edges xsi:type="notation:Connector" type="4001" source="//@children.1" target="//@children.3">
    <styles xsi:type="notation:FontStyle" fontName="微软雅黑"/>
    <element href="arch.xml#//@conn.1"/>
    <bendpoints xsi:type="notation:RelativeBendpoints" points="[50, 3, -290, -18]$[264, 20, -76, -1]"/>
  </edges>
  <edges xsi:type="notation:Connector" type="4001" source="//@children.2" target="//@children.3">
    <styles xsi:type="notation:FontStyle" fontName="微软雅黑"/>
    <element href="arch.xml#//@conn.2"/>
    <bendpoints xsi:type="notation:RelativeBendpoints" points="[50, -12, -285, 62]$[369, -40, 34, 34]"/>
  </edges>
  <edges xsi:type="notation:Connector" type="4001" source="//@children.3" target="//@children.4">
    <styles xsi:type="notation:FontStyle" fontName="微软雅黑"/>
    <element href="arch.xml#//@conn.3"/>
    <bendpoints xsi:type="notation:RelativeBendpoints" points="[75, -40, -199, 57]$[238, -126, -36, -29]"/>
  </edges>
  <edges xsi:type="notation:Connector" type="4001" source="//@children.3" target="//@children.5">
    <styles xsi:type="notation:FontStyle" fontName="微软雅黑"/>
    <element href="arch.xml#//@conn.4"/>
    <bendpoints xsi:type="notation:RelativeBendpoints" points="[75, -6, -190, -5]$[214, -7, -51, -6]"/>
  </edges>
  <edges xsi:type="notation:Connector" type="4001" source="//@children.3" target="//@children.6">
    <styles xsi:type="notation:FontStyle" fontName="微软雅黑"/>
    <element href="arch.xml#//@conn.5"/>
    <bendpoints xsi:type="notation:RelativeBendpoints" points="[75, 14, -200, -45]$[228, 42, -47, -17]"/>
  </edges>
  <edges xsi:type="notation:Connector" type="4001" source="//@children.3" target="//@children.7">
    <styles xsi:type="notation:FontStyle" fontName="微软雅黑"/>
    <element href="arch.xml#//@conn.6"/>
    <bendpoints xsi:type="notation:RelativeBendpoints" points="[64, 40, -216, -114]$[246, 183, -34, 29]"/>
  </edges>
  <edges xsi:type="notation:Connector" type="4001" source="//@children.9" target="//@children.10">
    <styles xsi:type="notation:FontStyle" fontName="Microsoft YaHei UI"/>
    <element href="arch.xml#//@conn.7"/>
    <bendpoints xsi:type="notation:RelativeBendpoints" points="[50, 2, -263, -25]$[268, -6, -45, -33]"/>
  </edges>
  <edges xsi:type="notation:Connector" type="4001" source="//@children.8" target="//@children.10">
    <styles xsi:type="notation:FontStyle" fontName="Microsoft YaHei UI"/>
    <element href="arch.xml#//@conn.8"/>
    <bendpoints xsi:type="notation:RelativeBendpoints" points="[50, 26, -290, -149]$[277, 152, -63, -23]"/>
  </edges>
  <edges xsi:type="notation:Connector" type="4001" source="//@children.10" target="//@children.11">
    <styles xsi:type="notation:FontStyle" fontName="Microsoft YaHei UI"/>
    <element href="arch.xml#//@conn.9"/>
    <bendpoints xsi:type="notation:RelativeBendpoints" points="[75, 8, -312, -47]$[356, 22, -31, -33]"/>
  </edges>
  <edges xsi:type="notation:Connector" type="4001" source="//@children.8" target="//@children.3">
    <styles xsi:type="notation:FontStyle" fontName="Microsoft YaHei UI"/>
    <element href="arch.xml#//@conn.10"/>
    <bendpoints xsi:type="notation:RelativeBendpoints" points="[45, -40, -295, 230]$[265, -265, -75, 5]"/>
  </edges>
  <edges xsi:type="notation:Connector" type="4001" source="//@children.3" target="//@children.12">
    <styles xsi:type="notation:FontStyle" fontName="Microsoft YaHei UI"/>
    <element href="arch.xml#//@conn.11"/>
    <bendpoints xsi:type="notation:RelativeBendpoints" points="[60, 40, -280, -165]$[289, 201, -51, -4]"/>
  </edges>
  <edges xsi:type="notation:Connector" type="4001" source="//@children.8" target="//@children.13">
    <styles xsi:type="notation:FontStyle" fontName="Microsoft YaHei UI"/>
    <element href="arch.xml#//@conn.12"/>
    <bendpoints xsi:type="notation:RelativeBendpoints" points="[50, 27, -300, -173]$[301, 168, -49, -32]"/>
  </edges>
  <edges xsi:type="notation:Connector" type="4001" source="//@children.13" target="//@children.14">
    <styles xsi:type="notation:FontStyle" fontName="Microsoft YaHei UI"/>
    <element href="arch.xml#//@conn.13"/>
    <bendpoints xsi:type="notation:RelativeBendpoints" points="[75, 10, -295, -51]$[324, 44, -46, -17]"/>
  </edges>
</notation:Diagram>
