<?xml version="1.0" encoding="UTF-8"?>
<notation:Diagram xmi:version="2.0" xmlns:xmi="http://www.omg.org/XMI" xmlns:xsi="http://www.w3.org/2001/XMLSchema-instance" xmlns:notation="http://www.eclipse.org/gmf/runtime/1.0.2/notation" type="Component" name="NCP_diagram.xml" measurementUnit="Pixel">
  <children xsi:type="notation:Shape" type="2006" fontName="微软雅黑">
    <children xsi:type="notation:DecorationNode" type="5006"/>
    <element href="NCP.xml#//@comp.0"/>
    <layoutConstraint xsi:type="notation:Bounds" x="24" y="132" width="100" height="80"/>
  </children>
  <children xsi:type="notation:Shape" type="2006" fontName="微软雅黑">
    <children xsi:type="notation:DecorationNode" type="5006"/>
    <element href="NCP.xml#//@comp.1"/>
    <layoutConstraint xsi:type="notation:Bounds" x="30" y="306" width="100" height="80"/>
  </children>
  <children xsi:type="notation:Shape" type="2002" fontName="微软雅黑">
    <children xsi:type="notation:DecorationNode" type="5002"/>
    <element href="NCP.xml#//@comp.2"/>
    <layoutConstraint xsi:type="notation:Bounds" x="690" y="198" width="100" height="80"/>
  </children>
  <children xsi:type="notation:Shape" type="2002" fontName="微软雅黑">
    <children xsi:type="notation:DecorationNode" type="5002"/>
    <element href="NCP.xml#//@comp.3"/>
    <layoutConstraint xsi:type="notation:Bounds" x="696" y="330" width="100" height="80"/>
  </children>
  <children xsi:type="notation:Shape" type="2002" fontName="微软雅黑">
    <children xsi:type="notation:DecorationNode" type="5002"/>
    <element href="NCP.xml#//@comp.4"/>
    <layoutConstraint xsi:type="notation:Bounds" x="696" y="456" width="100" height="80"/>
  </children>
  <children xsi:type="notation:Shape" type="2008" fontName="微软雅黑">
    <children xsi:type="notation:DecorationNode" type="5008"/>
    <element href="NCP.xml#//@comp.5"/>
    <layoutConstraint xsi:type="notation:Bounds" x="375" y="105" width="100" height="80"/>
  </children>
  <children xsi:type="notation:Shape" type="2008" fontName="微软雅黑">
    <children xsi:type="notation:DecorationNode" type="5008"/>
    <element href="NCP.xml#//@comp.6"/>
    <layoutConstraint xsi:type="notation:Bounds" x="370" y="230" width="100" height="80"/>
  </children>
  <children xsi:type="notation:Shape" type="2008" fontName="微软雅黑">
    <children xsi:type="notation:DecorationNode" type="5008"/>
    <element href="NCP.xml#//@comp.7"/>
    <layoutConstraint xsi:type="notation:Bounds" x="372" y="324" width="100" height="80"/>
  </children>
  <children xsi:type="notation:Shape" type="2008" fontName="微软雅黑">
    <children xsi:type="notation:DecorationNode" type="5008"/>
    <element href="NCP.xml#//@comp.8"/>
    <layoutConstraint xsi:type="notation:Bounds" x="378" y="426" width="100" height="80"/>
  </children>
  <children xsi:type="notation:Shape" type="2008" fontName="微软雅黑">
    <children xsi:type="notation:DecorationNode" type="5008"/>
    <element href="NCP.xml#//@comp.9"/>
    <layoutConstraint xsi:type="notation:Bounds" x="378" y="552" width="100" height="80"/>
  </children>
  <children xsi:type="notation:Shape" type="2006" fontName="微软雅黑">
    <children xsi:type="notation:DecorationNode" type="5006"/>
    <element href="NCP.xml#//@comp.10"/>
    <layoutConstraint xsi:type="notation:Bounds" x="20" y="450" width="100" height="80"/>
  </children>
  <children xsi:type="notation:Shape" type="2002" fontName="微软雅黑">
    <children xsi:type="notation:DecorationNode" type="5002"/>
    <element href="NCP.xml#//@comp.11"/>
    <layoutConstraint xsi:type="notation:Bounds" x="725" y="15" width="100" height="80"/>
  </children>
  <children xsi:type="notation:Shape" type="2006" fontName="微软雅黑">
    <children xsi:type="notation:DecorationNode" type="5006"/>
    <element href="NCP.xml#//@comp.12"/>
    <layoutConstraint xsi:type="notation:Bounds" x="10" y="10" width="100" height="80"/>
  </children>
  <children xsi:type="notation:Shape" type="2008" fontName="Microsoft YaHei UI">
    <children xsi:type="notation:DecorationNode" type="5008"/>
    <element href="NCP.xml#//@comp.13"/>
    <layoutConstraint xsi:type="notation:Bounds" x="380" y="5" width="100" height="80"/>
  </children>
  <children xsi:type="notation:Shape" type="2002" fontName="微软雅黑">
    <children xsi:type="notation:DecorationNode" type="5002"/>
    <element href="NCP.xml#//@comp.14"/>
    <layoutConstraint xsi:type="notation:Bounds" x="735" y="110" width="100" height="80"/>
  </children>
  <styles xsi:type="notation:DiagramStyle"/>
  <element href="NCP.xml#/"/>
  <edges xsi:type="notation:Connector" type="4001" source="//@children.1" target="//@children.5">
    <styles xsi:type="notation:FontStyle" fontName="微软雅黑"/>
    <element href="NCP.xml#//@conn.0"/>
    <bendpoints xsi:type="notation:RelativeBendpoints" points="[50, 2, -270, -13]$[272, 1, -48, -14]"/>
  </edges>
  <edges xsi:type="notation:Connector" type="4001" source="//@children.1" target="//@children.6">
    <styles xsi:type="notation:FontStyle" fontName="微软雅黑"/>
    <element href="NCP.xml#//@conn.1"/>
    <bendpoints xsi:type="notation:RelativeBendpoints" points="[50, 21, -285, -99]$[285, 124, -50, 4]"/>
  </edges>
  <edges xsi:type="notation:Connector" type="4001" source="//@children.1" target="//@children.7">
    <styles xsi:type="notation:FontStyle" fontName="微软雅黑"/>
    <element href="NCP.xml#//@conn.2"/>
    <bendpoints xsi:type="notation:RelativeBendpoints" points="[50, 38, -285, -182]$[285, 226, -50, 6]"/>
  </edges>
  <edges xsi:type="notation:Connector" type="4001" source="//@children.5" target="//@children.2">
    <styles xsi:type="notation:FontStyle" fontName="微软雅黑"/>
    <element href="NCP.xml#//@conn.3"/>
    <bendpoints xsi:type="notation:RelativeBendpoints" points="[50, -24, -230, 96]$[231, -111, -49, 9]"/>
  </edges>
  <edges xsi:type="notation:Connector" type="4001" source="//@children.5" target="//@children.3">
    <styles xsi:type="notation:FontStyle" fontName="微软雅黑"/>
    <element href="NCP.xml#//@conn.4"/>
    <bendpoints xsi:type="notation:RelativeBendpoints" points="[50, -7, -225, 18]$[225, -32, -50, -7]"/>
  </edges>
  <edges xsi:type="notation:Connector" type="4001" source="//@children.6" target="//@children.2">
    <styles xsi:type="notation:FontStyle" fontName="微软雅黑"/>
    <element href="NCP.xml#//@conn.5"/>
    <bendpoints xsi:type="notation:RelativeBendpoints" points="[38, -40, -227, 185]$[214, -222, -51, 3]"/>
  </edges>
  <edges xsi:type="notation:Connector" type="4001" source="//@children.6" target="//@children.3">
    <styles xsi:type="notation:FontStyle" fontName="微软雅黑"/>
    <element href="NCP.xml#//@conn.6"/>
    <bendpoints xsi:type="notation:RelativeBendpoints" points="[50, -29, -210, 101]$[210, -124, -50, 6]"/>
  </edges>
  <edges xsi:type="notation:Connector" type="4001" source="//@children.7" target="//@children.2">
    <styles xsi:type="notation:FontStyle" fontName="微软雅黑"/>
    <element href="NCP.xml#//@conn.7"/>
    <bendpoints xsi:type="notation:RelativeBendpoints" points="[25, -40, -240, 285]$[217, -339, -48, -14]"/>
  </edges>
  <edges xsi:type="notation:Connector" type="4001" source="//@children.7" target="//@children.3">
    <styles xsi:type="notation:FontStyle" fontName="微软雅黑"/>
    <element href="NCP.xml#//@conn.8"/>
    <bendpoints xsi:type="notation:RelativeBendpoints" points="[40, -40, -220, 190]$[231, -264, -29, -34]"/>
  </edges>
  <edges xsi:type="notation:Connector" type="4001" source="//@children.8" target="//@children.3">
    <styles xsi:type="notation:FontStyle" fontName="微软雅黑"/>
    <element href="NCP.xml#//@conn.9"/>
    <bendpoints xsi:type="notation:RelativeBendpoints" points="[21, -40, -239, 365]$[221, -432, -39, -27]"/>
  </edges>
  <edges xsi:type="notation:Connector" type="4001" source="//@children.9" target="//@children.3">
    <styles xsi:type="notation:FontStyle" fontName="微软雅黑"/>
    <element href="NCP.xml#//@conn.10"/>
    <bendpoints xsi:type="notation:RelativeBendpoints" points="[19, -40, -240, 479]$[214, -502, -45, 17]"/>
  </edges>
  <edges xsi:type="notation:Connector" type="4001" source="//@children.8" target="//@children.4">
    <styles xsi:type="notation:FontStyle" fontName="微软雅黑"/>
    <element href="NCP.xml#//@conn.11"/>
    <bendpoints xsi:type="notation:RelativeBendpoints" points="[50, -5, -304, 37]$[308, -25, -46, 17]"/>
  </edges>
  <edges xsi:type="notation:Connector" type="4001" source="//@children.0" target="//@children.5">
    <styles xsi:type="notation:FontStyle" fontName="微软雅黑"/>
    <element href="NCP.xml#//@conn.12"/>
    <bendpoints xsi:type="notation:RelativeBendpoints" points="[50, 20, -270, -100]$[270, 113, -50, -7]"/>
  </edges>
  <edges xsi:type="notation:Connector" type="4001" source="//@children.5" target="//@children.11">
    <styles xsi:type="notation:FontStyle" fontName="微软雅黑"/>
    <element href="NCP.xml#//@conn.13"/>
    <bendpoints xsi:type="notation:RelativeBendpoints" points="[50, -10, -249, 39]$[252, -66, -47, -17]"/>
  </edges>
  <edges xsi:type="notation:Connector" type="4001" source="//@children.5" target="//@children.4">
    <styles xsi:type="notation:FontStyle" fontName="微软雅黑"/>
    <element href="NCP.xml#//@conn.14"/>
    <bendpoints xsi:type="notation:RelativeBendpoints" points="[33, 40, -297, -332]$[288, 348, -42, -24]"/>
  </edges>
  <edges xsi:type="notation:Connector" type="4001" source="//@children.10" target="//@children.9">
    <styles xsi:type="notation:FontStyle" fontName="Microsoft YaHei UI"/>
    <element href="NCP.xml#//@conn.15"/>
    <bendpoints xsi:type="notation:RelativeBendpoints" points="[50, 14, -308, -88]$[309, 91, -49, -11]"/>
  </edges>
  <edges xsi:type="notation:Connector" type="4001" source="//@children.10" target="//@children.5">
    <styles xsi:type="notation:FontStyle" fontName="Microsoft YaHei UI"/>
    <element href="NCP.xml#//@conn.16"/>
    <bendpoints xsi:type="notation:RelativeBendpoints" points="[42, -40, -304, 326]$[379, -338, 33, 28]"/>
  </edges>
  <edges xsi:type="notation:Connector" type="4001" source="//@children.12" target="//@children.13">
    <styles xsi:type="notation:FontStyle" fontName="Microsoft YaHei UI"/>
    <element href="NCP.xml#//@conn.17"/>
    <bendpoints xsi:type="notation:RelativeBendpoints" points="[50, -2, -325, -2]$[418, -20, 43, -20]"/>
  </edges>
  <edges xsi:type="notation:Connector" type="4001" source="//@children.6" target="//@children.14">
    <styles xsi:type="notation:FontStyle" fontName="Microsoft YaHei UI"/>
    <element href="NCP.xml#//@conn.18"/>
    <bendpoints xsi:type="notation:RelativeBendpoints" points="[50, -20, -315, 100]$[320, -139, -45, -19]"/>
  </edges>
</notation:Diagram>
