<?xml version="1.0" encoding="UTF-8"?>
<CompModel:Process xmi:version="2.0" xmlns:xmi="http://www.omg.org/XMI" xmlns:xsi="http://www.w3.org/2001/XMLSchema-instance" xmlns:CompModel="http://www.comp.adtec.com" name="NCP" id="00001">
  <comp xsi:type="CompModel:SynSourceDta" type="同步源DTA" id="00003" target="//@conn.12" commonFlag="true" synFlag="true" adapterFlag="true" name="TERM_SVR" desc="柜面渠道通讯服务端" comment="柜面渠道通讯服务端" dtaId="00003"/>
  <comp xsi:type="CompModel:SynSourceDta" type="同步源DTA" id="00002" target="//@conn.0 //@conn.1 //@conn.2" commonFlag="true" synFlag="true" adapterFlag="true" name="CUP_SVR" desc="银联渠道通讯服务端" comment="银联渠道通讯服务端" protocol="HTTP" dtaId="00002"/>
  <comp xsi:type="CompModel:SynDestDta" type="同步目的DTA" id="00004" source="//@conn.3 //@conn.5 //@conn.7" synFlag="true" adapterFlag="true" name="CRED_CLI" desc="负责贷记卡通讯的通讯DTA" comment="负责贷记卡通讯的通讯DTA" dtaId="00007"/>
  <comp xsi:type="CompModel:SynDestDta" type="同步目的DTA" id="00003" source="//@conn.4 //@conn.6 //@conn.8 //@conn.9 //@conn.10" synFlag="true" adapterFlag="true" name="HOST_CLI" desc="负责核心通讯的通讯DTA" comment="负责核心通讯的通讯DTA" dtaId="00006"/>
  <comp xsi:type="CompModel:SynDestDta" type="同步目的DTA" id="00001" source="//@conn.11 //@conn.14" synFlag="true" adapterFlag="true" name="SMS_CLI" desc="短信网关客户端" comment="短信网关客户端" dtaId="00004"/>
  <comp xsi:type="CompModel:SubBus" stepNo="1" type="组件" id="00002" source="//@conn.0 //@conn.12 //@conn.16" target="//@conn.3 //@conn.4 //@conn.13 //@conn.14" name="QRY" desc="无卡支付查询业务" comment="无卡支付查询业务"/>
  <comp xsi:type="CompModel:SubBus" stepNo="2" type="组件" id="00003" source="//@conn.1" target="//@conn.5 //@conn.6 //@conn.18" name="SIGN" desc="无卡支付签约业务" comment="无卡支付签约业务"/>
  <comp xsi:type="CompModel:SubBus" stepNo="3" type="组件" id="00004" source="//@conn.2" target="//@conn.7 //@conn.8" name="ACCT" desc="无卡支付账务类业务" comment="无卡支付账务类业务"/>
  <comp xsi:type="CompModel:SubBus" type="组件" id="00006" target="//@conn.9 //@conn.11" name="AUTODO" desc="自动任务" comment="自动任务"/>
  <comp xsi:type="CompModel:SubBus" stepNo="1" type="组件" id="00007" source="//@conn.15" target="//@conn.10" name="CHK" desc="对账清算" comment="对账清算"/>
  <comp xsi:type="CompModel:SynSourceDta" type="同步源DTA" id="00001" target="//@conn.15 //@conn.16" commonFlag="true" synFlag="true" adapterFlag="true" name="MNG_SVR" desc="无卡支付系统标准服务端" comment="无卡支付系统标准服务端" dtaId="00001"/>
  <comp xsi:type="CompModel:SynDestDta" type="同步目的DTA" id="00002" source="//@conn.13" synFlag="true" adapterFlag="true" name="CUP_CLI" desc="外围渠道通讯客户端" comment="外围渠道通讯客户端" protocol="HTTP" dtaId="00005"/>
  <comp xsi:type="CompModel:SynSourceDta" type="同步源DTA" id="00006" target="//@conn.17" commonFlag="true" synFlag="true" adapterFlag="true" name="EBANK_SVR" desc="网银渠道" comment="null" protocol="HTTP" dtaId="0000A"/>
  <comp xsi:type="CompModel:SubBus" type="组件" id="0000C" source="//@conn.17" name="SIGNS" desc="网联签约"/>
  <comp xsi:type="CompModel:SynDestDta" type="同步目的DTA" id="0000E" source="//@conn.18" synFlag="true" adapterFlag="true" name="NETBK_CLI" desc="网联签约" comment="网联签约" dtaId="0000M"/>
  <conn xsi:type="CompModel:SingleConnection" to="//@comp.5" from="//@comp.1"/>
  <conn xsi:type="CompModel:SingleConnection" to="//@comp.6" from="//@comp.1"/>
  <conn xsi:type="CompModel:SingleConnection" to="//@comp.7" from="//@comp.1"/>
  <conn xsi:type="CompModel:SingleConnection" to="//@comp.2" from="//@comp.5"/>
  <conn xsi:type="CompModel:SingleConnection" to="//@comp.3" from="//@comp.5"/>
  <conn xsi:type="CompModel:SingleConnection" to="//@comp.2" from="//@comp.6"/>
  <conn xsi:type="CompModel:SingleConnection" to="//@comp.3" from="//@comp.6"/>
  <conn xsi:type="CompModel:SingleConnection" to="//@comp.2" from="//@comp.7"/>
  <conn xsi:type="CompModel:SingleConnection" to="//@comp.3" from="//@comp.7"/>
  <conn xsi:type="CompModel:SingleConnection" to="//@comp.3" from="//@comp.8"/>
  <conn xsi:type="CompModel:SingleConnection" to="//@comp.3" from="//@comp.9"/>
  <conn xsi:type="CompModel:SingleConnection" to="//@comp.4" from="//@comp.8"/>
  <conn xsi:type="CompModel:SingleConnection" to="//@comp.5" from="//@comp.0"/>
  <conn xsi:type="CompModel:SingleConnection" to="//@comp.11" from="//@comp.5"/>
  <conn xsi:type="CompModel:SingleConnection" to="//@comp.4" from="//@comp.5"/>
  <conn xsi:type="CompModel:SingleConnection" to="//@comp.9" from="//@comp.10"/>
  <conn xsi:type="CompModel:SingleConnection" to="//@comp.5" from="//@comp.10"/>
  <conn xsi:type="CompModel:SingleConnection" to="//@comp.13" from="//@comp.12"/>
  <conn xsi:type="CompModel:SingleConnection" to="//@comp.14" from="//@comp.6"/>
</CompModel:Process>
