<?xml version="1.0" encoding="UTF-8"?>

<beans xmlns="http://www.springframework.org/schema/beans" xmlns:xsi="http://www.w3.org/2001/XMLSchema-instance" xmlns:c="http://www.springframework.org/schema/c" xmlns:p="http://www.springframework.org/schema/p" xmlns:context="http://www.springframework.org/schema/context"
		xsi:schemaLocation="http://www.springframework.org/schema/beans
http://www.springframework.org/schema/beans/spring-beans-4.0.xsd
http://www.springframework.org/schema/context
http://www.springframework.org/schema/context/spring-context-4.0.xsd">
  <bean id="SQRY00020001"
  		class="com.adtec.ncps.busi.ncp.qry.SQRY00020001"
  		name="协议支付签约触发短信"/>
  <bean id="SQRY00023101"
  		class="com.adtec.ncps.busi.ncp.qry.SQRY00023101"
  		name="交易状态及信息查询"/>
  <bean id="SQRY00020002"
  		class="com.adtec.ncps.busi.ncp.qry.SQRY00020002"
  		name="借记支付签约触发短信"/>
  <bean id="SQRY00023002"
  		class="com.adtec.ncps.busi.ncp.qry.SQRY00023002"
  		name="交易终态通知"/>
  <bean id="SQRY00023001"
  		class="com.adtec.ncps.busi.ncp.qry.SQRY00023001"
  		name="入账通知"/>
  <bean id="SQRY00020101"
  		class="com.adtec.ncps.busi.ncp.qry.SQRY00020101"
  		name="账户信息验证"/>
  <bean id="SQRY00020401"
  		class="com.adtec.ncps.busi.ncp.qry.SQRY00020401"
  		name="余额查询"/>
  <bean id="SQRY00020003"
  		class="com.adtec.ncps.busi.ncp.qry.SQRY00020003"
  		name="直接支付触发短信"/>
  <bean id="SQRYPub"
  		class="com.adtec.ncps.busi.ncp.qry.SQRYPub"
  		name="查询公共类"/>
  <bean id="SQRY00610002"
  		class="com.adtec.ncps.busi.ncp.qry.SQRY00610002"
  		name="协议支付解约通知"/>
  <bean id="SQRY00610004"
  		class="com.adtec.ncps.busi.ncp.qry.SQRY00610004"
  		name="银联无卡支付业务查询"/>
  <bean id="SQRY00610005"
  		class="com.adtec.ncps.busi.ncp.qry.SQRY00610005"
  		name="银联无卡支付业务协议查询"/>
</beans>
