<?xml version="1.0" encoding="UTF-8"?>

<DataMapTab RecNum="15">
  <DataMap SrcDta="QRY"
  		SrcSvc="SQRY00020001"
  		SrcType="ALA"
  		DstDta="HOST_CLI"
  		DstSvc="S805070"
  		DstType="DTA">
    <NodeClass Name="未分类"
    		Desc="未分类"/>
    <ItemTab RecNum="11">
      <Item IOType="I"
      		MapType="E"
      		SrcSdo="fmt_CUP_SVR_IN.ISO_8583"
      		DstSdo="ISO_8583">
        <MapExpr><![CDATA[]]></MapExpr>
      </Item>
      <Item IOType="I"
      		MapType="D"
      		SrcSdo="fmt_CUP_SVR_IN.ISO_8583.iso_8583_002"
      		DstSdo="ISO_8583.iso_8583_002">
        <MapExpr><![CDATA[]]></MapExpr>
      </Item>
      <Item IOType="I"
      		MapType="D"
      		SrcSdo="fmt_CUP_SVR_IN.ISO_8583.iso_8583_003"
      		DstSdo="ISO_8583.iso_8583_003">
        <MapExpr><![CDATA[]]></MapExpr>
      </Item>
      <Item IOType="I"
      		MapType="D"
      		SrcSdo="fmt_CUP_SVR_IN.ISO_8583.iso_8583_005"
      		DstSdo="ISO_8583.iso_8583_005">
        <MapExpr><![CDATA[]]></MapExpr>
      </Item>
      <Item IOType="I"
      		MapType="D"
      		SrcSdo="fmt_CUP_SVR_IN.ISO_8583.iso_8583_007"
      		DstSdo="ISO_8583.iso_8583_007">
        <MapExpr><![CDATA[]]></MapExpr>
      </Item>
      <Item IOType="I"
      		MapType="D"
      		SrcSdo="fmt_CUP_SVR_IN.ISO_8583.iso_8583_025"
      		DstSdo="ISO_8583.iso_8583_025">
        <MapExpr><![CDATA[]]></MapExpr>
      </Item>
      <Item IOType="I"
      		MapType="D"
      		SrcSdo="fmt_CUP_SVR_IN.ISO_8583.iso_8583_030"
      		DstSdo="ISO_8583.iso_8583_030">
        <MapExpr><![CDATA[]]></MapExpr>
      </Item>
      <Item IOType="I"
      		MapType="D"
      		SrcSdo="fmt_CUP_SVR_IN.ISO_8583.iso_8583_062"
      		DstSdo="ISO_8583.iso_8583_062">
        <MapExpr><![CDATA[]]></MapExpr>
      </Item>
      <Item IOType="I"
      		MapType="D"
      		SrcSdo="fmt_CUP_SVR_IN.ISO_8583.iso_8583_068"
      		DstSdo="ISO_8583.iso_8583_068">
        <MapExpr><![CDATA[]]></MapExpr>
      </Item>
      <Item IOType="I"
      		MapType="D"
      		SrcSdo="fmt_CUP_SVR_IN.ISO_8583.iso_8583_071"
      		DstSdo="ISO_8583.iso_8583_071">
        <MapExpr><![CDATA[]]></MapExpr>
      </Item>
      <Item IOType="O"
      		MapType="E"
      		SrcSdo="ISO_8583"
      		DstSdo="fmt_CUP_SVR_OUT.ISO_8583">
        <MapExpr><![CDATA[]]></MapExpr>
      </Item>
    </ItemTab>
  </DataMap>
  <DataMap SrcDta="QRY"
  		SrcSvc="SQRY00020002"
  		SrcType="ALA"
  		DstDta="HOST_CLI"
  		DstSvc="S805070"
  		DstType="DTA">
    <NodeClass Name="未分类"
    		Desc="未分类"/>
    <ItemTab RecNum="0"/>
  </DataMap>
  <DataMap SrcDta="QRY"
  		SrcSvc="SQRY00020001"
  		SrcType="ALA"
  		DstDta="CRED_CLI"
  		DstSvc="030517"
  		DstType="DTA">
    <NodeClass Name="未分类"
    		Desc="未分类"/>
    <ItemTab RecNum="11">
      <Item IOType="I"
      		MapType="X"
      		SrcSdo=""
      		DstSdo="CREDIT_CLI_030517_Req.Brc">
        <MapExpr><![CDATA[$fmt_CUP_SVR_IN[0].CREDIT_CLI_030517_Req[0].Brc;]]></MapExpr>
      </Item>
      <Item IOType="I"
      		MapType="X"
      		SrcSdo=""
      		DstSdo="CREDIT_CLI_030517_Req.BrcName0">
        <MapExpr><![CDATA[$fmt_CUP_SVR_IN[0].CREDIT_CLI_030517_Req[0].BrcName0;]]></MapExpr>
      </Item>
      <Item IOType="I"
      		MapType="X"
      		SrcSdo=""
      		DstSdo="CREDIT_CLI_030517_Req.CARDNO">
        <MapExpr><![CDATA[$fmt_CUP_SVR_IN[0].CREDIT_CLI_030517_Req[0].CARDNO;]]></MapExpr>
      </Item>
      <Item IOType="I"
      		MapType="X"
      		SrcSdo=""
      		DstSdo="CREDIT_CLI_030517_Req.PIN">
        <MapExpr><![CDATA[$fmt_CUP_SVR_IN[0].CREDIT_CLI_030517_Req[0].PIN;]]></MapExpr>
      </Item>
      <Item IOType="I"
      		MapType="X"
      		SrcSdo=""
      		DstSdo="CREDIT_CLI_030517_Req.PINFLAG">
        <MapExpr><![CDATA[$fmt_CUP_SVR_IN[0].CREDIT_CLI_030517_Req[0].PINFLAG;]]></MapExpr>
      </Item>
      <Item IOType="I"
      		MapType="X"
      		SrcSdo=""
      		DstSdo="CREDIT_CLI_030517_Req.Teller">
        <MapExpr><![CDATA[$fmt_CUP_SVR_IN[0].CREDIT_CLI_030517_Req[0].Teller;]]></MapExpr>
      </Item>
      <Item IOType="I"
      		MapType="X"
      		SrcSdo=""
      		DstSdo="CREDIT_CLI_030517_Req.TellerName">
        <MapExpr><![CDATA[$fmt_CUP_SVR_IN[0].CREDIT_CLI_030517_Req[0].TellerName;]]></MapExpr>
      </Item>
      <Item IOType="I"
      		MapType="X"
      		SrcSdo=""
      		DstSdo="CREDIT_CLI_030517_Req.TermId">
        <MapExpr><![CDATA[$fmt_CUP_SVR_IN[0].CREDIT_CLI_030517_Req[0].TermId;]]></MapExpr>
      </Item>
      <Item IOType="I"
      		MapType="X"
      		SrcSdo=""
      		DstSdo="CREDIT_CLI_030517_Req.TermSeq">
        <MapExpr><![CDATA[$fmt_CUP_SVR_IN[0].CREDIT_CLI_030517_Req[0].TermSeq;]]></MapExpr>
      </Item>
      <Item IOType="I"
      		MapType="X"
      		SrcSdo=""
      		DstSdo="CREDIT_CLI_030517_Req.TranDateTime">
        <MapExpr><![CDATA[$fmt_CUP_SVR_IN[0].CREDIT_CLI_030517_Req[0].TranDateTime;]]></MapExpr>
      </Item>
      <Item IOType="I"
      		MapType="X"
      		SrcSdo=""
      		DstSdo="CREDIT_CLI_030517_Req.TranName">
        <MapExpr><![CDATA[$fmt_CUP_SVR_IN[0].CREDIT_CLI_030517_Req[0].TranName;]]></MapExpr>
      </Item>
    </ItemTab>
  </DataMap>
  <DataMap SrcDta="QRY"
  		SrcSvc="SQRY00020002"
  		SrcType="ALA"
  		DstDta="CRED_CLI"
  		DstSvc="030517"
  		DstType="DTA">
    <NodeClass Name="未分类"
    		Desc="未分类"/>
    <ItemTab RecNum="0"/>
  </DataMap>
  <DataMap SrcDta="QRY"
  		SrcSvc="SQRY00020101"
  		SrcType="ALA"
  		DstDta="HOST_CLI"
  		DstSvc="S805070"
  		DstType="DTA">
    <NodeClass Name="未分类"
    		Desc="未分类"/>
    <ItemTab RecNum="0"/>
  </DataMap>
  <DataMap SrcDta="QRY"
  		SrcSvc="SQRY00020101"
  		SrcType="ALA"
  		DstDta="CRED_CLI"
  		DstSvc="030517"
  		DstType="DTA">
    <NodeClass Name="未分类"
    		Desc="未分类"/>
    <ItemTab RecNum="0"/>
  </DataMap>
  <DataMap SrcDta="QRY"
  		SrcSvc="SQRY00020401"
  		SrcType="ALA"
  		DstDta="HOST_CLI"
  		DstSvc="S805070"
  		DstType="DTA">
    <NodeClass Name="未分类"
    		Desc="未分类"/>
    <ItemTab RecNum="0"/>
  </DataMap>
  <DataMap SrcDta="QRY"
  		SrcSvc="SQRY00020401"
  		SrcType="ALA"
  		DstDta="CRED_CLI"
  		DstSvc="030517"
  		DstType="DTA">
    <NodeClass Name="未分类"
    		Desc="未分类"/>
    <ItemTab RecNum="0"/>
  </DataMap>
  <DataMap SrcDta="QRY"
  		SrcSvc="SQRY00020003"
  		SrcType="ALA"
  		DstDta="HOST_CLI"
  		DstSvc="S805070"
  		DstType="DTA">
    <NodeClass Name="未分类"
    		Desc="未分类"/>
    <ItemTab RecNum="2">
      <Item IOType="I"
      		MapType="E"
      		SrcSdo="fmt_CUP_SVR_IN.ISO_8583"
      		DstSdo="ISO_8583">
        <MapExpr><![CDATA[]]></MapExpr>
      </Item>
      <Item IOType="O"
      		MapType="E"
      		SrcSdo="ISO_8583"
      		DstSdo="fmt_CUP_SVR_OUT.ISO_8583">
        <MapExpr><![CDATA[]]></MapExpr>
      </Item>
    </ItemTab>
  </DataMap>
  <DataMap SrcDta="QRY"
  		SrcSvc="SQRY00020003"
  		SrcType="ALA"
  		DstDta="CRED_CLI"
  		DstSvc="030517"
  		DstType="DTA">
    <NodeClass Name="未分类"
    		Desc="未分类"/>
    <ItemTab RecNum="0"/>
  </DataMap>
  <DataMap SrcDta="QRY"
  		SrcSvc="SQRY00610002"
  		SrcType="ALA"
  		DstDta="CUP_CLI"
  		DstSvc="CUP0303"
  		DstType="DTA">
    <NodeClass Name="未分类"
    		Desc="未分类"/>
    <ItemTab RecNum="4">
      <Item IOType="I"
      		MapType="E"
      		SrcSdo="TERM_NCP_QRY_610002_IN.CUP_CLI_0303_OUT"
      		DstSdo="CUP_CLI_0303_OUT">
        <MapExpr><![CDATA[]]></MapExpr>
      </Item>
      <Item IOType="I"
      		MapType="E"
      		SrcSdo="TERM_NCP_QRY_610002_IN.CUP_CLI_0303_OUT.MsgBody"
      		DstSdo="CUP_CLI_0303_OUT.MsgBody">
        <MapExpr><![CDATA[]]></MapExpr>
      </Item>
      <Item IOType="I"
      		MapType="E"
      		SrcSdo="TERM_NCP_QRY_610002_IN.CUP_CLI_0303_OUT.MsgHeader"
      		DstSdo="CUP_CLI_0303_OUT.MsgHeader">
        <MapExpr><![CDATA[]]></MapExpr>
      </Item>
      <Item IOType="I"
      		MapType="E"
      		SrcSdo="TERM_NCP_QRY_610002_IN.CUP_CLI_0303_OUT.MsgHeader.CupHttpHead"
      		DstSdo="CUP_CLI_0303_OUT.MsgHeader.CupHttpHead">
        <MapExpr><![CDATA[]]></MapExpr>
      </Item>
    </ItemTab>
  </DataMap>
  <DataMap SrcDta="QRY"
  		SrcSvc="SQRY00020001"
  		SrcType="ALA"
  		DstDta="SMS_CLI"
  		DstSvc="S610001"
  		DstType="DTA">
    <NodeClass Name="未分类"
    		Desc="未分类"/>
    <ItemTab RecNum="2">
      <Item IOType="I"
      		MapType="E"
      		SrcSdo="fmt_CUP_SVR_IN.SMS_CLT_OUT"
      		DstSdo="SMS_CLT_OUT">
        <MapExpr><![CDATA[]]></MapExpr>
      </Item>
      <Item IOType="O"
      		MapType="E"
      		SrcSdo="SMS_CLT_IN"
      		DstSdo="fmt_CUP_SVR_OUT.SMS_CLT_IN">
        <MapExpr><![CDATA[]]></MapExpr>
      </Item>
    </ItemTab>
  </DataMap>
  <DataMap SrcDta="QRY"
  		SrcSvc="SQRY00020002"
  		SrcType="ALA"
  		DstDta="SMS_CLI"
  		DstSvc="S610001"
  		DstType="DTA">
    <NodeClass Name="未分类"
    		Desc="未分类"/>
    <ItemTab RecNum="0"/>
  </DataMap>
  <DataMap SrcDta="QRY"
  		SrcSvc="SQRY00020003"
  		SrcType="ALA"
  		DstDta="SMS_CLI"
  		DstSvc="S610001"
  		DstType="DTA">
    <NodeClass Name="未分类"
    		Desc="未分类"/>
    <ItemTab RecNum="2">
      <Item IOType="I"
      		MapType="E"
      		SrcSdo="fmt_CUP_SVR_IN.SMS_CLT_OUT"
      		DstSdo="SMS_CLT_OUT">
        <MapExpr><![CDATA[]]></MapExpr>
      </Item>
      <Item IOType="O"
      		MapType="E"
      		SrcSdo="SMS_CLT_IN"
      		DstSdo="fmt_CUP_SVR_OUT.SMS_CLT_IN">
        <MapExpr><![CDATA[]]></MapExpr>
      </Item>
    </ItemTab>
  </DataMap>
  <DataMap SrcDta="QRY"
  		SrcSvc="SQRY00023101"
  		SrcType="ALA"
  		DstDta="HOST_CLI"
  		DstSvc="S801008"
  		DstType="DTA">
    <NodeClass Name="未分类"
    		Desc="未分类"/>
    <ItemTab RecNum="2">
      <Item IOType="I"
      		MapType="E"
      		SrcSdo="fmt_CUP_SVR_IN.ISO_8583"
      		DstSdo="ISO_8583">
        <MapExpr><![CDATA[]]></MapExpr>
      </Item>
      <Item IOType="O"
      		MapType="E"
      		SrcSdo="ISO_8583"
      		DstSdo="fmt_CUP_SVR_OUT.ISO_8583">
        <MapExpr><![CDATA[]]></MapExpr>
      </Item>
    </ItemTab>
  </DataMap>
</DataMapTab>
