<?xml version="1.0" encoding="UTF-8"?>

<ServiceDefineTab RecNum="11">
  <ServiceDefine Name="SQRY00020001"
  		Desc="协议支付签约触发短信"/>
  <ServiceDefine Name="SQRY00020002"
  		Desc="借记转账签约触发短信"/>
  <ServiceDefine Name="SQRY00020003"
  		Desc="直接支付触发短信"/>
  <ServiceDefine Name="SQRY00020101"
  		Desc="账户信息验证"/>
  <ServiceDefine Name="SQRY00020401"
  		Desc="余额查询"/>
  <ServiceDefine Name="SQRY00023001"
  		Desc="入账通知"/>
  <ServiceDefine Name="SQRY00023002"
  		Desc="交易终态通知"/>
  <ServiceDefine Name="SQRY00023101"
  		Desc="交易状态及信息查询"/>
  <ServiceDefine Name="SQRY00610002"
  		Desc="协议支付解约通知"/>
  <ServiceDefine Name="SQRY00610004"
  		Desc="银联无卡支付业务查询"/>
  <ServiceDefine Name="SQRY00610005"
  		Desc="银联无卡支付业务协议查询"/>
</ServiceDefineTab>
