<?xml version="1.0" encoding="UTF-8"?>
<beans xmlns="http://www.springframework.org/schema/beans"
	xmlns:xsi="http://www.w3.org/2001/XMLSchema-instance" xmlns:c="http://www.springframework.org/schema/c"
	xmlns:p="http://www.springframework.org/schema/p" xmlns:context="http://www.springframework.org/schema/context"
	xsi:schemaLocation="http://www.springframework.org/schema/beans
        http://www.springframework.org/schema/beans/spring-beans-4.0.xsd 
        http://www.springframework.org/schema/context  http://www.springframework.org/schema/context/spring-context-4.0.xsd">


	<bean id="QRY" class="com.adtec.starring.bpm.DefaultALAImpl" init-method="start" destroy-method="stop">
		<property name="alaName" value="QRY" />
		<property name="taskExecutor" ref="alaTaskExecutor"/>
		<property name="msgScannerList">
			<list>
				<bean class="com.adtec.starring.scanner.MsgScannerImpl">
					<property name="priority" value="1" />
					<lookup-method name="createALAInst" bean="alaInst"/>    
				</bean> 
				<bean class="com.adtec.starring.scanner.MsgScannerImpl">
					<property name="priority" value="2" />
					<lookup-method name="createALAInst" bean="alaInst"/>  
				</bean>
				<bean class="com.adtec.starring.scanner.MsgScannerImpl">
					<property name="priority" value="3" />
					<lookup-method name="createALAInst" bean="alaInst"/>  
				</bean> 
				<bean class="com.adtec.starring.scanner.MsgScannerImpl">
					<property name="priority" value="4" />
					<lookup-method name="createALAInst" bean="alaInst"/>  
				</bean>
				<bean class="com.adtec.starring.scanner.MsgScannerImpl">
					<property name="priority" value="5" />
					<lookup-method name="createALAInst" bean="alaInst"/>  
				</bean> 
			</list>
		</property>
	</bean>

</beans>
