<?xml version="1.0" encoding="UTF-8"?>

<SvcDependTab SrcType="C"
		SrcName="QRY">
  <SvcDepend SrcSvcName="SQRY00020001">
    <ItemList>
      <Item DestType="B"
      		DestName="HOST_CLI"
      		SvcName="S805070"/>
      <Item DestType="B"
      		DestName="CRED_CLI"
      		SvcName="030517"/>
      <Item DestType="B"
      		DestName="SMS_CLI"
      		SvcName="S610001"/>
    </ItemList>
  </SvcDepend>
  <SvcDepend SrcSvcName="SQRY00020002">
    <ItemList>
      <Item DestType="B"
      		DestName="CRED_CLI"
      		SvcName="030517"/>
      <Item DestType="B"
      		DestName="HOST_CLI"
      		SvcName="S805070"/>
      <Item DestType="B"
      		DestName="SMS_CLI"
      		SvcName="S610001"/>
    </ItemList>
  </SvcDepend>
  <SvcDepend SrcSvcName="SQRY00020003">
    <ItemList>
      <Item DestType="B"
      		DestName="HOST_CLI"
      		SvcName="S805070"/>
      <Item DestType="B"
      		DestName="CRED_CLI"
      		SvcName="030517"/>
      <Item DestType="B"
      		DestName="SMS_CLI"
      		SvcName="S610001"/>
    </ItemList>
  </SvcDepend>
  <SvcDepend SrcSvcName="SQRY00020101">
    <ItemList>
      <Item DestType="B"
      		DestName="HOST_CLI"
      		SvcName="S805070"/>
      <Item DestType="B"
      		DestName="CRED_CLI"
      		SvcName="030517"/>
    </ItemList>
  </SvcDepend>
  <SvcDepend SrcSvcName="SQRY00020401">
    <ItemList>
      <Item DestType="B"
      		DestName="CRED_CLI"
      		SvcName="030517"/>
      <Item DestType="B"
      		DestName="HOST_CLI"
      		SvcName="S805070"/>
    </ItemList>
  </SvcDepend>
  <SvcDepend SrcSvcName="SQRY00023101">
    <ItemList>
      <Item DestType="B"
      		DestName="HOST_CLI"
      		SvcName="S801008"/>
    </ItemList>
  </SvcDepend>
  <SvcDepend SrcSvcName="SQRY00610002">
    <ItemList>
      <Item DestType="B"
      		DestName="CUP_CLI"
      		SvcName="CUP0303"/>
    </ItemList>
  </SvcDepend>
</SvcDependTab>
