<?xml version="1.0" encoding="UTF-8"?>

<DataMapTab RecNum="23">
  <DataMap SrcDta="EBANK_SVR"
  		SrcSvc="QR0210"
  		SrcType="DTA"
  		DstDta="QR"
  		DstSvc="BS0210"
  		DstType="ALA">
    <NodeClass Name="未分类"
    		Desc="未分类"/>
    <ItemTab RecNum="3">
      <Item IOType="I"
      		MapType="E"
      		SrcSdo="OBJ_EBANK_SVR_QR0210_REQ"
      		DstSdo="OBJ_ALA_abstarct_REQ.req">
        <MapExpr><![CDATA[]]></MapExpr>
      </Item>
      <Item IOType="I"
      		MapType="D"
      		SrcSdo="OBJ_EBANK_SVR_QR0210_REQ.tx_code"
      		DstSdo="OBJ_ALA_abstarct_REQ.svcName">
        <MapExpr><![CDATA[]]></MapExpr>
      </Item>
      <Item IOType="O"
      		MapType="A"
      		SrcSdo="OBJ_ALA_abstarct_RES.res"
      		DstSdo="OBJ_EBANK_SVR_QR0210_RES">
        <MapExpr><![CDATA[]]></MapExpr>
      </Item>
    </ItemTab>
  </DataMap>
  <DataMap SrcDta="EBANK_SVR"
  		SrcSvc="QR0240"
  		SrcType="DTA"
  		DstDta="QR"
  		DstSvc="BS0240"
  		DstType="ALA">
    <NodeClass Name="未分类"
    		Desc="未分类"/>
    <ItemTab RecNum="3">
      <Item IOType="I"
      		MapType="E"
      		SrcSdo="OBJ_EBANK_SVR_QR0240_REQ"
      		DstSdo="OBJ_ALA_abstarct_REQ.req">
        <MapExpr><![CDATA[]]></MapExpr>
      </Item>
      <Item IOType="I"
      		MapType="D"
      		SrcSdo="OBJ_EBANK_SVR_QR0240_REQ.tx_code"
      		DstSdo="OBJ_ALA_abstarct_REQ.svcName">
        <MapExpr><![CDATA[]]></MapExpr>
      </Item>
      <Item IOType="O"
      		MapType="A"
      		SrcSdo="OBJ_ALA_abstarct_RES.res"
      		DstSdo="OBJ_EBANK_SVR_QR0240_RES">
        <MapExpr><![CDATA[]]></MapExpr>
      </Item>
    </ItemTab>
  </DataMap>
  <DataMap SrcDta="EBANK_SVR"
  		SrcSvc="QR0120"
  		SrcType="DTA"
  		DstDta="QR"
  		DstSvc="ZS0120"
  		DstType="ALA">
    <NodeClass Name="未分类"
    		Desc="未分类"/>
    <ItemTab RecNum="3">
      <Item IOType="I"
      		MapType="E"
      		SrcSdo="OBJ_EBANK_SVR_QR0120_REQ"
      		DstSdo="OBJ_ALA_abstarct_REQ.req">
        <MapExpr><![CDATA[]]></MapExpr>
      </Item>
      <Item IOType="I"
      		MapType="D"
      		SrcSdo="OBJ_EBANK_SVR_QR0120_REQ.tx_code"
      		DstSdo="OBJ_ALA_abstarct_REQ.svcName">
        <MapExpr><![CDATA[]]></MapExpr>
      </Item>
      <Item IOType="O"
      		MapType="A"
      		SrcSdo="OBJ_ALA_abstarct_RES.res"
      		DstSdo="OBJ_EBANK_SVR_QR0120_RES">
        <MapExpr><![CDATA[]]></MapExpr>
      </Item>
    </ItemTab>
  </DataMap>
  <DataMap SrcDta="EBANK_SVR"
  		SrcSvc="QR0180"
  		SrcType="DTA"
  		DstDta="QR"
  		DstSvc="ZS0180"
  		DstType="ALA">
    <NodeClass Name="未分类"
    		Desc="未分类"/>
    <ItemTab RecNum="3">
      <Item IOType="I"
      		MapType="E"
      		SrcSdo="OBJ_EBANK_SVR_QR0180_REQ"
      		DstSdo="OBJ_ALA_abstarct_REQ.req">
        <MapExpr><![CDATA[]]></MapExpr>
      </Item>
      <Item IOType="I"
      		MapType="D"
      		SrcSdo="OBJ_EBANK_SVR_QR0180_REQ.tx_code"
      		DstSdo="OBJ_ALA_abstarct_REQ.svcName">
        <MapExpr><![CDATA[]]></MapExpr>
      </Item>
      <Item IOType="O"
      		MapType="A"
      		SrcSdo="OBJ_ALA_abstarct_RES.res"
      		DstSdo="OBJ_EBANK_SVR_QR0180_RES">
        <MapExpr><![CDATA[]]></MapExpr>
      </Item>
    </ItemTab>
  </DataMap>
  <DataMap SrcDta="EBANK_SVR"
  		SrcSvc="QR0130"
  		SrcType="DTA"
  		DstDta="QR"
  		DstSvc="ZS0130"
  		DstType="ALA">
    <NodeClass Name="未分类"
    		Desc="未分类"/>
    <ItemTab RecNum="3">
      <Item IOType="I"
      		MapType="E"
      		SrcSdo="OBJ_EBANK_SVR_QR0130_REQ"
      		DstSdo="OBJ_ALA_abstarct_REQ.req">
        <MapExpr><![CDATA[]]></MapExpr>
      </Item>
      <Item IOType="I"
      		MapType="D"
      		SrcSdo="OBJ_EBANK_SVR_QR0130_REQ.tx_code"
      		DstSdo="OBJ_ALA_abstarct_REQ.svcName">
        <MapExpr><![CDATA[]]></MapExpr>
      </Item>
      <Item IOType="O"
      		MapType="A"
      		SrcSdo="OBJ_ALA_abstarct_RES.res"
      		DstSdo="OBJ_EBANK_SVR_QR0130_RES">
        <MapExpr><![CDATA[]]></MapExpr>
      </Item>
    </ItemTab>
  </DataMap>
  <DataMap SrcDta="EBANK_SVR"
  		SrcSvc="QR0510"
  		SrcType="DTA"
  		DstDta="QR"
  		DstSvc="ZS0510"
  		DstType="ALA">
    <NodeClass Name="未分类"
    		Desc="未分类"/>
    <ItemTab RecNum="3">
      <Item IOType="I"
      		MapType="E"
      		SrcSdo="OBJ_EBANK_SVR_QR0510_REQ"
      		DstSdo="OBJ_ALA_abstarct_REQ.req">
        <MapExpr><![CDATA[]]></MapExpr>
      </Item>
      <Item IOType="I"
      		MapType="D"
      		SrcSdo="OBJ_EBANK_SVR_QR0510_REQ.tx_code"
      		DstSdo="OBJ_ALA_abstarct_REQ.svcName">
        <MapExpr><![CDATA[]]></MapExpr>
      </Item>
      <Item IOType="O"
      		MapType="A"
      		SrcSdo="OBJ_ALA_abstarct_RES.res"
      		DstSdo="OBJ_EBANK_SVR_QR0510_RES">
        <MapExpr><![CDATA[]]></MapExpr>
      </Item>
    </ItemTab>
  </DataMap>
  <DataMap SrcDta="EBANK_SVR"
  		SrcSvc="QR0140"
  		SrcType="DTA"
  		DstDta="QR"
  		DstSvc="ZS0140"
  		DstType="ALA">
    <NodeClass Name="未分类"
    		Desc="未分类"/>
    <ItemTab RecNum="3">
      <Item IOType="I"
      		MapType="E"
      		SrcSdo="OBJ_EBANK_SVR_QR0140_REQ"
      		DstSdo="OBJ_ALA_abstarct_REQ.req">
        <MapExpr><![CDATA[]]></MapExpr>
      </Item>
      <Item IOType="I"
      		MapType="D"
      		SrcSdo="OBJ_EBANK_SVR_QR0140_REQ.tx_code"
      		DstSdo="OBJ_ALA_abstarct_REQ.svcName">
        <MapExpr><![CDATA[]]></MapExpr>
      </Item>
      <Item IOType="O"
      		MapType="A"
      		SrcSdo="OBJ_ALA_abstarct_RES.res"
      		DstSdo="OBJ_EBANK_SVR_QR0140_RES">
        <MapExpr><![CDATA[]]></MapExpr>
      </Item>
    </ItemTab>
  </DataMap>
  <DataMap SrcDta="EBANK_SVR"
  		SrcSvc="QR0540"
  		SrcType="DTA"
  		DstDta="QR"
  		DstSvc="ZS0540"
  		DstType="ALA">
    <NodeClass Name="未分类"
    		Desc="未分类"/>
    <ItemTab RecNum="3">
      <Item IOType="I"
      		MapType="E"
      		SrcSdo="OBJ_EBANK_SVR_QR0540_REQ"
      		DstSdo="OBJ_ALA_abstarct_REQ.req">
        <MapExpr><![CDATA[]]></MapExpr>
      </Item>
      <Item IOType="I"
      		MapType="D"
      		SrcSdo="OBJ_EBANK_SVR_QR0540_REQ.tx_code"
      		DstSdo="OBJ_ALA_abstarct_REQ.svcName">
        <MapExpr><![CDATA[]]></MapExpr>
      </Item>
      <Item IOType="O"
      		MapType="A"
      		SrcSdo="OBJ_ALA_abstarct_RES.res"
      		DstSdo="OBJ_EBANK_SVR_QR0540_RES">
        <MapExpr><![CDATA[]]></MapExpr>
      </Item>
    </ItemTab>
  </DataMap>
  <DataMap SrcDta="EBANK_SVR"
  		SrcSvc="QR0150"
  		SrcType="DTA"
  		DstDta="QR"
  		DstSvc="ZS0150"
  		DstType="ALA">
    <NodeClass Name="未分类"
    		Desc="未分类"/>
    <ItemTab RecNum="3">
      <Item IOType="I"
      		MapType="E"
      		SrcSdo="OBJ_EBANK_SVR_QR0150_REQ"
      		DstSdo="OBJ_ALA_abstarct_REQ.req">
        <MapExpr><![CDATA[]]></MapExpr>
      </Item>
      <Item IOType="I"
      		MapType="D"
      		SrcSdo="OBJ_EBANK_SVR_QR0150_REQ.tx_code"
      		DstSdo="OBJ_ALA_abstarct_REQ.svcName">
        <MapExpr><![CDATA[]]></MapExpr>
      </Item>
      <Item IOType="O"
      		MapType="A"
      		SrcSdo="OBJ_ALA_abstarct_RES.res"
      		DstSdo="OBJ_EBANK_SVR_QR0150_RES">
        <MapExpr><![CDATA[]]></MapExpr>
      </Item>
    </ItemTab>
  </DataMap>
  <DataMap SrcDta="EBANK_SVR"
  		SrcSvc="QR0570"
  		SrcType="DTA"
  		DstDta="QR"
  		DstSvc="ZS0570"
  		DstType="ALA">
    <NodeClass Name="未分类"
    		Desc="未分类"/>
    <ItemTab RecNum="3">
      <Item IOType="I"
      		MapType="E"
      		SrcSdo="OBJ_EBANK_SVR_QR0570_REQ"
      		DstSdo="OBJ_ALA_abstarct_REQ.req">
        <MapExpr><![CDATA[]]></MapExpr>
      </Item>
      <Item IOType="I"
      		MapType="D"
      		SrcSdo="OBJ_EBANK_SVR_QR0570_REQ.tx_code"
      		DstSdo="OBJ_ALA_abstarct_REQ.svcName">
        <MapExpr><![CDATA[]]></MapExpr>
      </Item>
      <Item IOType="O"
      		MapType="A"
      		SrcSdo="OBJ_ALA_abstarct_RES.res"
      		DstSdo="OBJ_EBANK_SVR_QR0570_RES">
        <MapExpr><![CDATA[]]></MapExpr>
      </Item>
    </ItemTab>
  </DataMap>
  <DataMap SrcDta="EBANK_SVR"
  		SrcSvc="QR0170"
  		SrcType="DTA"
  		DstDta="QR"
  		DstSvc="ZS0170"
  		DstType="ALA">
    <NodeClass Name="未分类"
    		Desc="未分类"/>
    <ItemTab RecNum="3">
      <Item IOType="I"
      		MapType="E"
      		SrcSdo="OBJ_EBANK_SVR_QR0170_REQ"
      		DstSdo="OBJ_ALA_abstarct_REQ.req">
        <MapExpr><![CDATA[]]></MapExpr>
      </Item>
      <Item IOType="I"
      		MapType="D"
      		SrcSdo="OBJ_EBANK_SVR_QR0170_REQ.tx_code"
      		DstSdo="OBJ_ALA_abstarct_REQ.svcName">
        <MapExpr><![CDATA[]]></MapExpr>
      </Item>
      <Item IOType="O"
      		MapType="A"
      		SrcSdo="OBJ_ALA_abstarct_RES.res"
      		DstSdo="OBJ_EBANK_SVR_QR0170_RES">
        <MapExpr><![CDATA[]]></MapExpr>
      </Item>
    </ItemTab>
  </DataMap>
  <DataMap SrcDta="EBANK_SVR"
  		SrcSvc="QR0231"
  		SrcType="DTA"
  		DstDta="QR"
  		DstSvc="BS0231"
  		DstType="ALA">
    <NodeClass Name="未分类"
    		Desc="未分类"/>
    <ItemTab RecNum="3">
      <Item IOType="I"
      		MapType="E"
      		SrcSdo="OBJ_EBANK_SVR_QR0231_REQ"
      		DstSdo="OBJ_ALA_abstarct_REQ.req">
        <MapExpr><![CDATA[]]></MapExpr>
      </Item>
      <Item IOType="I"
      		MapType="D"
      		SrcSdo="OBJ_EBANK_SVR_QR0231_REQ.tx_code"
      		DstSdo="OBJ_ALA_abstarct_REQ.svcName">
        <MapExpr><![CDATA[]]></MapExpr>
      </Item>
      <Item IOType="O"
      		MapType="A"
      		SrcSdo="OBJ_ALA_abstarct_RES.res"
      		DstSdo="OBJ_EBANK_SVR_QR0231_RES">
        <MapExpr><![CDATA[]]></MapExpr>
      </Item>
    </ItemTab>
  </DataMap>
  <DataMap SrcDta="EBANK_SVR"
  		SrcSvc="AT0190"
  		SrcType="DTA"
  		DstDta="QR"
  		DstSvc="AT0190"
  		DstType="ALA">
    <NodeClass Name="未分类"
    		Desc="未分类"/>
    <ItemTab RecNum="3">
      <Item IOType="I"
      		MapType="E"
      		SrcSdo="OBJ_EBANK_SVR_QR0190_REQ"
      		DstSdo="OBJ_ALA_abstarct_REQ.req">
        <MapExpr><![CDATA[]]></MapExpr>
      </Item>
      <Item IOType="I"
      		MapType="D"
      		SrcSdo="OBJ_EBANK_SVR_QR0190_REQ.tx_code"
      		DstSdo="OBJ_ALA_abstarct_REQ.svcName">
        <MapExpr><![CDATA[]]></MapExpr>
      </Item>
      <Item IOType="O"
      		MapType="A"
      		SrcSdo="OBJ_ALA_abstarct_RES.res"
      		DstSdo="OBJ_EBANK_SVR_QR0190_RES">
        <MapExpr><![CDATA[]]></MapExpr>
      </Item>
    </ItemTab>
  </DataMap>
  <DataMap SrcDta="EBANK_SVR"
  		SrcSvc="QR0190"
  		SrcType="DTA"
  		DstDta="QR"
  		DstSvc="AT0190"
  		DstType="ALA">
    <NodeClass Name="未分类"
    		Desc="未分类"/>
    <ItemTab RecNum="3">
      <Item IOType="I"
      		MapType="E"
      		SrcSdo="OBJ_EBANK_SVR_QR0190_REQ"
      		DstSdo="OBJ_ALA_abstarct_REQ.req">
        <MapExpr><![CDATA[]]></MapExpr>
      </Item>
      <Item IOType="I"
      		MapType="D"
      		SrcSdo="OBJ_EBANK_SVR_QR0190_REQ.tx_code"
      		DstSdo="OBJ_ALA_abstarct_REQ.svcName">
        <MapExpr><![CDATA[]]></MapExpr>
      </Item>
      <Item IOType="O"
      		MapType="A"
      		SrcSdo="OBJ_ALA_abstarct_RES.res"
      		DstSdo="OBJ_EBANK_SVR_QR0190_RES">
        <MapExpr><![CDATA[]]></MapExpr>
      </Item>
    </ItemTab>
  </DataMap>
  <DataMap SrcDta="EBANK_SVR"
  		SrcSvc="ZH0001"
  		SrcType="DTA"
  		DstDta="SIGNS"
  		DstSvc="SSIGN0020211"
  		DstType="ALA">
    <NodeClass Name="未分类"
    		Desc="未分类"/>
    <ItemTab RecNum="3">
      <Item IOType="I"
      		MapType="E"
      		SrcSdo="OBJ_EBANK_SVR_ZH0001_REQ"
      		DstSdo="OBJ_ALA_abstarct_REQ.req">
        <MapExpr><![CDATA[]]></MapExpr>
      </Item>
      <Item IOType="I"
      		MapType="D"
      		SrcSdo="OBJ_EBANK_SVR_ZH0001_REQ.tx_code"
      		DstSdo="OBJ_ALA_abstarct_REQ.svcName">
        <MapExpr><![CDATA[]]></MapExpr>
      </Item>
      <Item IOType="O"
      		MapType="A"
      		SrcSdo="OBJ_ALA_abstarct_RES.res"
      		DstSdo="OBJ_EBANK_SVR_ZH0001_RES">
        <MapExpr><![CDATA[]]></MapExpr>
      </Item>
    </ItemTab>
  </DataMap>
  <DataMap SrcDta="EBANK_SVR"
  		SrcSvc="GW9902"
  		SrcType="DTA"
  		DstDta="CARD"
  		DstSvc="GW9902"
  		DstType="ALA">
    <NodeClass Name="未分类"
    		Desc="未分类"/>
    <ItemTab RecNum="3">
      <Item IOType="I"
      		MapType="E"
      		SrcSdo="OBJ_EBANK_SVR_GW9902_REQ"
      		DstSdo="OBJ_ALA_abstarct_REQ.req">
        <MapExpr><![CDATA[]]></MapExpr>
      </Item>
      <Item IOType="I"
      		MapType="D"
      		SrcSdo="OBJ_EBANK_SVR_GW9902_REQ.tx_code"
      		DstSdo="OBJ_ALA_abstarct_REQ.svcName">
        <MapExpr><![CDATA[]]></MapExpr>
      </Item>
      <Item IOType="O"
      		MapType="A"
      		SrcSdo="OBJ_ALA_abstarct_RES.res"
      		DstSdo="OBJ_EBANK_SVR_GW9902_RES">
        <MapExpr><![CDATA[]]></MapExpr>
      </Item>
    </ItemTab>
  </DataMap>
  <DataMap SrcDta="EBANK_SVR"
  		SrcSvc="GW9901"
  		SrcType="DTA"
  		DstDta="CARD"
  		DstSvc="GW9901"
  		DstType="ALA">
    <NodeClass Name="未分类"
    		Desc="未分类"/>
    <ItemTab RecNum="3">
      <Item IOType="I"
      		MapType="E"
      		SrcSdo="OBJ_EBANK_SVR_GW9901_REQ"
      		DstSdo="OBJ_ALA_abstarct_REQ.req">
        <MapExpr><![CDATA[]]></MapExpr>
      </Item>
      <Item IOType="I"
      		MapType="D"
      		SrcSdo="OBJ_EBANK_SVR_GW9901_REQ.tx_code"
      		DstSdo="OBJ_ALA_abstarct_REQ.svcName">
        <MapExpr><![CDATA[]]></MapExpr>
      </Item>
      <Item IOType="O"
      		MapType="A"
      		SrcSdo="OBJ_ALA_abstarct_RES.res"
      		DstSdo="OBJ_EBANK_SVR_GW9901_RES">
        <MapExpr><![CDATA[]]></MapExpr>
      </Item>
    </ItemTab>
  </DataMap>
  <DataMap SrcDta="EBANK_SVR"
  		SrcSvc="GW9903"
  		SrcType="DTA"
  		DstDta="CARD"
  		DstSvc="GW9903"
  		DstType="ALA">
    <NodeClass Name="未分类"
    		Desc="未分类"/>
    <ItemTab RecNum="3">
      <Item IOType="I"
      		MapType="E"
      		SrcSdo="OBJ_EBANK_SVR_GW9903_REQ"
      		DstSdo="OBJ_ALA_abstarct_REQ.req">
        <MapExpr><![CDATA[]]></MapExpr>
      </Item>
      <Item IOType="I"
      		MapType="D"
      		SrcSdo="OBJ_EBANK_SVR_GW9903_REQ.tx_code"
      		DstSdo="OBJ_ALA_abstarct_REQ.svcName">
        <MapExpr><![CDATA[]]></MapExpr>
      </Item>
      <Item IOType="O"
      		MapType="A"
      		SrcSdo="OBJ_ALA_abstarct_RES.res"
      		DstSdo="OBJ_EBANK_SVR_GW9903_RES">
        <MapExpr><![CDATA[]]></MapExpr>
      </Item>
    </ItemTab>
  </DataMap>
  <DataMap SrcDta="EBANK_SVR"
  		SrcSvc="QR0310"
  		SrcType="DTA"
  		DstDta="QR"
  		DstSvc="BS0310"
  		DstType="ALA">
    <NodeClass Name="未分类"
    		Desc="未分类"/>
    <ItemTab RecNum="3">
      <Item IOType="I"
      		MapType="E"
      		SrcSdo="OBJ_EBANK_SVR_QR0310_REQ"
      		DstSdo="OBJ_ALA_abstarct_REQ.req">
        <MapExpr><![CDATA[]]></MapExpr>
      </Item>
      <Item IOType="I"
      		MapType="D"
      		SrcSdo="OBJ_EBANK_SVR_QR0310_REQ.tx_code"
      		DstSdo="OBJ_ALA_abstarct_REQ.svcName">
        <MapExpr><![CDATA[]]></MapExpr>
      </Item>
      <Item IOType="O"
      		MapType="A"
      		SrcSdo="OBJ_ALA_abstarct_RES.res"
      		DstSdo="OBJ_EBANK_SVR_QR0310_RES">
        <MapExpr><![CDATA[]]></MapExpr>
      </Item>
    </ItemTab>
  </DataMap>
  <DataMap SrcDta="EBANK_SVR"
  		SrcSvc="QR0320"
  		SrcType="DTA"
  		DstDta="QR"
  		DstSvc="BS0320"
  		DstType="ALA">
    <NodeClass Name="未分类"
    		Desc="未分类"/>
    <ItemTab RecNum="3">
      <Item IOType="I"
      		MapType="E"
      		SrcSdo="OBJ_EBANK_SVR_QR0320_REQ"
      		DstSdo="OBJ_ALA_abstarct_REQ.req">
        <MapExpr><![CDATA[]]></MapExpr>
      </Item>
      <Item IOType="I"
      		MapType="D"
      		SrcSdo="OBJ_EBANK_SVR_QR0320_REQ.tx_code"
      		DstSdo="OBJ_ALA_abstarct_REQ.svcName">
        <MapExpr><![CDATA[]]></MapExpr>
      </Item>
      <Item IOType="O"
      		MapType="A"
      		SrcSdo="OBJ_ALA_abstarct_RES.res"
      		DstSdo="OBJ_EBANK_SVR_QR0320_RES">
        <MapExpr><![CDATA[]]></MapExpr>
      </Item>
    </ItemTab>
  </DataMap>
  <DataMap SrcDta="EBANK_SVR"
  		SrcSvc="QR0330"
  		SrcType="DTA"
  		DstDta="QR"
  		DstSvc="BS0330"
  		DstType="ALA">
    <NodeClass Name="未分类"
    		Desc="未分类"/>
    <ItemTab RecNum="3">
      <Item IOType="I"
      		MapType="E"
      		SrcSdo="OBJ_EBANK_SVR_QR0330_REQ"
      		DstSdo="OBJ_ALA_abstarct_REQ.req">
        <MapExpr><![CDATA[]]></MapExpr>
      </Item>
      <Item IOType="I"
      		MapType="D"
      		SrcSdo="OBJ_EBANK_SVR_QR0330_REQ.tx_code"
      		DstSdo="OBJ_ALA_abstarct_REQ.svcName">
        <MapExpr><![CDATA[]]></MapExpr>
      </Item>
      <Item IOType="O"
      		MapType="A"
      		SrcSdo="OBJ_ALA_abstarct_RES.res"
      		DstSdo="OBJ_EBANK_SVR_QR0330_RES">
        <MapExpr><![CDATA[]]></MapExpr>
      </Item>
    </ItemTab>
  </DataMap>
  <DataMap SrcDta="EBANK_SVR"
  		SrcSvc="QR0340"
  		SrcType="DTA"
  		DstDta="QR"
  		DstSvc="BS0340"
  		DstType="ALA">
    <NodeClass Name="未分类"
    		Desc="未分类"/>
    <ItemTab RecNum="3">
      <Item IOType="I"
      		MapType="E"
      		SrcSdo="OBJ_EBANK_SVR_QR0340_REQ"
      		DstSdo="OBJ_ALA_abstarct_REQ.req">
        <MapExpr><![CDATA[]]></MapExpr>
      </Item>
      <Item IOType="I"
      		MapType="D"
      		SrcSdo="OBJ_EBANK_SVR_QR0340_REQ.tx_code"
      		DstSdo="OBJ_ALA_abstarct_REQ.svcName">
        <MapExpr><![CDATA[]]></MapExpr>
      </Item>
      <Item IOType="O"
      		MapType="A"
      		SrcSdo="OBJ_ALA_abstarct_RES.res"
      		DstSdo="OBJ_EBANK_SVR_QR0340_RES">
        <MapExpr><![CDATA[]]></MapExpr>
      </Item>
    </ItemTab>
  </DataMap>
  <DataMap SrcDta="EBANK_SVR"
  		SrcSvc="QR0350"
  		SrcType="DTA"
  		DstDta="QR"
  		DstSvc="BS0350"
  		DstType="ALA">
    <NodeClass Name="未分类"
    		Desc="未分类"/>
    <ItemTab RecNum="3">
      <Item IOType="I"
      		MapType="E"
      		SrcSdo="OBJ_EBANK_SVR_QR0350_REQ"
      		DstSdo="OBJ_ALA_abstarct_REQ.req">
        <MapExpr><![CDATA[]]></MapExpr>
      </Item>
      <Item IOType="I"
      		MapType="D"
      		SrcSdo="OBJ_EBANK_SVR_QR0350_REQ.tx_code"
      		DstSdo="OBJ_ALA_abstarct_REQ.svcName">
        <MapExpr><![CDATA[]]></MapExpr>
      </Item>
      <Item IOType="O"
      		MapType="A"
      		SrcSdo="OBJ_ALA_abstarct_RES.res"
      		DstSdo="OBJ_EBANK_SVR_QR0350_RES">
        <MapExpr><![CDATA[]]></MapExpr>
      </Item>
    </ItemTab>
  </DataMap>
</DataMapTab>
