<?xml version="1.0" encoding="UTF-8"?>

<RouteTab>
  <RuleTab RecNum="5">
    <Rule RuleID="RT_EBANK_SVR_01"
    		RuleType="request">
      <NodeClass Name="未分类"
      		Desc="未分类"/>
      <SvcExpr><![CDATA[^DP.*]]></SvcExpr>
      <RouteExpr><![CDATA[$__GDTA_FORMAT.__GDTA_SVCNAME]]></RouteExpr>
      <EntranceTab RecNum="1">
        <Entrance Desc="ENTR_EBANK_SVR_01"
        		Respond="yes"
        		DstType="ALA"
        		Destination=""
        		SvcName=""
        		NodeName="">
          <Expr><![CDATA[.*]]></Expr>
        </Entrance>
      </EntranceTab>
    </Rule>
    <Rule RuleID="RT_EBANK_SVR_02"
    		RuleType="request">
      <NodeClass Name="未分类"
      		Desc="未分类"/>
      <SvcExpr><![CDATA[^GW.*]]></SvcExpr>
      <RouteExpr><![CDATA[$__GDTA_FORMAT.__GDTA_SVCNAME]]></RouteExpr>
      <EntranceTab RecNum="3">
        <Entrance Desc="ENTR_EBANK_SVR_01"
        		Respond="yes"
        		DstType="ALA"
        		Destination="CARD"
        		SvcName="GW9901"
        		NodeName="">
          <Expr><![CDATA[GW9901]]></Expr>
        </Entrance>
        <Entrance Desc="ENTR_EBANK_SVR_02"
        		Respond="yes"
        		DstType="ALA"
        		Destination="CARD"
        		SvcName="GW9902"
        		NodeName="">
          <Expr><![CDATA[GW9902]]></Expr>
        </Entrance>
        <Entrance Desc="ENTR_EBANK_SVR_02"
        		Respond="yes"
        		DstType="ALA"
        		Destination="CARD"
        		SvcName="GW9903"
        		NodeName="">
          <Expr><![CDATA[GW9903]]></Expr>
        </Entrance>
      </EntranceTab>
    </Rule>
    <Rule RuleID="RT_EBANK_SVR_03"
    		RuleType="request">
      <NodeClass Name="未分类"
      		Desc="未分类"/>
      <SvcExpr><![CDATA[^CB.*]]></SvcExpr>
      <RouteExpr><![CDATA[$__GDTA_FORMAT.__GDTA_SVCNAME]]></RouteExpr>
      <EntranceTab RecNum="3">
        <Entrance Desc="ENTR_EBANK_SVR_01"
        		Respond="yes"
        		DstType="ALA"
        		Destination=""
        		SvcName=""
        		NodeName="">
          <Expr><![CDATA[^CB0004$]]></Expr>
        </Entrance>
        <Entrance Desc="ENTR_EBANK_SVR_02"
        		Respond="yes"
        		DstType="ALA"
        		Destination=""
        		SvcName=""
        		NodeName="">
          <Expr><![CDATA[^CB1004$]]></Expr>
        </Entrance>
        <Entrance Desc="ENTR_EBANK_SVR_03"
        		Respond="yes"
        		DstType="ALA"
        		Destination=""
        		SvcName=""
        		NodeName="">
          <Expr><![CDATA[.*]]></Expr>
        </Entrance>
      </EntranceTab>
    </Rule>
    <Rule RuleID="RT_EBANK_SVR_04"
    		RuleType="request">
      <NodeClass Name="未分类"
      		Desc="未分类"/>
      <SvcExpr><![CDATA[^QR.*]]></SvcExpr>
      <RouteExpr><![CDATA[$__GDTA_FORMAT.__GDTA_SVCNAME]]></RouteExpr>
      <EntranceTab RecNum="19">
        <Entrance Desc="ENTR_EBANK_SVR_02"
        		Respond="yes"
        		DstType="ALA"
        		Destination="QR"
        		SvcName="ZS0180"
        		NodeName="">
          <Expr><![CDATA[^QR0180$]]></Expr>
        </Entrance>
        <Entrance Desc="ENTR_EBANK_SVR_02"
        		Respond="yes"
        		DstType="ALA"
        		Destination="QR"
        		SvcName="ZS0150"
        		NodeName="">
          <Expr><![CDATA[^QR0150$]]></Expr>
        </Entrance>
        <Entrance Desc="ENTR_EBANK_SVR_02"
        		Respond="yes"
        		DstType="ALA"
        		Destination="QR"
        		SvcName="ZS0170"
        		NodeName="">
          <Expr><![CDATA[^QR0170$]]></Expr>
        </Entrance>
        <Entrance Desc="ENTR_EBANK_SVR_02"
        		Respond="yes"
        		DstType="ALA"
        		Destination="QR"
        		SvcName="ZS0130"
        		NodeName="">
          <Expr><![CDATA[^QR0130$]]></Expr>
        </Entrance>
        <Entrance Desc="ENTR_EBANK_SVR_04"
        		Respond="yes"
        		DstType="ALA"
        		Destination="QR"
        		SvcName="ZS0510"
        		NodeName="">
          <Expr><![CDATA[^QR0510$]]></Expr>
        </Entrance>
        <Entrance Desc="ENTR_EBANK_SVR_02"
        		Respond="yes"
        		DstType="ALA"
        		Destination="QR"
        		SvcName="BS0231"
        		NodeName="">
          <Expr><![CDATA[^QR0231$]]></Expr>
        </Entrance>
        <Entrance Desc="ENTR_EBANK_SVR_02"
        		Respond="yes"
        		DstType="ALA"
        		Destination="QR"
        		SvcName="BS0340"
        		NodeName="">
          <Expr><![CDATA[^QR0340$]]></Expr>
        </Entrance>
        <Entrance Desc="ENTR_EBANK_SVR_02"
        		Respond="yes"
        		DstType="ALA"
        		Destination="QR"
        		SvcName="BS0330"
        		NodeName="">
          <Expr><![CDATA[^QR0330$]]></Expr>
        </Entrance>
        <Entrance Desc="ENTR_EBANK_SVR_02"
        		Respond="yes"
        		DstType="ALA"
        		Destination="QR"
        		SvcName="BS0240"
        		NodeName="">
          <Expr><![CDATA[^QR0240$]]></Expr>
        </Entrance>
        <Entrance Desc="ENTR_EBANK_SVR_02"
        		Respond="yes"
        		DstType="ALA"
        		Destination="QR"
        		SvcName="ZS0140"
        		NodeName="">
          <Expr><![CDATA[^QR0140$]]></Expr>
        </Entrance>
        <Entrance Desc="ENTR_EBANK_SVR_02"
        		Respond="yes"
        		DstType="ALA"
        		Destination="QR"
        		SvcName="ZS0540"
        		NodeName="">
          <Expr><![CDATA[^QR0540$]]></Expr>
        </Entrance>
        <Entrance Desc="ENTR_EBANK_SVR_02"
        		Respond="yes"
        		DstType="ALA"
        		Destination="QR"
        		SvcName="BS0310"
        		NodeName="">
          <Expr><![CDATA[^QR0310$]]></Expr>
        </Entrance>
        <Entrance Desc="ENTR_EBANK_SVR_02"
        		Respond="yes"
        		DstType="ALA"
        		Destination="QR"
        		SvcName="AT0190"
        		NodeName="">
          <Expr><![CDATA[^QR0190$]]></Expr>
        </Entrance>
        <Entrance Desc="ENTR_EBANK_SVR_02"
        		Respond="yes"
        		DstType="ALA"
        		Destination="QR"
        		SvcName="ZS0570"
        		NodeName="">
          <Expr><![CDATA[^QR0570$]]></Expr>
        </Entrance>
        <Entrance Desc="ENTR_EBANK_SVR_03"
        		Respond="yes"
        		DstType="ALA"
        		Destination="QR"
        		SvcName="BS0210"
        		NodeName="">
          <Expr><![CDATA[^QR0210$]]></Expr>
        </Entrance>
        <Entrance Desc="ENTR_EBANK_SVR_03"
        		Respond="yes"
        		DstType="ALA"
        		Destination="QR"
        		SvcName="BS0350"
        		NodeName="">
          <Expr><![CDATA[^QR0350$]]></Expr>
        </Entrance>
        <Entrance Desc="ENTR_EBANK_SVR_01"
        		Respond="yes"
        		DstType="ALA"
        		Destination="QR"
        		SvcName="ZS0120"
        		NodeName="">
          <Expr><![CDATA[^QR0120$]]></Expr>
        </Entrance>
        <Entrance Desc="ENTR_EBANK_SVR_02"
        		Respond="yes"
        		DstType="ALA"
        		Destination="QR"
        		SvcName="BS0320"
        		NodeName="">
          <Expr><![CDATA[^QR0320$]]></Expr>
        </Entrance>
        <Entrance Desc="ENTR_EBANK_SVR_05"
        		Respond="yes"
        		DstType="ALA"
        		Destination="QR"
        		SvcName="BS0210"
        		NodeName="">
          <Expr><![CDATA[.*]]></Expr>
        </Entrance>
      </EntranceTab>
    </Rule>
    <Rule RuleID="RT_EBANK_SVR_05"
    		RuleType="request">
      <NodeClass Name="未分类"
      		Desc="未分类"/>
      <SvcExpr><![CDATA[^ZH.*]]></SvcExpr>
      <RouteExpr><![CDATA[$__GDTA_FORMAT.__GDTA_SVCNAME]]></RouteExpr>
      <EntranceTab RecNum="1">
        <Entrance Desc="ENTR_EBANK_SVR_02"
        		Respond="yes"
        		DstType="ALA"
        		Destination="SIGNS"
        		SvcName="SSIGN0020211"
        		NodeName="">
          <Expr><![CDATA[^ZH0001$]]></Expr>
        </Entrance>
      </EntranceTab>
    </Rule>
  </RuleTab>
</RouteTab>
