<?xml version="1.0" encoding="UTF-8"?>

<ServiceDefineTab RecNum="22">
  <ServiceDefine Name="GW9901"
  		Desc="身份验证"/>
  <ServiceDefine Name="GW9902"
  		Desc="缴费"/>
  <ServiceDefine Name="GW9903"
  		Desc="对账"/>
  <ServiceDefine Name="QR0120"
  		Desc="发送查询订单(主扫)"/>
  <ServiceDefine Name="QR0130"
  		Desc="发送付款"/>
  <ServiceDefine Name="QR0140"
  		Desc="发送付款查询交易"/>
  <ServiceDefine Name="QR0150"
  		Desc="退款"/>
  <ServiceDefine Name="QR0170"
  		Desc="消费撤销"/>
  <ServiceDefine Name="QR0180"
  		Desc="发送查询营销信息"/>
  <ServiceDefine Name="QR0190"
  		Desc="发送取现操作通知交易(ATM)"/>
  <ServiceDefine Name="QR0210"
  		Desc="发送C2B码申请(被扫)"/>
  <ServiceDefine Name="QR0231"
  		Desc="C2B附加处理查询"/>
  <ServiceDefine Name="QR0240"
  		Desc="发送C2B附加处理结果通知"/>
  <ServiceDefine Name="QR0310"
  		Desc="C2B消费"/>
  <ServiceDefine Name="QR0320"
  		Desc="C2B消费冲正"/>
  <ServiceDefine Name="QR0330"
  		Desc="C2B消费撤销"/>
  <ServiceDefine Name="QR0340"
  		Desc="C2B退货"/>
  <ServiceDefine Name="QR0350"
  		Desc="C2B交易查询"/>
  <ServiceDefine Name="QR0510"
  		Desc="生成二维码"/>
  <ServiceDefine Name="QR0540"
  		Desc="收款查询"/>
  <ServiceDefine Name="QR0570"
  		Desc="撤销二维码"/>
  <ServiceDefine Name="ZH0001"
  		Desc="协议支付签约"/>
</ServiceDefineTab>
