<?xml version="1.0" encoding="UTF-8"?>

<ServiceTab RecNum="23">
  <Service Name="AT0190"
  		SvcDesc="取现操作通知"
  		TimeOut="0"
  		IFmt="FMT_EBANK_SVR_QR0190_REQ"
  		OFmt="FMT_EBANK_SVR_QR0190_RES"
  		PFile=""
  		BFile=""
  		IElem=""
  		OElem=""
  		Transaction="No"
  		RevsFlag="No"
  		RevsDtaType=""
  		RevsDtaName=""
  		RevsSvcName=""
  		CompsFlag="No"
  		CompsDtaType=""
  		CompsDtaName=""
  		CompsName=""
  		ExtCode=""
  		Prio="3"
  		DestTimeOut="No"
  		RevsSeq="Random"
  		CompsSeq="Random"
  		IsWsdl="no"
  		NameSpace=""
  		NameSpaceNS=""
  		SoapBinding=""
  		IsHavePrefix="">
    <NodeClass Name="未分类"
    		Desc="未分类"/>
    <ExtCodeExpr><![CDATA[]]></ExtCodeExpr>
    <PrioExpr><![CDATA[]]></PrioExpr>
    <SvrIdExpr><![CDATA[]]></SvrIdExpr>
    <IFile><![CDATA[]]></IFile>
    <OFile><![CDATA[]]></OFile>
    <RevsInit><![CDATA[]]></RevsInit>
    <RevsSucc><![CDATA[]]></RevsSucc>
    <RevsFail><![CDATA[]]></RevsFail>
    <CompsInit><![CDATA[]]></CompsInit>
    <CompsSucc><![CDATA[]]></CompsSucc>
    <CompsFail><![CDATA[]]></CompsFail>
    <IFmtGrpTab RecNum="0"/>
    <OFmtGrpTab RecNum="0"/>
    <EvtIfmtBegin><![CDATA[]]></EvtIfmtBegin>
    <EvtIfmtEnd><![CDATA[]]></EvtIfmtEnd>
    <EvtOfmtBegin><![CDATA[]]></EvtOfmtBegin>
    <EvtOfmtEnd><![CDATA[]]></EvtOfmtEnd>
    <EvtAcallBegin><![CDATA[]]></EvtAcallBegin>
    <EvtAcallEnd><![CDATA[]]></EvtAcallEnd>
    <EvtReturnBegin><![CDATA[]]></EvtReturnBegin>
    <EvtReturnEnd><![CDATA[]]></EvtReturnEnd>
    <EvtConvsvcBegin><![CDATA[]]></EvtConvsvcBegin>
    <EvtConvsvcEnd><![CDATA[]]></EvtConvsvcEnd>
    <EvtPfileBegin><![CDATA[]]></EvtPfileBegin>
    <EvtPfileEnd><![CDATA[]]></EvtPfileEnd>
    <EvtBfileBegin><![CDATA[]]></EvtBfileBegin>
    <EvtBfileEnd><![CDATA[]]></EvtBfileEnd>
    <EvtSfileBegin><![CDATA[]]></EvtSfileBegin>
    <EvtSfileEnd><![CDATA[]]></EvtSfileEnd>
    <EvtRfileBegin><![CDATA[]]></EvtRfileBegin>
    <EvtRfileEnd><![CDATA[]]></EvtRfileEnd>
  </Service>
  <Service Name="GW9901"
  		SvcDesc="身份验证"
  		TimeOut="0"
  		IFmt="FMT_EBANK_SVR_GW9901_REQ"
  		OFmt="FMT_EBANK_SVR_GW9901_RES"
  		PFile=""
  		BFile=""
  		IElem=""
  		OElem=""
  		Transaction="No"
  		RevsFlag="No"
  		RevsDtaType=""
  		RevsDtaName=""
  		RevsSvcName=""
  		CompsFlag="No"
  		CompsDtaType=""
  		CompsDtaName=""
  		CompsName=""
  		ExtCode=""
  		Prio="3"
  		DestTimeOut="No"
  		RevsSeq="Random"
  		CompsSeq="Random"
  		IsWsdl="no"
  		NameSpace=""
  		NameSpaceNS=""
  		SoapBinding=""
  		IsHavePrefix="">
    <NodeClass Name="未分类"
    		Desc="未分类"/>
    <ExtCodeExpr><![CDATA[]]></ExtCodeExpr>
    <PrioExpr><![CDATA[]]></PrioExpr>
    <SvrIdExpr><![CDATA[]]></SvrIdExpr>
    <IFile><![CDATA[]]></IFile>
    <OFile><![CDATA[]]></OFile>
    <RevsInit><![CDATA[]]></RevsInit>
    <RevsSucc><![CDATA[]]></RevsSucc>
    <RevsFail><![CDATA[]]></RevsFail>
    <CompsInit><![CDATA[]]></CompsInit>
    <CompsSucc><![CDATA[]]></CompsSucc>
    <CompsFail><![CDATA[]]></CompsFail>
    <IFmtGrpTab RecNum="0"/>
    <OFmtGrpTab RecNum="0"/>
    <EvtIfmtBegin><![CDATA[]]></EvtIfmtBegin>
    <EvtIfmtEnd><![CDATA[]]></EvtIfmtEnd>
    <EvtOfmtBegin><![CDATA[]]></EvtOfmtBegin>
    <EvtOfmtEnd><![CDATA[]]></EvtOfmtEnd>
    <EvtAcallBegin><![CDATA[]]></EvtAcallBegin>
    <EvtAcallEnd><![CDATA[]]></EvtAcallEnd>
    <EvtReturnBegin><![CDATA[]]></EvtReturnBegin>
    <EvtReturnEnd><![CDATA[]]></EvtReturnEnd>
    <EvtConvsvcBegin><![CDATA[]]></EvtConvsvcBegin>
    <EvtConvsvcEnd><![CDATA[]]></EvtConvsvcEnd>
    <EvtPfileBegin><![CDATA[]]></EvtPfileBegin>
    <EvtPfileEnd><![CDATA[]]></EvtPfileEnd>
    <EvtBfileBegin><![CDATA[]]></EvtBfileBegin>
    <EvtBfileEnd><![CDATA[]]></EvtBfileEnd>
    <EvtSfileBegin><![CDATA[]]></EvtSfileBegin>
    <EvtSfileEnd><![CDATA[]]></EvtSfileEnd>
    <EvtRfileBegin><![CDATA[]]></EvtRfileBegin>
    <EvtRfileEnd><![CDATA[]]></EvtRfileEnd>
  </Service>
  <Service Name="GW9902"
  		SvcDesc="缴费"
  		TimeOut="0"
  		IFmt="FMT_EBANK_SVR_GW9902_REQ"
  		OFmt="FMT_EBANK_SVR_GW9902_RES"
  		PFile=""
  		BFile=""
  		IElem=""
  		OElem=""
  		Transaction="No"
  		RevsFlag="No"
  		RevsDtaType=""
  		RevsDtaName=""
  		RevsSvcName=""
  		CompsFlag="No"
  		CompsDtaType=""
  		CompsDtaName=""
  		CompsName=""
  		ExtCode=""
  		Prio="3"
  		DestTimeOut="No"
  		RevsSeq="Random"
  		CompsSeq="Random"
  		IsWsdl="no"
  		NameSpace=""
  		NameSpaceNS=""
  		SoapBinding=""
  		IsHavePrefix="">
    <NodeClass Name="未分类"
    		Desc="未分类"/>
    <ExtCodeExpr><![CDATA[]]></ExtCodeExpr>
    <PrioExpr><![CDATA[]]></PrioExpr>
    <SvrIdExpr><![CDATA[]]></SvrIdExpr>
    <IFile><![CDATA[]]></IFile>
    <OFile><![CDATA[]]></OFile>
    <RevsInit><![CDATA[]]></RevsInit>
    <RevsSucc><![CDATA[]]></RevsSucc>
    <RevsFail><![CDATA[]]></RevsFail>
    <CompsInit><![CDATA[]]></CompsInit>
    <CompsSucc><![CDATA[]]></CompsSucc>
    <CompsFail><![CDATA[]]></CompsFail>
    <IFmtGrpTab RecNum="0"/>
    <OFmtGrpTab RecNum="0"/>
    <EvtIfmtBegin><![CDATA[]]></EvtIfmtBegin>
    <EvtIfmtEnd><![CDATA[]]></EvtIfmtEnd>
    <EvtOfmtBegin><![CDATA[]]></EvtOfmtBegin>
    <EvtOfmtEnd><![CDATA[]]></EvtOfmtEnd>
    <EvtAcallBegin><![CDATA[]]></EvtAcallBegin>
    <EvtAcallEnd><![CDATA[]]></EvtAcallEnd>
    <EvtReturnBegin><![CDATA[]]></EvtReturnBegin>
    <EvtReturnEnd><![CDATA[]]></EvtReturnEnd>
    <EvtConvsvcBegin><![CDATA[]]></EvtConvsvcBegin>
    <EvtConvsvcEnd><![CDATA[]]></EvtConvsvcEnd>
    <EvtPfileBegin><![CDATA[]]></EvtPfileBegin>
    <EvtPfileEnd><![CDATA[]]></EvtPfileEnd>
    <EvtBfileBegin><![CDATA[]]></EvtBfileBegin>
    <EvtBfileEnd><![CDATA[]]></EvtBfileEnd>
    <EvtSfileBegin><![CDATA[]]></EvtSfileBegin>
    <EvtSfileEnd><![CDATA[]]></EvtSfileEnd>
    <EvtRfileBegin><![CDATA[]]></EvtRfileBegin>
    <EvtRfileEnd><![CDATA[]]></EvtRfileEnd>
  </Service>
  <Service Name="GW9903"
  		SvcDesc="对账"
  		TimeOut="0"
  		IFmt="FMT_EBANK_SVR_GW9903_REQ"
  		OFmt="FMT_EBANK_SVR_GW9903_RES"
  		PFile=""
  		BFile=""
  		IElem=""
  		OElem=""
  		Transaction="No"
  		RevsFlag="No"
  		RevsDtaType=""
  		RevsDtaName=""
  		RevsSvcName=""
  		CompsFlag="No"
  		CompsDtaType=""
  		CompsDtaName=""
  		CompsName=""
  		ExtCode=""
  		Prio="3"
  		DestTimeOut="No"
  		RevsSeq="Random"
  		CompsSeq="Random"
  		IsWsdl="no"
  		NameSpace=""
  		NameSpaceNS=""
  		SoapBinding=""
  		IsHavePrefix="">
    <NodeClass Name="未分类"
    		Desc="未分类"/>
    <ExtCodeExpr><![CDATA[]]></ExtCodeExpr>
    <PrioExpr><![CDATA[]]></PrioExpr>
    <SvrIdExpr><![CDATA[]]></SvrIdExpr>
    <IFile><![CDATA[]]></IFile>
    <OFile><![CDATA[]]></OFile>
    <RevsInit><![CDATA[]]></RevsInit>
    <RevsSucc><![CDATA[]]></RevsSucc>
    <RevsFail><![CDATA[]]></RevsFail>
    <CompsInit><![CDATA[]]></CompsInit>
    <CompsSucc><![CDATA[]]></CompsSucc>
    <CompsFail><![CDATA[]]></CompsFail>
    <IFmtGrpTab RecNum="0"/>
    <OFmtGrpTab RecNum="0"/>
    <EvtIfmtBegin><![CDATA[]]></EvtIfmtBegin>
    <EvtIfmtEnd><![CDATA[]]></EvtIfmtEnd>
    <EvtOfmtBegin><![CDATA[]]></EvtOfmtBegin>
    <EvtOfmtEnd><![CDATA[]]></EvtOfmtEnd>
    <EvtAcallBegin><![CDATA[]]></EvtAcallBegin>
    <EvtAcallEnd><![CDATA[]]></EvtAcallEnd>
    <EvtReturnBegin><![CDATA[]]></EvtReturnBegin>
    <EvtReturnEnd><![CDATA[]]></EvtReturnEnd>
    <EvtConvsvcBegin><![CDATA[]]></EvtConvsvcBegin>
    <EvtConvsvcEnd><![CDATA[]]></EvtConvsvcEnd>
    <EvtPfileBegin><![CDATA[]]></EvtPfileBegin>
    <EvtPfileEnd><![CDATA[]]></EvtPfileEnd>
    <EvtBfileBegin><![CDATA[]]></EvtBfileBegin>
    <EvtBfileEnd><![CDATA[]]></EvtBfileEnd>
    <EvtSfileBegin><![CDATA[]]></EvtSfileBegin>
    <EvtSfileEnd><![CDATA[]]></EvtSfileEnd>
    <EvtRfileBegin><![CDATA[]]></EvtRfileBegin>
    <EvtRfileEnd><![CDATA[]]></EvtRfileEnd>
  </Service>
  <Service Name="QR0120"
  		SvcDesc="发送查询订单(主扫)"
  		TimeOut="0"
  		IFmt="FMT_EBANK_SVR_QR0120_REQ"
  		OFmt="FMT_EBANK_SVR_QR0120_RES"
  		PFile=""
  		BFile=""
  		IElem=""
  		OElem=""
  		Transaction="No"
  		RevsFlag="No"
  		RevsDtaType=""
  		RevsDtaName=""
  		RevsSvcName=""
  		CompsFlag="No"
  		CompsDtaType=""
  		CompsDtaName=""
  		CompsName=""
  		ExtCode=""
  		Prio="3"
  		DestTimeOut="No"
  		RevsSeq="Random"
  		CompsSeq="Random"
  		IsWsdl="no"
  		NameSpace=""
  		NameSpaceNS=""
  		SoapBinding=""
  		IsHavePrefix="">
    <NodeClass Name="未分类"
    		Desc="未分类"/>
    <ExtCodeExpr><![CDATA[]]></ExtCodeExpr>
    <PrioExpr><![CDATA[]]></PrioExpr>
    <SvrIdExpr><![CDATA[]]></SvrIdExpr>
    <IFile><![CDATA[]]></IFile>
    <OFile><![CDATA[]]></OFile>
    <RevsInit><![CDATA[]]></RevsInit>
    <RevsSucc><![CDATA[]]></RevsSucc>
    <RevsFail><![CDATA[]]></RevsFail>
    <CompsInit><![CDATA[]]></CompsInit>
    <CompsSucc><![CDATA[]]></CompsSucc>
    <CompsFail><![CDATA[]]></CompsFail>
    <IFmtGrpTab RecNum="0"/>
    <OFmtGrpTab RecNum="0"/>
    <EvtIfmtBegin><![CDATA[]]></EvtIfmtBegin>
    <EvtIfmtEnd><![CDATA[]]></EvtIfmtEnd>
    <EvtOfmtBegin><![CDATA[]]></EvtOfmtBegin>
    <EvtOfmtEnd><![CDATA[]]></EvtOfmtEnd>
    <EvtAcallBegin><![CDATA[]]></EvtAcallBegin>
    <EvtAcallEnd><![CDATA[]]></EvtAcallEnd>
    <EvtReturnBegin><![CDATA[]]></EvtReturnBegin>
    <EvtReturnEnd><![CDATA[]]></EvtReturnEnd>
    <EvtConvsvcBegin><![CDATA[]]></EvtConvsvcBegin>
    <EvtConvsvcEnd><![CDATA[]]></EvtConvsvcEnd>
    <EvtPfileBegin><![CDATA[]]></EvtPfileBegin>
    <EvtPfileEnd><![CDATA[]]></EvtPfileEnd>
    <EvtBfileBegin><![CDATA[]]></EvtBfileBegin>
    <EvtBfileEnd><![CDATA[]]></EvtBfileEnd>
    <EvtSfileBegin><![CDATA[]]></EvtSfileBegin>
    <EvtSfileEnd><![CDATA[]]></EvtSfileEnd>
    <EvtRfileBegin><![CDATA[]]></EvtRfileBegin>
    <EvtRfileEnd><![CDATA[]]></EvtRfileEnd>
  </Service>
  <Service Name="QR0130"
  		SvcDesc="发送付款"
  		TimeOut="0"
  		IFmt="FMT_EBANK_SVR_QR0130_REQ"
  		OFmt="FMT_EBANK_SVR_QR0130_RES"
  		PFile=""
  		BFile=""
  		IElem=""
  		OElem=""
  		Transaction="No"
  		RevsFlag="No"
  		RevsDtaType=""
  		RevsDtaName=""
  		RevsSvcName=""
  		CompsFlag="No"
  		CompsDtaType=""
  		CompsDtaName=""
  		CompsName=""
  		ExtCode=""
  		Prio="3"
  		DestTimeOut="No"
  		RevsSeq="Random"
  		CompsSeq="Random"
  		IsWsdl="no"
  		NameSpace=""
  		NameSpaceNS=""
  		SoapBinding=""
  		IsHavePrefix="">
    <NodeClass Name="未分类"
    		Desc="未分类"/>
    <ExtCodeExpr><![CDATA[]]></ExtCodeExpr>
    <PrioExpr><![CDATA[]]></PrioExpr>
    <SvrIdExpr><![CDATA[]]></SvrIdExpr>
    <IFile><![CDATA[]]></IFile>
    <OFile><![CDATA[]]></OFile>
    <RevsInit><![CDATA[]]></RevsInit>
    <RevsSucc><![CDATA[]]></RevsSucc>
    <RevsFail><![CDATA[]]></RevsFail>
    <CompsInit><![CDATA[]]></CompsInit>
    <CompsSucc><![CDATA[]]></CompsSucc>
    <CompsFail><![CDATA[]]></CompsFail>
    <IFmtGrpTab RecNum="0"/>
    <OFmtGrpTab RecNum="0"/>
    <EvtIfmtBegin><![CDATA[]]></EvtIfmtBegin>
    <EvtIfmtEnd><![CDATA[]]></EvtIfmtEnd>
    <EvtOfmtBegin><![CDATA[]]></EvtOfmtBegin>
    <EvtOfmtEnd><![CDATA[]]></EvtOfmtEnd>
    <EvtAcallBegin><![CDATA[]]></EvtAcallBegin>
    <EvtAcallEnd><![CDATA[]]></EvtAcallEnd>
    <EvtReturnBegin><![CDATA[]]></EvtReturnBegin>
    <EvtReturnEnd><![CDATA[]]></EvtReturnEnd>
    <EvtConvsvcBegin><![CDATA[]]></EvtConvsvcBegin>
    <EvtConvsvcEnd><![CDATA[]]></EvtConvsvcEnd>
    <EvtPfileBegin><![CDATA[]]></EvtPfileBegin>
    <EvtPfileEnd><![CDATA[]]></EvtPfileEnd>
    <EvtBfileBegin><![CDATA[]]></EvtBfileBegin>
    <EvtBfileEnd><![CDATA[]]></EvtBfileEnd>
    <EvtSfileBegin><![CDATA[]]></EvtSfileBegin>
    <EvtSfileEnd><![CDATA[]]></EvtSfileEnd>
    <EvtRfileBegin><![CDATA[]]></EvtRfileBegin>
    <EvtRfileEnd><![CDATA[]]></EvtRfileEnd>
  </Service>
  <Service Name="QR0140"
  		SvcDesc="发送付款查询交易"
  		TimeOut="0"
  		IFmt="FMT_EBANK_SVR_QR0140_REQ"
  		OFmt="FMT_EBANK_SVR_QR0140_RES"
  		PFile=""
  		BFile=""
  		IElem=""
  		OElem=""
  		Transaction="No"
  		RevsFlag="No"
  		RevsDtaType=""
  		RevsDtaName=""
  		RevsSvcName=""
  		CompsFlag="No"
  		CompsDtaType=""
  		CompsDtaName=""
  		CompsName=""
  		ExtCode=""
  		Prio="3"
  		DestTimeOut="No"
  		RevsSeq="Random"
  		CompsSeq="Random"
  		IsWsdl="no"
  		NameSpace=""
  		NameSpaceNS=""
  		SoapBinding=""
  		IsHavePrefix="">
    <NodeClass Name="未分类"
    		Desc="未分类"/>
    <ExtCodeExpr><![CDATA[]]></ExtCodeExpr>
    <PrioExpr><![CDATA[]]></PrioExpr>
    <SvrIdExpr><![CDATA[]]></SvrIdExpr>
    <IFile><![CDATA[]]></IFile>
    <OFile><![CDATA[]]></OFile>
    <RevsInit><![CDATA[]]></RevsInit>
    <RevsSucc><![CDATA[]]></RevsSucc>
    <RevsFail><![CDATA[]]></RevsFail>
    <CompsInit><![CDATA[]]></CompsInit>
    <CompsSucc><![CDATA[]]></CompsSucc>
    <CompsFail><![CDATA[]]></CompsFail>
    <IFmtGrpTab RecNum="0"/>
    <OFmtGrpTab RecNum="0"/>
    <EvtIfmtBegin><![CDATA[]]></EvtIfmtBegin>
    <EvtIfmtEnd><![CDATA[]]></EvtIfmtEnd>
    <EvtOfmtBegin><![CDATA[]]></EvtOfmtBegin>
    <EvtOfmtEnd><![CDATA[]]></EvtOfmtEnd>
    <EvtAcallBegin><![CDATA[]]></EvtAcallBegin>
    <EvtAcallEnd><![CDATA[]]></EvtAcallEnd>
    <EvtReturnBegin><![CDATA[]]></EvtReturnBegin>
    <EvtReturnEnd><![CDATA[]]></EvtReturnEnd>
    <EvtConvsvcBegin><![CDATA[]]></EvtConvsvcBegin>
    <EvtConvsvcEnd><![CDATA[]]></EvtConvsvcEnd>
    <EvtPfileBegin><![CDATA[]]></EvtPfileBegin>
    <EvtPfileEnd><![CDATA[]]></EvtPfileEnd>
    <EvtBfileBegin><![CDATA[]]></EvtBfileBegin>
    <EvtBfileEnd><![CDATA[]]></EvtBfileEnd>
    <EvtSfileBegin><![CDATA[]]></EvtSfileBegin>
    <EvtSfileEnd><![CDATA[]]></EvtSfileEnd>
    <EvtRfileBegin><![CDATA[]]></EvtRfileBegin>
    <EvtRfileEnd><![CDATA[]]></EvtRfileEnd>
  </Service>
  <Service Name="QR0150"
  		SvcDesc="退款"
  		TimeOut="0"
  		IFmt="FMT_EBANK_SVR_QR0150_REQ"
  		OFmt="FMT_EBANK_SVR_QR0150_RES"
  		PFile=""
  		BFile=""
  		IElem=""
  		OElem=""
  		Transaction="No"
  		RevsFlag="No"
  		RevsDtaType=""
  		RevsDtaName=""
  		RevsSvcName=""
  		CompsFlag="No"
  		CompsDtaType=""
  		CompsDtaName=""
  		CompsName=""
  		ExtCode=""
  		Prio="3"
  		DestTimeOut="No"
  		RevsSeq="Random"
  		CompsSeq="Random"
  		IsWsdl="no"
  		NameSpace=""
  		NameSpaceNS=""
  		SoapBinding=""
  		IsHavePrefix="">
    <NodeClass Name="未分类"
    		Desc="未分类"/>
    <ExtCodeExpr><![CDATA[]]></ExtCodeExpr>
    <PrioExpr><![CDATA[]]></PrioExpr>
    <SvrIdExpr><![CDATA[]]></SvrIdExpr>
    <IFile><![CDATA[]]></IFile>
    <OFile><![CDATA[]]></OFile>
    <RevsInit><![CDATA[]]></RevsInit>
    <RevsSucc><![CDATA[]]></RevsSucc>
    <RevsFail><![CDATA[]]></RevsFail>
    <CompsInit><![CDATA[]]></CompsInit>
    <CompsSucc><![CDATA[]]></CompsSucc>
    <CompsFail><![CDATA[]]></CompsFail>
    <IFmtGrpTab RecNum="0"/>
    <OFmtGrpTab RecNum="0"/>
    <EvtIfmtBegin><![CDATA[]]></EvtIfmtBegin>
    <EvtIfmtEnd><![CDATA[]]></EvtIfmtEnd>
    <EvtOfmtBegin><![CDATA[]]></EvtOfmtBegin>
    <EvtOfmtEnd><![CDATA[]]></EvtOfmtEnd>
    <EvtAcallBegin><![CDATA[]]></EvtAcallBegin>
    <EvtAcallEnd><![CDATA[]]></EvtAcallEnd>
    <EvtReturnBegin><![CDATA[]]></EvtReturnBegin>
    <EvtReturnEnd><![CDATA[]]></EvtReturnEnd>
    <EvtConvsvcBegin><![CDATA[]]></EvtConvsvcBegin>
    <EvtConvsvcEnd><![CDATA[]]></EvtConvsvcEnd>
    <EvtPfileBegin><![CDATA[]]></EvtPfileBegin>
    <EvtPfileEnd><![CDATA[]]></EvtPfileEnd>
    <EvtBfileBegin><![CDATA[]]></EvtBfileBegin>
    <EvtBfileEnd><![CDATA[]]></EvtBfileEnd>
    <EvtSfileBegin><![CDATA[]]></EvtSfileBegin>
    <EvtSfileEnd><![CDATA[]]></EvtSfileEnd>
    <EvtRfileBegin><![CDATA[]]></EvtRfileBegin>
    <EvtRfileEnd><![CDATA[]]></EvtRfileEnd>
  </Service>
  <Service Name="QR0170"
  		SvcDesc="消费撤销"
  		TimeOut="0"
  		IFmt="FMT_EBANK_SVR_QR0170_REQ"
  		OFmt="FMT_EBANK_SVR_QR0170_RES"
  		PFile=""
  		BFile=""
  		IElem=""
  		OElem=""
  		Transaction="No"
  		RevsFlag="No"
  		RevsDtaType=""
  		RevsDtaName=""
  		RevsSvcName=""
  		CompsFlag="No"
  		CompsDtaType=""
  		CompsDtaName=""
  		CompsName=""
  		ExtCode=""
  		Prio="3"
  		DestTimeOut="No"
  		RevsSeq="Random"
  		CompsSeq="Random"
  		IsWsdl="no"
  		NameSpace=""
  		NameSpaceNS=""
  		SoapBinding=""
  		IsHavePrefix="">
    <NodeClass Name="未分类"
    		Desc="未分类"/>
    <ExtCodeExpr><![CDATA[]]></ExtCodeExpr>
    <PrioExpr><![CDATA[]]></PrioExpr>
    <SvrIdExpr><![CDATA[]]></SvrIdExpr>
    <IFile><![CDATA[]]></IFile>
    <OFile><![CDATA[]]></OFile>
    <RevsInit><![CDATA[]]></RevsInit>
    <RevsSucc><![CDATA[]]></RevsSucc>
    <RevsFail><![CDATA[]]></RevsFail>
    <CompsInit><![CDATA[]]></CompsInit>
    <CompsSucc><![CDATA[]]></CompsSucc>
    <CompsFail><![CDATA[]]></CompsFail>
    <IFmtGrpTab RecNum="0"/>
    <OFmtGrpTab RecNum="0"/>
    <EvtIfmtBegin><![CDATA[]]></EvtIfmtBegin>
    <EvtIfmtEnd><![CDATA[]]></EvtIfmtEnd>
    <EvtOfmtBegin><![CDATA[]]></EvtOfmtBegin>
    <EvtOfmtEnd><![CDATA[]]></EvtOfmtEnd>
    <EvtAcallBegin><![CDATA[]]></EvtAcallBegin>
    <EvtAcallEnd><![CDATA[]]></EvtAcallEnd>
    <EvtReturnBegin><![CDATA[]]></EvtReturnBegin>
    <EvtReturnEnd><![CDATA[]]></EvtReturnEnd>
    <EvtConvsvcBegin><![CDATA[]]></EvtConvsvcBegin>
    <EvtConvsvcEnd><![CDATA[]]></EvtConvsvcEnd>
    <EvtPfileBegin><![CDATA[]]></EvtPfileBegin>
    <EvtPfileEnd><![CDATA[]]></EvtPfileEnd>
    <EvtBfileBegin><![CDATA[]]></EvtBfileBegin>
    <EvtBfileEnd><![CDATA[]]></EvtBfileEnd>
    <EvtSfileBegin><![CDATA[]]></EvtSfileBegin>
    <EvtSfileEnd><![CDATA[]]></EvtSfileEnd>
    <EvtRfileBegin><![CDATA[]]></EvtRfileBegin>
    <EvtRfileEnd><![CDATA[]]></EvtRfileEnd>
  </Service>
  <Service Name="QR0180"
  		SvcDesc="发送查询营销信息"
  		TimeOut="0"
  		IFmt="FMT_EBANK_SVR_QR0180_REQ"
  		OFmt="FMT_EBANK_SVR_QR0180_RES"
  		PFile=""
  		BFile=""
  		IElem=""
  		OElem=""
  		Transaction="No"
  		RevsFlag="No"
  		RevsDtaType=""
  		RevsDtaName=""
  		RevsSvcName=""
  		CompsFlag="No"
  		CompsDtaType=""
  		CompsDtaName=""
  		CompsName=""
  		ExtCode=""
  		Prio="3"
  		DestTimeOut="No"
  		RevsSeq="Random"
  		CompsSeq="Random"
  		IsWsdl="no"
  		NameSpace=""
  		NameSpaceNS=""
  		SoapBinding=""
  		IsHavePrefix="">
    <NodeClass Name="未分类"
    		Desc="未分类"/>
    <ExtCodeExpr><![CDATA[]]></ExtCodeExpr>
    <PrioExpr><![CDATA[]]></PrioExpr>
    <SvrIdExpr><![CDATA[]]></SvrIdExpr>
    <IFile><![CDATA[]]></IFile>
    <OFile><![CDATA[]]></OFile>
    <RevsInit><![CDATA[]]></RevsInit>
    <RevsSucc><![CDATA[]]></RevsSucc>
    <RevsFail><![CDATA[]]></RevsFail>
    <CompsInit><![CDATA[]]></CompsInit>
    <CompsSucc><![CDATA[]]></CompsSucc>
    <CompsFail><![CDATA[]]></CompsFail>
    <IFmtGrpTab RecNum="0"/>
    <OFmtGrpTab RecNum="0"/>
    <EvtIfmtBegin><![CDATA[]]></EvtIfmtBegin>
    <EvtIfmtEnd><![CDATA[]]></EvtIfmtEnd>
    <EvtOfmtBegin><![CDATA[]]></EvtOfmtBegin>
    <EvtOfmtEnd><![CDATA[]]></EvtOfmtEnd>
    <EvtAcallBegin><![CDATA[]]></EvtAcallBegin>
    <EvtAcallEnd><![CDATA[]]></EvtAcallEnd>
    <EvtReturnBegin><![CDATA[]]></EvtReturnBegin>
    <EvtReturnEnd><![CDATA[]]></EvtReturnEnd>
    <EvtConvsvcBegin><![CDATA[]]></EvtConvsvcBegin>
    <EvtConvsvcEnd><![CDATA[]]></EvtConvsvcEnd>
    <EvtPfileBegin><![CDATA[]]></EvtPfileBegin>
    <EvtPfileEnd><![CDATA[]]></EvtPfileEnd>
    <EvtBfileBegin><![CDATA[]]></EvtBfileBegin>
    <EvtBfileEnd><![CDATA[]]></EvtBfileEnd>
    <EvtSfileBegin><![CDATA[]]></EvtSfileBegin>
    <EvtSfileEnd><![CDATA[]]></EvtSfileEnd>
    <EvtRfileBegin><![CDATA[]]></EvtRfileBegin>
    <EvtRfileEnd><![CDATA[]]></EvtRfileEnd>
  </Service>
  <Service Name="QR0190"
  		SvcDesc="发送取现操作通知交易(ATM)"
  		TimeOut="0"
  		IFmt="FMT_EBANK_SVR_QR0190_REQ"
  		OFmt="FMT_EBANK_SVR_QR0190_RES"
  		PFile=""
  		BFile=""
  		IElem=""
  		OElem=""
  		Transaction="No"
  		RevsFlag="No"
  		RevsDtaType=""
  		RevsDtaName=""
  		RevsSvcName=""
  		CompsFlag="No"
  		CompsDtaType=""
  		CompsDtaName=""
  		CompsName=""
  		ExtCode=""
  		Prio="3"
  		DestTimeOut="No"
  		RevsSeq="Random"
  		CompsSeq="Random"
  		IsWsdl="no"
  		NameSpace=""
  		NameSpaceNS=""
  		SoapBinding=""
  		IsHavePrefix="">
    <NodeClass Name="未分类"
    		Desc="未分类"/>
    <ExtCodeExpr><![CDATA[]]></ExtCodeExpr>
    <PrioExpr><![CDATA[]]></PrioExpr>
    <SvrIdExpr><![CDATA[]]></SvrIdExpr>
    <IFile><![CDATA[]]></IFile>
    <OFile><![CDATA[]]></OFile>
    <RevsInit><![CDATA[]]></RevsInit>
    <RevsSucc><![CDATA[]]></RevsSucc>
    <RevsFail><![CDATA[]]></RevsFail>
    <CompsInit><![CDATA[]]></CompsInit>
    <CompsSucc><![CDATA[]]></CompsSucc>
    <CompsFail><![CDATA[]]></CompsFail>
    <IFmtGrpTab RecNum="0"/>
    <OFmtGrpTab RecNum="0"/>
    <EvtIfmtBegin><![CDATA[]]></EvtIfmtBegin>
    <EvtIfmtEnd><![CDATA[]]></EvtIfmtEnd>
    <EvtOfmtBegin><![CDATA[]]></EvtOfmtBegin>
    <EvtOfmtEnd><![CDATA[]]></EvtOfmtEnd>
    <EvtAcallBegin><![CDATA[]]></EvtAcallBegin>
    <EvtAcallEnd><![CDATA[]]></EvtAcallEnd>
    <EvtReturnBegin><![CDATA[]]></EvtReturnBegin>
    <EvtReturnEnd><![CDATA[]]></EvtReturnEnd>
    <EvtConvsvcBegin><![CDATA[]]></EvtConvsvcBegin>
    <EvtConvsvcEnd><![CDATA[]]></EvtConvsvcEnd>
    <EvtPfileBegin><![CDATA[]]></EvtPfileBegin>
    <EvtPfileEnd><![CDATA[]]></EvtPfileEnd>
    <EvtBfileBegin><![CDATA[]]></EvtBfileBegin>
    <EvtBfileEnd><![CDATA[]]></EvtBfileEnd>
    <EvtSfileBegin><![CDATA[]]></EvtSfileBegin>
    <EvtSfileEnd><![CDATA[]]></EvtSfileEnd>
    <EvtRfileBegin><![CDATA[]]></EvtRfileBegin>
    <EvtRfileEnd><![CDATA[]]></EvtRfileEnd>
  </Service>
  <Service Name="QR0210"
  		SvcDesc="发送C2B码申请(被扫)"
  		TimeOut="0"
  		IFmt="FMT_EBANK_SVR_QR0210_REQ"
  		OFmt="FMT_EBANK_SVR_QR0210_RES"
  		PFile=""
  		BFile=""
  		IElem=""
  		OElem=""
  		Transaction="No"
  		RevsFlag="No"
  		RevsDtaType=""
  		RevsDtaName=""
  		RevsSvcName=""
  		CompsFlag="No"
  		CompsDtaType=""
  		CompsDtaName=""
  		CompsName=""
  		ExtCode=""
  		Prio="3"
  		DestTimeOut="No"
  		RevsSeq="Random"
  		CompsSeq="Random"
  		IsWsdl="no"
  		NameSpace=""
  		NameSpaceNS=""
  		SoapBinding=""
  		IsHavePrefix="">
    <NodeClass Name="未分类"
    		Desc="未分类"/>
    <ExtCodeExpr><![CDATA[]]></ExtCodeExpr>
    <PrioExpr><![CDATA[]]></PrioExpr>
    <SvrIdExpr><![CDATA[]]></SvrIdExpr>
    <IFile><![CDATA[]]></IFile>
    <OFile><![CDATA[]]></OFile>
    <RevsInit><![CDATA[]]></RevsInit>
    <RevsSucc><![CDATA[]]></RevsSucc>
    <RevsFail><![CDATA[]]></RevsFail>
    <CompsInit><![CDATA[]]></CompsInit>
    <CompsSucc><![CDATA[]]></CompsSucc>
    <CompsFail><![CDATA[]]></CompsFail>
    <IFmtGrpTab RecNum="0"/>
    <OFmtGrpTab RecNum="0"/>
    <EvtIfmtBegin><![CDATA[]]></EvtIfmtBegin>
    <EvtIfmtEnd><![CDATA[]]></EvtIfmtEnd>
    <EvtOfmtBegin><![CDATA[]]></EvtOfmtBegin>
    <EvtOfmtEnd><![CDATA[]]></EvtOfmtEnd>
    <EvtAcallBegin><![CDATA[]]></EvtAcallBegin>
    <EvtAcallEnd><![CDATA[]]></EvtAcallEnd>
    <EvtReturnBegin><![CDATA[]]></EvtReturnBegin>
    <EvtReturnEnd><![CDATA[]]></EvtReturnEnd>
    <EvtConvsvcBegin><![CDATA[]]></EvtConvsvcBegin>
    <EvtConvsvcEnd><![CDATA[]]></EvtConvsvcEnd>
    <EvtPfileBegin><![CDATA[]]></EvtPfileBegin>
    <EvtPfileEnd><![CDATA[]]></EvtPfileEnd>
    <EvtBfileBegin><![CDATA[]]></EvtBfileBegin>
    <EvtBfileEnd><![CDATA[]]></EvtBfileEnd>
    <EvtSfileBegin><![CDATA[]]></EvtSfileBegin>
    <EvtSfileEnd><![CDATA[]]></EvtSfileEnd>
    <EvtRfileBegin><![CDATA[]]></EvtRfileBegin>
    <EvtRfileEnd><![CDATA[]]></EvtRfileEnd>
  </Service>
  <Service Name="QR0231"
  		SvcDesc="C2B附加处理查询"
  		TimeOut="0"
  		IFmt="FMT_EBANK_SVR_QR0231_REQ"
  		OFmt="FMT_EBANK_SVR_QR0231_RES"
  		PFile=""
  		BFile=""
  		IElem=""
  		OElem=""
  		Transaction="No"
  		RevsFlag="No"
  		RevsDtaType=""
  		RevsDtaName=""
  		RevsSvcName=""
  		CompsFlag="No"
  		CompsDtaType=""
  		CompsDtaName=""
  		CompsName=""
  		ExtCode=""
  		Prio="3"
  		DestTimeOut="No"
  		RevsSeq="Random"
  		CompsSeq="Random"
  		IsWsdl="no"
  		NameSpace=""
  		NameSpaceNS=""
  		SoapBinding=""
  		IsHavePrefix="">
    <NodeClass Name="未分类"
    		Desc="未分类"/>
    <ExtCodeExpr><![CDATA[]]></ExtCodeExpr>
    <PrioExpr><![CDATA[]]></PrioExpr>
    <SvrIdExpr><![CDATA[]]></SvrIdExpr>
    <IFile><![CDATA[]]></IFile>
    <OFile><![CDATA[]]></OFile>
    <RevsInit><![CDATA[]]></RevsInit>
    <RevsSucc><![CDATA[]]></RevsSucc>
    <RevsFail><![CDATA[]]></RevsFail>
    <CompsInit><![CDATA[]]></CompsInit>
    <CompsSucc><![CDATA[]]></CompsSucc>
    <CompsFail><![CDATA[]]></CompsFail>
    <IFmtGrpTab RecNum="0"/>
    <OFmtGrpTab RecNum="0"/>
    <EvtIfmtBegin><![CDATA[]]></EvtIfmtBegin>
    <EvtIfmtEnd><![CDATA[]]></EvtIfmtEnd>
    <EvtOfmtBegin><![CDATA[]]></EvtOfmtBegin>
    <EvtOfmtEnd><![CDATA[]]></EvtOfmtEnd>
    <EvtAcallBegin><![CDATA[]]></EvtAcallBegin>
    <EvtAcallEnd><![CDATA[]]></EvtAcallEnd>
    <EvtReturnBegin><![CDATA[]]></EvtReturnBegin>
    <EvtReturnEnd><![CDATA[]]></EvtReturnEnd>
    <EvtConvsvcBegin><![CDATA[]]></EvtConvsvcBegin>
    <EvtConvsvcEnd><![CDATA[]]></EvtConvsvcEnd>
    <EvtPfileBegin><![CDATA[]]></EvtPfileBegin>
    <EvtPfileEnd><![CDATA[]]></EvtPfileEnd>
    <EvtBfileBegin><![CDATA[]]></EvtBfileBegin>
    <EvtBfileEnd><![CDATA[]]></EvtBfileEnd>
    <EvtSfileBegin><![CDATA[]]></EvtSfileBegin>
    <EvtSfileEnd><![CDATA[]]></EvtSfileEnd>
    <EvtRfileBegin><![CDATA[]]></EvtRfileBegin>
    <EvtRfileEnd><![CDATA[]]></EvtRfileEnd>
  </Service>
  <Service Name="QR0240"
  		SvcDesc="发送C2B附加处理结果通知"
  		TimeOut="0"
  		IFmt="FMT_EBANK_SVR_QR0240_REQ"
  		OFmt="FMT_EBANK_SVR_QR0240_RES"
  		PFile=""
  		BFile=""
  		IElem=""
  		OElem=""
  		Transaction="No"
  		RevsFlag="No"
  		RevsDtaType=""
  		RevsDtaName=""
  		RevsSvcName=""
  		CompsFlag="No"
  		CompsDtaType=""
  		CompsDtaName=""
  		CompsName=""
  		ExtCode=""
  		Prio="3"
  		DestTimeOut="No"
  		RevsSeq="Random"
  		CompsSeq="Random"
  		IsWsdl="no"
  		NameSpace=""
  		NameSpaceNS=""
  		SoapBinding=""
  		IsHavePrefix="">
    <NodeClass Name="未分类"
    		Desc="未分类"/>
    <ExtCodeExpr><![CDATA[]]></ExtCodeExpr>
    <PrioExpr><![CDATA[]]></PrioExpr>
    <SvrIdExpr><![CDATA[]]></SvrIdExpr>
    <IFile><![CDATA[]]></IFile>
    <OFile><![CDATA[]]></OFile>
    <RevsInit><![CDATA[]]></RevsInit>
    <RevsSucc><![CDATA[]]></RevsSucc>
    <RevsFail><![CDATA[]]></RevsFail>
    <CompsInit><![CDATA[]]></CompsInit>
    <CompsSucc><![CDATA[]]></CompsSucc>
    <CompsFail><![CDATA[]]></CompsFail>
    <IFmtGrpTab RecNum="0"/>
    <OFmtGrpTab RecNum="0"/>
    <EvtIfmtBegin><![CDATA[]]></EvtIfmtBegin>
    <EvtIfmtEnd><![CDATA[]]></EvtIfmtEnd>
    <EvtOfmtBegin><![CDATA[]]></EvtOfmtBegin>
    <EvtOfmtEnd><![CDATA[]]></EvtOfmtEnd>
    <EvtAcallBegin><![CDATA[]]></EvtAcallBegin>
    <EvtAcallEnd><![CDATA[]]></EvtAcallEnd>
    <EvtReturnBegin><![CDATA[]]></EvtReturnBegin>
    <EvtReturnEnd><![CDATA[]]></EvtReturnEnd>
    <EvtConvsvcBegin><![CDATA[]]></EvtConvsvcBegin>
    <EvtConvsvcEnd><![CDATA[]]></EvtConvsvcEnd>
    <EvtPfileBegin><![CDATA[]]></EvtPfileBegin>
    <EvtPfileEnd><![CDATA[]]></EvtPfileEnd>
    <EvtBfileBegin><![CDATA[]]></EvtBfileBegin>
    <EvtBfileEnd><![CDATA[]]></EvtBfileEnd>
    <EvtSfileBegin><![CDATA[]]></EvtSfileBegin>
    <EvtSfileEnd><![CDATA[]]></EvtSfileEnd>
    <EvtRfileBegin><![CDATA[]]></EvtRfileBegin>
    <EvtRfileEnd><![CDATA[]]></EvtRfileEnd>
  </Service>
  <Service Name="QR0310"
  		SvcDesc="C2B消费"
  		TimeOut="0"
  		IFmt="FMT_EBANK_SVR_QR0310_REQ"
  		OFmt="FMT_EBANK_SVR_QR0310_RES"
  		PFile=""
  		BFile=""
  		IElem=""
  		OElem=""
  		Transaction="No"
  		RevsFlag="No"
  		RevsDtaType=""
  		RevsDtaName=""
  		RevsSvcName=""
  		CompsFlag="No"
  		CompsDtaType=""
  		CompsDtaName=""
  		CompsName=""
  		ExtCode=""
  		Prio="3"
  		DestTimeOut="No"
  		RevsSeq="Random"
  		CompsSeq="Random"
  		IsWsdl="no"
  		NameSpace=""
  		NameSpaceNS=""
  		SoapBinding=""
  		IsHavePrefix="">
    <NodeClass Name="未分类"
    		Desc="未分类"/>
    <ExtCodeExpr><![CDATA[]]></ExtCodeExpr>
    <PrioExpr><![CDATA[]]></PrioExpr>
    <SvrIdExpr><![CDATA[]]></SvrIdExpr>
    <IFile><![CDATA[]]></IFile>
    <OFile><![CDATA[]]></OFile>
    <RevsInit><![CDATA[]]></RevsInit>
    <RevsSucc><![CDATA[]]></RevsSucc>
    <RevsFail><![CDATA[]]></RevsFail>
    <CompsInit><![CDATA[]]></CompsInit>
    <CompsSucc><![CDATA[]]></CompsSucc>
    <CompsFail><![CDATA[]]></CompsFail>
    <IFmtGrpTab RecNum="0"/>
    <OFmtGrpTab RecNum="0"/>
    <EvtIfmtBegin><![CDATA[]]></EvtIfmtBegin>
    <EvtIfmtEnd><![CDATA[]]></EvtIfmtEnd>
    <EvtOfmtBegin><![CDATA[]]></EvtOfmtBegin>
    <EvtOfmtEnd><![CDATA[]]></EvtOfmtEnd>
    <EvtAcallBegin><![CDATA[]]></EvtAcallBegin>
    <EvtAcallEnd><![CDATA[]]></EvtAcallEnd>
    <EvtReturnBegin><![CDATA[]]></EvtReturnBegin>
    <EvtReturnEnd><![CDATA[]]></EvtReturnEnd>
    <EvtConvsvcBegin><![CDATA[]]></EvtConvsvcBegin>
    <EvtConvsvcEnd><![CDATA[]]></EvtConvsvcEnd>
    <EvtPfileBegin><![CDATA[]]></EvtPfileBegin>
    <EvtPfileEnd><![CDATA[]]></EvtPfileEnd>
    <EvtBfileBegin><![CDATA[]]></EvtBfileBegin>
    <EvtBfileEnd><![CDATA[]]></EvtBfileEnd>
    <EvtSfileBegin><![CDATA[]]></EvtSfileBegin>
    <EvtSfileEnd><![CDATA[]]></EvtSfileEnd>
    <EvtRfileBegin><![CDATA[]]></EvtRfileBegin>
    <EvtRfileEnd><![CDATA[]]></EvtRfileEnd>
  </Service>
  <Service Name="QR0320"
  		SvcDesc="C2B消费冲正"
  		TimeOut="0"
  		IFmt="FMT_EBANK_SVR_QR0320_REQ"
  		OFmt="FMT_EBANK_SVR_QR0320_RES"
  		PFile=""
  		BFile=""
  		IElem=""
  		OElem=""
  		Transaction="No"
  		RevsFlag="No"
  		RevsDtaType=""
  		RevsDtaName=""
  		RevsSvcName=""
  		CompsFlag="No"
  		CompsDtaType=""
  		CompsDtaName=""
  		CompsName=""
  		ExtCode=""
  		Prio="3"
  		DestTimeOut="No"
  		RevsSeq="Random"
  		CompsSeq="Random"
  		IsWsdl="no"
  		NameSpace=""
  		NameSpaceNS=""
  		SoapBinding=""
  		IsHavePrefix="">
    <NodeClass Name="未分类"
    		Desc="未分类"/>
    <ExtCodeExpr><![CDATA[]]></ExtCodeExpr>
    <PrioExpr><![CDATA[]]></PrioExpr>
    <SvrIdExpr><![CDATA[]]></SvrIdExpr>
    <IFile><![CDATA[]]></IFile>
    <OFile><![CDATA[]]></OFile>
    <RevsInit><![CDATA[]]></RevsInit>
    <RevsSucc><![CDATA[]]></RevsSucc>
    <RevsFail><![CDATA[]]></RevsFail>
    <CompsInit><![CDATA[]]></CompsInit>
    <CompsSucc><![CDATA[]]></CompsSucc>
    <CompsFail><![CDATA[]]></CompsFail>
    <IFmtGrpTab RecNum="0"/>
    <OFmtGrpTab RecNum="0"/>
    <EvtIfmtBegin><![CDATA[]]></EvtIfmtBegin>
    <EvtIfmtEnd><![CDATA[]]></EvtIfmtEnd>
    <EvtOfmtBegin><![CDATA[]]></EvtOfmtBegin>
    <EvtOfmtEnd><![CDATA[]]></EvtOfmtEnd>
    <EvtAcallBegin><![CDATA[]]></EvtAcallBegin>
    <EvtAcallEnd><![CDATA[]]></EvtAcallEnd>
    <EvtReturnBegin><![CDATA[]]></EvtReturnBegin>
    <EvtReturnEnd><![CDATA[]]></EvtReturnEnd>
    <EvtConvsvcBegin><![CDATA[]]></EvtConvsvcBegin>
    <EvtConvsvcEnd><![CDATA[]]></EvtConvsvcEnd>
    <EvtPfileBegin><![CDATA[]]></EvtPfileBegin>
    <EvtPfileEnd><![CDATA[]]></EvtPfileEnd>
    <EvtBfileBegin><![CDATA[]]></EvtBfileBegin>
    <EvtBfileEnd><![CDATA[]]></EvtBfileEnd>
    <EvtSfileBegin><![CDATA[]]></EvtSfileBegin>
    <EvtSfileEnd><![CDATA[]]></EvtSfileEnd>
    <EvtRfileBegin><![CDATA[]]></EvtRfileBegin>
    <EvtRfileEnd><![CDATA[]]></EvtRfileEnd>
  </Service>
  <Service Name="QR0330"
  		SvcDesc="C2B消费撤销"
  		TimeOut="0"
  		IFmt="FMT_EBANK_SVR_QR0330_REQ"
  		OFmt="FMT_EBANK_SVR_QR0330_RES"
  		PFile=""
  		BFile=""
  		IElem=""
  		OElem=""
  		Transaction="No"
  		RevsFlag="No"
  		RevsDtaType=""
  		RevsDtaName=""
  		RevsSvcName=""
  		CompsFlag="No"
  		CompsDtaType=""
  		CompsDtaName=""
  		CompsName=""
  		ExtCode=""
  		Prio="3"
  		DestTimeOut="No"
  		RevsSeq="Random"
  		CompsSeq="Random"
  		IsWsdl="no"
  		NameSpace=""
  		NameSpaceNS=""
  		SoapBinding=""
  		IsHavePrefix="">
    <NodeClass Name="未分类"
    		Desc="未分类"/>
    <ExtCodeExpr><![CDATA[]]></ExtCodeExpr>
    <PrioExpr><![CDATA[]]></PrioExpr>
    <SvrIdExpr><![CDATA[]]></SvrIdExpr>
    <IFile><![CDATA[]]></IFile>
    <OFile><![CDATA[]]></OFile>
    <RevsInit><![CDATA[]]></RevsInit>
    <RevsSucc><![CDATA[]]></RevsSucc>
    <RevsFail><![CDATA[]]></RevsFail>
    <CompsInit><![CDATA[]]></CompsInit>
    <CompsSucc><![CDATA[]]></CompsSucc>
    <CompsFail><![CDATA[]]></CompsFail>
    <IFmtGrpTab RecNum="0"/>
    <OFmtGrpTab RecNum="0"/>
    <EvtIfmtBegin><![CDATA[]]></EvtIfmtBegin>
    <EvtIfmtEnd><![CDATA[]]></EvtIfmtEnd>
    <EvtOfmtBegin><![CDATA[]]></EvtOfmtBegin>
    <EvtOfmtEnd><![CDATA[]]></EvtOfmtEnd>
    <EvtAcallBegin><![CDATA[]]></EvtAcallBegin>
    <EvtAcallEnd><![CDATA[]]></EvtAcallEnd>
    <EvtReturnBegin><![CDATA[]]></EvtReturnBegin>
    <EvtReturnEnd><![CDATA[]]></EvtReturnEnd>
    <EvtConvsvcBegin><![CDATA[]]></EvtConvsvcBegin>
    <EvtConvsvcEnd><![CDATA[]]></EvtConvsvcEnd>
    <EvtPfileBegin><![CDATA[]]></EvtPfileBegin>
    <EvtPfileEnd><![CDATA[]]></EvtPfileEnd>
    <EvtBfileBegin><![CDATA[]]></EvtBfileBegin>
    <EvtBfileEnd><![CDATA[]]></EvtBfileEnd>
    <EvtSfileBegin><![CDATA[]]></EvtSfileBegin>
    <EvtSfileEnd><![CDATA[]]></EvtSfileEnd>
    <EvtRfileBegin><![CDATA[]]></EvtRfileBegin>
    <EvtRfileEnd><![CDATA[]]></EvtRfileEnd>
  </Service>
  <Service Name="QR0340"
  		SvcDesc="C2B退货"
  		TimeOut="0"
  		IFmt="FMT_EBANK_SVR_QR0340_REQ"
  		OFmt="FMT_EBANK_SVR_QR0340_RES"
  		PFile=""
  		BFile=""
  		IElem=""
  		OElem=""
  		Transaction="No"
  		RevsFlag="No"
  		RevsDtaType=""
  		RevsDtaName=""
  		RevsSvcName=""
  		CompsFlag="No"
  		CompsDtaType=""
  		CompsDtaName=""
  		CompsName=""
  		ExtCode=""
  		Prio="3"
  		DestTimeOut="No"
  		RevsSeq="Random"
  		CompsSeq="Random"
  		IsWsdl="no"
  		NameSpace=""
  		NameSpaceNS=""
  		SoapBinding=""
  		IsHavePrefix="">
    <NodeClass Name="未分类"
    		Desc="未分类"/>
    <ExtCodeExpr><![CDATA[]]></ExtCodeExpr>
    <PrioExpr><![CDATA[]]></PrioExpr>
    <SvrIdExpr><![CDATA[]]></SvrIdExpr>
    <IFile><![CDATA[]]></IFile>
    <OFile><![CDATA[]]></OFile>
    <RevsInit><![CDATA[]]></RevsInit>
    <RevsSucc><![CDATA[]]></RevsSucc>
    <RevsFail><![CDATA[]]></RevsFail>
    <CompsInit><![CDATA[]]></CompsInit>
    <CompsSucc><![CDATA[]]></CompsSucc>
    <CompsFail><![CDATA[]]></CompsFail>
    <IFmtGrpTab RecNum="0"/>
    <OFmtGrpTab RecNum="0"/>
    <EvtIfmtBegin><![CDATA[]]></EvtIfmtBegin>
    <EvtIfmtEnd><![CDATA[]]></EvtIfmtEnd>
    <EvtOfmtBegin><![CDATA[]]></EvtOfmtBegin>
    <EvtOfmtEnd><![CDATA[]]></EvtOfmtEnd>
    <EvtAcallBegin><![CDATA[]]></EvtAcallBegin>
    <EvtAcallEnd><![CDATA[]]></EvtAcallEnd>
    <EvtReturnBegin><![CDATA[]]></EvtReturnBegin>
    <EvtReturnEnd><![CDATA[]]></EvtReturnEnd>
    <EvtConvsvcBegin><![CDATA[]]></EvtConvsvcBegin>
    <EvtConvsvcEnd><![CDATA[]]></EvtConvsvcEnd>
    <EvtPfileBegin><![CDATA[]]></EvtPfileBegin>
    <EvtPfileEnd><![CDATA[]]></EvtPfileEnd>
    <EvtBfileBegin><![CDATA[]]></EvtBfileBegin>
    <EvtBfileEnd><![CDATA[]]></EvtBfileEnd>
    <EvtSfileBegin><![CDATA[]]></EvtSfileBegin>
    <EvtSfileEnd><![CDATA[]]></EvtSfileEnd>
    <EvtRfileBegin><![CDATA[]]></EvtRfileBegin>
    <EvtRfileEnd><![CDATA[]]></EvtRfileEnd>
  </Service>
  <Service Name="QR0350"
  		SvcDesc="C2B交易查询"
  		TimeOut="0"
  		IFmt="FMT_EBANK_SVR_QR0350_REQ"
  		OFmt="FMT_EBANK_SVR_QR0350_RES"
  		PFile=""
  		BFile=""
  		IElem=""
  		OElem=""
  		Transaction="No"
  		RevsFlag="No"
  		RevsDtaType=""
  		RevsDtaName=""
  		RevsSvcName=""
  		CompsFlag="No"
  		CompsDtaType=""
  		CompsDtaName=""
  		CompsName=""
  		ExtCode=""
  		Prio="3"
  		DestTimeOut="No"
  		RevsSeq="Random"
  		CompsSeq="Random"
  		IsWsdl="no"
  		NameSpace=""
  		NameSpaceNS=""
  		SoapBinding=""
  		IsHavePrefix="">
    <NodeClass Name="未分类"
    		Desc="未分类"/>
    <ExtCodeExpr><![CDATA[]]></ExtCodeExpr>
    <PrioExpr><![CDATA[]]></PrioExpr>
    <SvrIdExpr><![CDATA[]]></SvrIdExpr>
    <IFile><![CDATA[]]></IFile>
    <OFile><![CDATA[]]></OFile>
    <RevsInit><![CDATA[]]></RevsInit>
    <RevsSucc><![CDATA[]]></RevsSucc>
    <RevsFail><![CDATA[]]></RevsFail>
    <CompsInit><![CDATA[]]></CompsInit>
    <CompsSucc><![CDATA[]]></CompsSucc>
    <CompsFail><![CDATA[]]></CompsFail>
    <IFmtGrpTab RecNum="0"/>
    <OFmtGrpTab RecNum="0"/>
    <EvtIfmtBegin><![CDATA[]]></EvtIfmtBegin>
    <EvtIfmtEnd><![CDATA[]]></EvtIfmtEnd>
    <EvtOfmtBegin><![CDATA[]]></EvtOfmtBegin>
    <EvtOfmtEnd><![CDATA[]]></EvtOfmtEnd>
    <EvtAcallBegin><![CDATA[]]></EvtAcallBegin>
    <EvtAcallEnd><![CDATA[]]></EvtAcallEnd>
    <EvtReturnBegin><![CDATA[]]></EvtReturnBegin>
    <EvtReturnEnd><![CDATA[]]></EvtReturnEnd>
    <EvtConvsvcBegin><![CDATA[]]></EvtConvsvcBegin>
    <EvtConvsvcEnd><![CDATA[]]></EvtConvsvcEnd>
    <EvtPfileBegin><![CDATA[]]></EvtPfileBegin>
    <EvtPfileEnd><![CDATA[]]></EvtPfileEnd>
    <EvtBfileBegin><![CDATA[]]></EvtBfileBegin>
    <EvtBfileEnd><![CDATA[]]></EvtBfileEnd>
    <EvtSfileBegin><![CDATA[]]></EvtSfileBegin>
    <EvtSfileEnd><![CDATA[]]></EvtSfileEnd>
    <EvtRfileBegin><![CDATA[]]></EvtRfileBegin>
    <EvtRfileEnd><![CDATA[]]></EvtRfileEnd>
  </Service>
  <Service Name="QR0510"
  		SvcDesc="生成二维码"
  		TimeOut="0"
  		IFmt="FMT_EBANK_SVR_QR0510_REQ"
  		OFmt="FMT_EBANK_SVR_QR0510_RES"
  		PFile=""
  		BFile=""
  		IElem=""
  		OElem=""
  		Transaction="No"
  		RevsFlag="No"
  		RevsDtaType=""
  		RevsDtaName=""
  		RevsSvcName=""
  		CompsFlag="No"
  		CompsDtaType=""
  		CompsDtaName=""
  		CompsName=""
  		ExtCode=""
  		Prio="3"
  		DestTimeOut="No"
  		RevsSeq="Random"
  		CompsSeq="Random"
  		IsWsdl="no"
  		NameSpace=""
  		NameSpaceNS=""
  		SoapBinding=""
  		IsHavePrefix="">
    <NodeClass Name="未分类"
    		Desc="未分类"/>
    <ExtCodeExpr><![CDATA[]]></ExtCodeExpr>
    <PrioExpr><![CDATA[]]></PrioExpr>
    <SvrIdExpr><![CDATA[]]></SvrIdExpr>
    <IFile><![CDATA[]]></IFile>
    <OFile><![CDATA[]]></OFile>
    <RevsInit><![CDATA[]]></RevsInit>
    <RevsSucc><![CDATA[]]></RevsSucc>
    <RevsFail><![CDATA[]]></RevsFail>
    <CompsInit><![CDATA[]]></CompsInit>
    <CompsSucc><![CDATA[]]></CompsSucc>
    <CompsFail><![CDATA[]]></CompsFail>
    <IFmtGrpTab RecNum="0"/>
    <OFmtGrpTab RecNum="0"/>
    <EvtIfmtBegin><![CDATA[]]></EvtIfmtBegin>
    <EvtIfmtEnd><![CDATA[]]></EvtIfmtEnd>
    <EvtOfmtBegin><![CDATA[]]></EvtOfmtBegin>
    <EvtOfmtEnd><![CDATA[]]></EvtOfmtEnd>
    <EvtAcallBegin><![CDATA[]]></EvtAcallBegin>
    <EvtAcallEnd><![CDATA[]]></EvtAcallEnd>
    <EvtReturnBegin><![CDATA[]]></EvtReturnBegin>
    <EvtReturnEnd><![CDATA[]]></EvtReturnEnd>
    <EvtConvsvcBegin><![CDATA[]]></EvtConvsvcBegin>
    <EvtConvsvcEnd><![CDATA[]]></EvtConvsvcEnd>
    <EvtPfileBegin><![CDATA[]]></EvtPfileBegin>
    <EvtPfileEnd><![CDATA[]]></EvtPfileEnd>
    <EvtBfileBegin><![CDATA[]]></EvtBfileBegin>
    <EvtBfileEnd><![CDATA[]]></EvtBfileEnd>
    <EvtSfileBegin><![CDATA[]]></EvtSfileBegin>
    <EvtSfileEnd><![CDATA[]]></EvtSfileEnd>
    <EvtRfileBegin><![CDATA[]]></EvtRfileBegin>
    <EvtRfileEnd><![CDATA[]]></EvtRfileEnd>
  </Service>
  <Service Name="QR0540"
  		SvcDesc="收款查询"
  		TimeOut="0"
  		IFmt="FMT_EBANK_SVR_QR0540_REQ"
  		OFmt="FMT_EBANK_SVR_QR0540_RES"
  		PFile=""
  		BFile=""
  		IElem=""
  		OElem=""
  		Transaction="No"
  		RevsFlag="No"
  		RevsDtaType=""
  		RevsDtaName=""
  		RevsSvcName=""
  		CompsFlag="No"
  		CompsDtaType=""
  		CompsDtaName=""
  		CompsName=""
  		ExtCode=""
  		Prio="3"
  		DestTimeOut="No"
  		RevsSeq="Random"
  		CompsSeq="Random"
  		IsWsdl="no"
  		NameSpace=""
  		NameSpaceNS=""
  		SoapBinding=""
  		IsHavePrefix="">
    <NodeClass Name="未分类"
    		Desc="未分类"/>
    <ExtCodeExpr><![CDATA[]]></ExtCodeExpr>
    <PrioExpr><![CDATA[]]></PrioExpr>
    <SvrIdExpr><![CDATA[]]></SvrIdExpr>
    <IFile><![CDATA[]]></IFile>
    <OFile><![CDATA[]]></OFile>
    <RevsInit><![CDATA[]]></RevsInit>
    <RevsSucc><![CDATA[]]></RevsSucc>
    <RevsFail><![CDATA[]]></RevsFail>
    <CompsInit><![CDATA[]]></CompsInit>
    <CompsSucc><![CDATA[]]></CompsSucc>
    <CompsFail><![CDATA[]]></CompsFail>
    <IFmtGrpTab RecNum="0"/>
    <OFmtGrpTab RecNum="0"/>
    <EvtIfmtBegin><![CDATA[]]></EvtIfmtBegin>
    <EvtIfmtEnd><![CDATA[]]></EvtIfmtEnd>
    <EvtOfmtBegin><![CDATA[]]></EvtOfmtBegin>
    <EvtOfmtEnd><![CDATA[]]></EvtOfmtEnd>
    <EvtAcallBegin><![CDATA[]]></EvtAcallBegin>
    <EvtAcallEnd><![CDATA[]]></EvtAcallEnd>
    <EvtReturnBegin><![CDATA[]]></EvtReturnBegin>
    <EvtReturnEnd><![CDATA[]]></EvtReturnEnd>
    <EvtConvsvcBegin><![CDATA[]]></EvtConvsvcBegin>
    <EvtConvsvcEnd><![CDATA[]]></EvtConvsvcEnd>
    <EvtPfileBegin><![CDATA[]]></EvtPfileBegin>
    <EvtPfileEnd><![CDATA[]]></EvtPfileEnd>
    <EvtBfileBegin><![CDATA[]]></EvtBfileBegin>
    <EvtBfileEnd><![CDATA[]]></EvtBfileEnd>
    <EvtSfileBegin><![CDATA[]]></EvtSfileBegin>
    <EvtSfileEnd><![CDATA[]]></EvtSfileEnd>
    <EvtRfileBegin><![CDATA[]]></EvtRfileBegin>
    <EvtRfileEnd><![CDATA[]]></EvtRfileEnd>
  </Service>
  <Service Name="QR0570"
  		SvcDesc="撤销二维码"
  		TimeOut="0"
  		IFmt="FMT_EBANK_SVR_QR0570_REQ"
  		OFmt="FMT_EBANK_SVR_QR0570_RES"
  		PFile=""
  		BFile=""
  		IElem=""
  		OElem=""
  		Transaction="No"
  		RevsFlag="No"
  		RevsDtaType=""
  		RevsDtaName=""
  		RevsSvcName=""
  		CompsFlag="No"
  		CompsDtaType=""
  		CompsDtaName=""
  		CompsName=""
  		ExtCode=""
  		Prio="3"
  		DestTimeOut="No"
  		RevsSeq="Random"
  		CompsSeq="Random"
  		IsWsdl="no"
  		NameSpace=""
  		NameSpaceNS=""
  		SoapBinding=""
  		IsHavePrefix="">
    <NodeClass Name="未分类"
    		Desc="未分类"/>
    <ExtCodeExpr><![CDATA[]]></ExtCodeExpr>
    <PrioExpr><![CDATA[]]></PrioExpr>
    <SvrIdExpr><![CDATA[]]></SvrIdExpr>
    <IFile><![CDATA[]]></IFile>
    <OFile><![CDATA[]]></OFile>
    <RevsInit><![CDATA[]]></RevsInit>
    <RevsSucc><![CDATA[]]></RevsSucc>
    <RevsFail><![CDATA[]]></RevsFail>
    <CompsInit><![CDATA[]]></CompsInit>
    <CompsSucc><![CDATA[]]></CompsSucc>
    <CompsFail><![CDATA[]]></CompsFail>
    <IFmtGrpTab RecNum="0"/>
    <OFmtGrpTab RecNum="0"/>
    <EvtIfmtBegin><![CDATA[]]></EvtIfmtBegin>
    <EvtIfmtEnd><![CDATA[]]></EvtIfmtEnd>
    <EvtOfmtBegin><![CDATA[]]></EvtOfmtBegin>
    <EvtOfmtEnd><![CDATA[]]></EvtOfmtEnd>
    <EvtAcallBegin><![CDATA[]]></EvtAcallBegin>
    <EvtAcallEnd><![CDATA[]]></EvtAcallEnd>
    <EvtReturnBegin><![CDATA[]]></EvtReturnBegin>
    <EvtReturnEnd><![CDATA[]]></EvtReturnEnd>
    <EvtConvsvcBegin><![CDATA[]]></EvtConvsvcBegin>
    <EvtConvsvcEnd><![CDATA[]]></EvtConvsvcEnd>
    <EvtPfileBegin><![CDATA[]]></EvtPfileBegin>
    <EvtPfileEnd><![CDATA[]]></EvtPfileEnd>
    <EvtBfileBegin><![CDATA[]]></EvtBfileBegin>
    <EvtBfileEnd><![CDATA[]]></EvtBfileEnd>
    <EvtSfileBegin><![CDATA[]]></EvtSfileBegin>
    <EvtSfileEnd><![CDATA[]]></EvtSfileEnd>
    <EvtRfileBegin><![CDATA[]]></EvtRfileBegin>
    <EvtRfileEnd><![CDATA[]]></EvtRfileEnd>
  </Service>
  <Service Name="ZH0001"
  		SvcDesc="协议支付签约"
  		TimeOut="0"
  		IFmt="FMT_EBANK_SVR_ZH0001_REQ"
  		OFmt="FMT_EBANK_SVR_ZH0001_RES"
  		PFile=""
  		BFile=""
  		IElem=""
  		OElem=""
  		Transaction="No"
  		RevsFlag="No"
  		RevsDtaType=""
  		RevsDtaName=""
  		RevsSvcName=""
  		CompsFlag="No"
  		CompsDtaType=""
  		CompsDtaName=""
  		CompsName=""
  		ExtCode=""
  		Prio="3"
  		DestTimeOut="No"
  		RevsSeq="Random"
  		CompsSeq="Random"
  		IsWsdl="no"
  		NameSpace=""
  		NameSpaceNS=""
  		SoapBinding=""
  		IsHavePrefix="">
    <NodeClass Name="未分类"
    		Desc="未分类"/>
    <ExtCodeExpr><![CDATA[]]></ExtCodeExpr>
    <PrioExpr><![CDATA[]]></PrioExpr>
    <SvrIdExpr><![CDATA[]]></SvrIdExpr>
    <IFile><![CDATA[]]></IFile>
    <OFile><![CDATA[]]></OFile>
    <RevsInit><![CDATA[]]></RevsInit>
    <RevsSucc><![CDATA[]]></RevsSucc>
    <RevsFail><![CDATA[]]></RevsFail>
    <CompsInit><![CDATA[]]></CompsInit>
    <CompsSucc><![CDATA[]]></CompsSucc>
    <CompsFail><![CDATA[]]></CompsFail>
    <IFmtGrpTab RecNum="0"/>
    <OFmtGrpTab RecNum="0"/>
    <EvtIfmtBegin><![CDATA[]]></EvtIfmtBegin>
    <EvtIfmtEnd><![CDATA[]]></EvtIfmtEnd>
    <EvtOfmtBegin><![CDATA[]]></EvtOfmtBegin>
    <EvtOfmtEnd><![CDATA[]]></EvtOfmtEnd>
    <EvtAcallBegin><![CDATA[]]></EvtAcallBegin>
    <EvtAcallEnd><![CDATA[]]></EvtAcallEnd>
    <EvtReturnBegin><![CDATA[]]></EvtReturnBegin>
    <EvtReturnEnd><![CDATA[]]></EvtReturnEnd>
    <EvtConvsvcBegin><![CDATA[]]></EvtConvsvcBegin>
    <EvtConvsvcEnd><![CDATA[]]></EvtConvsvcEnd>
    <EvtPfileBegin><![CDATA[]]></EvtPfileBegin>
    <EvtPfileEnd><![CDATA[]]></EvtPfileEnd>
    <EvtBfileBegin><![CDATA[]]></EvtBfileBegin>
    <EvtBfileEnd><![CDATA[]]></EvtBfileEnd>
    <EvtSfileBegin><![CDATA[]]></EvtSfileBegin>
    <EvtSfileEnd><![CDATA[]]></EvtSfileEnd>
    <EvtRfileBegin><![CDATA[]]></EvtRfileBegin>
    <EvtRfileEnd><![CDATA[]]></EvtRfileEnd>
  </Service>
</ServiceTab>
