<?xml version="1.0" encoding="UTF-8"?>

<SvcDependTab SrcType="B"
		SrcName="EBANK_SVR">
  <SvcDepend SrcSvcName="QR0210">
    <ItemList>
      <Item DestType="C"
      		DestName="QR"
      		SvcName="BS0210"/>
    </ItemList>
  </SvcDepend>
  <SvcDepend SrcSvcName="QR0240">
    <ItemList>
      <Item DestType="C"
      		DestName="QR"
      		SvcName="BS0240"/>
    </ItemList>
  </SvcDepend>
  <SvcDepend SrcSvcName="QR0120">
    <ItemList>
      <Item DestType="C"
      		DestName="QR"
      		SvcName="ZS0120"/>
    </ItemList>
  </SvcDepend>
  <SvcDepend SrcSvcName="QR0130">
    <ItemList>
      <Item DestType="C"
      		DestName="QR"
      		SvcName="ZS0130"/>
    </ItemList>
  </SvcDepend>
  <SvcDepend SrcSvcName="QR0140">
    <ItemList>
      <Item DestType="C"
      		DestName="QR"
      		SvcName="ZS0140"/>
    </ItemList>
  </SvcDepend>
  <SvcDepend SrcSvcName="QR0180">
    <ItemList>
      <Item DestType="C"
      		DestName="QR"
      		SvcName="ZS0180"/>
    </ItemList>
  </SvcDepend>
  <SvcDepend SrcSvcName="QR0510">
    <ItemList>
      <Item DestType="C"
      		DestName="QR"
      		SvcName="ZS0510"/>
    </ItemList>
  </SvcDepend>
  <SvcDepend SrcSvcName="QR0540">
    <ItemList>
      <Item DestType="C"
      		DestName="QR"
      		SvcName="ZS0540"/>
    </ItemList>
  </SvcDepend>
  <SvcDepend SrcSvcName="QR0150">
    <ItemList>
      <Item DestType="C"
      		DestName="QR"
      		SvcName="ZS0150"/>
    </ItemList>
  </SvcDepend>
  <SvcDepend SrcSvcName="QR0570">
    <ItemList>
      <Item DestType="C"
      		DestName="QR"
      		SvcName="ZS0570"/>
    </ItemList>
  </SvcDepend>
  <SvcDepend SrcSvcName="QR0170">
    <ItemList>
      <Item DestType="C"
      		DestName="QR"
      		SvcName="ZS0170"/>
    </ItemList>
  </SvcDepend>
  <SvcDepend SrcSvcName="QR0231">
    <ItemList>
      <Item DestType="C"
      		DestName="QR"
      		SvcName="BS0231"/>
    </ItemList>
  </SvcDepend>
  <SvcDepend SrcSvcName="QR0190">
    <ItemList>
      <Item DestType="C"
      		DestName="QR"
      		SvcName="AT0190"/>
    </ItemList>
  </SvcDepend>
  <SvcDepend SrcSvcName="ZH0001">
    <ItemList>
      <Item DestType="C"
      		DestName="SIGNS"
      		SvcName="SSIGN0020211"/>
    </ItemList>
  </SvcDepend>
  <SvcDepend SrcSvcName="GW9902">
    <ItemList>
      <Item DestType="C"
      		DestName="CARD"
      		SvcName="GW9902"/>
    </ItemList>
  </SvcDepend>
  <SvcDepend SrcSvcName="GW9901">
    <ItemList>
      <Item DestType="C"
      		DestName="CARD"
      		SvcName="GW9901"/>
    </ItemList>
  </SvcDepend>
  <SvcDepend SrcSvcName="GW9903">
    <ItemList>
      <Item DestType="C"
      		DestName="CARD"
      		SvcName="GW9903"/>
    </ItemList>
  </SvcDepend>
  <SvcDepend SrcSvcName="QR0310">
    <ItemList>
      <Item DestType="C"
      		DestName="QR"
      		SvcName="BS0310"/>
    </ItemList>
  </SvcDepend>
  <SvcDepend SrcSvcName="QR0320">
    <ItemList>
      <Item DestType="C"
      		DestName="QR"
      		SvcName="BS0320"/>
    </ItemList>
  </SvcDepend>
  <SvcDepend SrcSvcName="QR0330">
    <ItemList>
      <Item DestType="C"
      		DestName="QR"
      		SvcName="BS0330"/>
    </ItemList>
  </SvcDepend>
  <SvcDepend SrcSvcName="QR0340">
    <ItemList>
      <Item DestType="C"
      		DestName="QR"
      		SvcName="BS0340"/>
    </ItemList>
  </SvcDepend>
  <SvcDepend SrcSvcName="QR0350">
    <ItemList>
      <Item DestType="C"
      		DestName="QR"
      		SvcName="BS0350"/>
    </ItemList>
  </SvcDepend>
</SvcDependTab>
