<?xml version="1.0" encoding="UTF-8"?>

<RouteTab>
  <RuleTab RecNum="1">
    <Rule RuleID="RT_QRUP_CLI_00"
    		RuleType="request">
      <NodeClass Name="未分类"
      		Desc="未分类"/>
      <SvcExpr><![CDATA[.*]]></SvcExpr>
      <RouteExpr><![CDATA[1]]></RouteExpr>
      <EntranceTab RecNum="1">
        <Entrance Desc="ENTR_QRUP_CLI_00"
        		Respond="yes"
        		DstType="NODE"
        		Destination="QRUP_CLI"
        		SvcName=""
        		NodeName="QRUP">
          <Expr><![CDATA[1]]></Expr>
        </Entrance>
      </EntranceTab>
    </Rule>
  </RuleTab>
</RouteTab>
