<?xml version="1.0" encoding="UTF-8"?>

<ServiceDefineTab RecNum="20">
  <ServiceDefine Name="AT0190"
  		Desc="发送取现操作通知交易"/>
  <ServiceDefine Name="BS0210"
  		Desc="C2B 码申请"/>
  <ServiceDefine Name="BS0231"
  		Desc="附加处理查询"/>
  <ServiceDefine Name="BS0240"
  		Desc="C2B附加处理结果通知"/>
  <ServiceDefine Name="BS0310"
  		Desc="C2B消费"/>
  <ServiceDefine Name="BS0320"
  		Desc="C2B消费冲正"/>
  <ServiceDefine Name="BS0330"
  		Desc="C2B消费撤销"/>
  <ServiceDefine Name="BS0340"
  		Desc="C2B退货"/>
  <ServiceDefine Name="BS0350"
  		Desc="C2B交易查询"/>
  <ServiceDefine Name="BS0360"
  		Desc="C2B消费通知"/>
  <ServiceDefine Name="ZS0120"
  		Desc="发送查询订单"/>
  <ServiceDefine Name="ZS0130"
  		Desc="发送付款"/>
  <ServiceDefine Name="ZS0140"
  		Desc="发送付款查询交易"/>
  <ServiceDefine Name="ZS0150"
  		Desc="退款"/>
  <ServiceDefine Name="ZS0160"
  		Desc="接收交易通知"/>
  <ServiceDefine Name="ZS0170"
  		Desc="消费撤销"/>
  <ServiceDefine Name="ZS0180"
  		Desc="发送查询营销信息"/>
  <ServiceDefine Name="ZS0510"
  		Desc="生成二维码"/>
  <ServiceDefine Name="ZS0540"
  		Desc="收款查询"/>
  <ServiceDefine Name="ZS0570"
  		Desc="收款方撤销二维码"/>
</ServiceDefineTab>
