<?xml version="1.0" encoding="UTF-8"?>

<DataMapTab RecNum="6">
  <DataMap SrcDta="QRUP_SVR"
  		SrcSvc="BS0230"
  		SrcType="DTA"
  		DstDta="QR"
  		DstSvc="BS0230"
  		DstType="ALA">
    <NodeClass Name="未分类"
    		Desc="未分类"/>
    <ItemTab RecNum="2">
      <Item IOType="I"
      		MapType="E"
      		SrcSdo="OBJ_QRUP_ALL"
      		DstSdo="OBJ_ALA_abstarct_REQ.req">
        <MapExpr><![CDATA[]]></MapExpr>
      </Item>
      <Item IOType="I"
      		MapType="D"
      		SrcSdo="OBJ_QRUP_ALL.qrCode"
      		DstSdo="OBJ_ALA_abstarct_REQ.svcName">
        <MapExpr><![CDATA[]]></MapExpr>
      </Item>
    </ItemTab>
  </DataMap>
  <DataMap SrcDta="QRUP_SVR"
  		SrcSvc="BS0250"
  		SrcType="DTA"
  		DstDta="QR"
  		DstSvc="BS0250"
  		DstType="ALA">
    <NodeClass Name="未分类"
    		Desc="未分类"/>
    <ItemTab RecNum="1">
      <Item IOType="I"
      		MapType="E"
      		SrcSdo="OBJ_QRUP_ALL"
      		DstSdo="OBJ_ALA_abstarct_REQ.req">
        <MapExpr><![CDATA[]]></MapExpr>
      </Item>
    </ItemTab>
  </DataMap>
  <DataMap SrcDta="QRUP_SVR"
  		SrcSvc="ZS0160"
  		SrcType="DTA"
  		DstDta="QR"
  		DstSvc="ZS0160"
  		DstType="ALA">
    <NodeClass Name="未分类"
    		Desc="未分类"/>
    <ItemTab RecNum="1">
      <Item IOType="I"
      		MapType="E"
      		SrcSdo="OBJ_QRUP_ALL"
      		DstSdo="OBJ_ALA_abstarct_REQ.req">
        <MapExpr><![CDATA[]]></MapExpr>
      </Item>
    </ItemTab>
  </DataMap>
  <DataMap SrcDta="QRUP_SVR"
  		SrcSvc="ZS0530"
  		SrcType="DTA"
  		DstDta="QR"
  		DstSvc="ZS0530"
  		DstType="ALA">
    <NodeClass Name="未分类"
    		Desc="未分类"/>
    <ItemTab RecNum="1">
      <Item IOType="I"
      		MapType="E"
      		SrcSdo="OBJ_QRUP_ALL"
      		DstSdo="OBJ_ALA_abstarct_REQ.req">
        <MapExpr><![CDATA[]]></MapExpr>
      </Item>
    </ItemTab>
  </DataMap>
  <DataMap SrcDta="QRUP_SVR"
  		SrcSvc="ZS0151"
  		SrcType="DTA"
  		DstDta="QR"
  		DstSvc="ZS0151"
  		DstType="ALA">
    <NodeClass Name="未分类"
    		Desc="未分类"/>
    <ItemTab RecNum="1">
      <Item IOType="I"
      		MapType="E"
      		SrcSdo="OBJ_QRUP_ALL"
      		DstSdo="OBJ_ALA_abstarct_REQ.req">
        <MapExpr><![CDATA[]]></MapExpr>
      </Item>
    </ItemTab>
  </DataMap>
  <DataMap SrcDta="QRUP_SVR"
  		SrcSvc="BS0360"
  		SrcType="DTA"
  		DstDta="QR"
  		DstSvc="BS0360"
  		DstType="ALA">
    <NodeClass Name="未分类"
    		Desc="未分类"/>
    <ItemTab RecNum="2">
      <Item IOType="I"
      		MapType="E"
      		SrcSdo="OBJ_QRUP_ALL"
      		DstSdo="OBJ_ALA_abstarct_REQ.req">
        <MapExpr><![CDATA[]]></MapExpr>
      </Item>
      <Item IOType="O"
      		MapType="A"
      		SrcSdo="OBJ_ALA_abstarct_RES.res"
      		DstSdo="OBJ_QRUP_ALL">
        <MapExpr><![CDATA[]]></MapExpr>
      </Item>
    </ItemTab>
  </DataMap>
</DataMapTab>
