<?xml version="1.0" encoding="UTF-8"?>

<RouteTab>
  <RuleTab RecNum="1">
    <Rule RuleID="RT_QRUP_SVR_00"
    		RuleType="request">
      <NodeClass Name="未分类"
      		Desc="未分类"/>
      <SvcExpr><![CDATA[.*]]></SvcExpr>
      <RouteExpr><![CDATA[$__GDTA_FORMAT.__GDTA_SVCNAME]]></RouteExpr>
      <EntranceTab RecNum="7">
        <Entrance Desc="ENTR_QRUP_SVR_02"
        		Respond="yes"
        		DstType="ALA"
        		Destination="QR"
        		SvcName="ZS0160"
        		NodeName="">
          <Expr><![CDATA[^ZS0160$]]></Expr>
        </Entrance>
        <Entrance Desc="ENTR_QRUP_SVR_02"
        		Respond="yes"
        		DstType="ALA"
        		Destination="QR"
        		SvcName="ZS0530"
        		NodeName="">
          <Expr><![CDATA[^ZS0530$]]></Expr>
        </Entrance>
        <Entrance Desc="ENTR_QRUP_SVR_00"
        		Respond="yes"
        		DstType="ALA"
        		Destination="QR"
        		SvcName="BS0230"
        		NodeName="">
          <Expr><![CDATA[^BS0230$]]></Expr>
        </Entrance>
        <Entrance Desc="ENTR_QRUP_SVR_03"
        		Respond="yes"
        		DstType="ALA"
        		Destination="QR"
        		SvcName="ZS0530"
        		NodeName="">
          <Expr><![CDATA[^ZS0530$]]></Expr>
        </Entrance>
        <Entrance Desc="ENTR_QRUP_SVR_00"
        		Respond="yes"
        		DstType="ALA"
        		Destination="QR"
        		SvcName="ZS0151"
        		NodeName="">
          <Expr><![CDATA[^ZS0151$]]></Expr>
        </Entrance>
        <Entrance Desc="ENTR_QRUP_SVR_01"
        		Respond="yes"
        		DstType="ALA"
        		Destination="QR"
        		SvcName="BS0250"
        		NodeName="">
          <Expr><![CDATA[^BS0250$]]></Expr>
        </Entrance>
        <Entrance Desc="ENTR_QRUP_SVR_01"
        		Respond="yes"
        		DstType="ALA"
        		Destination="QR"
        		SvcName="BS0360"
        		NodeName="">
          <Expr><![CDATA[^BS0360$]]></Expr>
        </Entrance>
      </EntranceTab>
    </Rule>
  </RuleTab>
</RouteTab>
