<?xml version="1.0" encoding="UTF-8"?>

<SignTab RecNum="1">
  <Sign SignName="SIGN_QRUP_SVR_ALL"
  		SignDesc="SIGN_QRUP_SVR_ALL"
  		SignType="sign_xhttp"
  		CtrlType="ctrltype_tag"
  		LengthBytes="0"
  		LengthDlmt=""
  		SignDlmt="3d"
  		DataDlmt="26"
  		ElemName="OBJ_QRUP_ALL">
    <LengthParseExpr><![CDATA[]]></LengthParseExpr>
    <LengthBuildExpr><![CDATA[]]></LengthBuildExpr>
    <NodeClass Name="未分类"
    		Desc="未分类"/>
    <ItemTab RecNum="53">
      <Item ItemSignName="acqCode"
      		ItemDesc="收款方机构代码"
      		ElemName="acqCode"
      		AsciiFlag="yes"
      		DecLocale="0"
      		FixFlag="no"
      		ItemAdj=""
      		ItemFill=""
      		LenDataFlag="no"
      		LengthBytes=""
      		LengthDlmt="">
        <LengthExpr><![CDATA[]]></LengthExpr>
        <LenDataParseExpr><![CDATA[]]></LenDataParseExpr>
        <LenDataBuildExpr><![CDATA[]]></LenDataBuildExpr>
        <ParseExpr><![CDATA[]]></ParseExpr>
        <BuildExpr><![CDATA[]]></BuildExpr>
      </Item>
      <Item ItemSignName="addnCond"
      		ItemDesc="附加处理条件"
      		ElemName="addnCond"
      		AsciiFlag="yes"
      		DecLocale="0"
      		FixFlag="no"
      		ItemAdj=""
      		ItemFill=""
      		LenDataFlag="no"
      		LengthBytes=""
      		LengthDlmt="">
        <LengthExpr><![CDATA[]]></LengthExpr>
        <LenDataParseExpr><![CDATA[]]></LenDataParseExpr>
        <LenDataBuildExpr><![CDATA[]]></LenDataBuildExpr>
        <ParseExpr><![CDATA[]]></ParseExpr>
        <BuildExpr><![CDATA[]]></BuildExpr>
      </Item>
      <Item ItemSignName="addnOpUrl"
      		ItemDesc="附加处理服务器地址"
      		ElemName="addnOpUrl"
      		AsciiFlag="yes"
      		DecLocale="0"
      		FixFlag="no"
      		ItemAdj=""
      		ItemFill=""
      		LenDataFlag="no"
      		LengthBytes=""
      		LengthDlmt="">
        <LengthExpr><![CDATA[]]></LengthExpr>
        <LenDataParseExpr><![CDATA[]]></LenDataParseExpr>
        <LenDataBuildExpr><![CDATA[]]></LenDataBuildExpr>
        <ParseExpr><![CDATA[]]></ParseExpr>
        <BuildExpr><![CDATA[]]></BuildExpr>
      </Item>
      <Item ItemSignName="backUrl"
      		ItemDesc="交易通知地址"
      		ElemName="backUrl"
      		AsciiFlag="yes"
      		DecLocale="0"
      		FixFlag="no"
      		ItemAdj=""
      		ItemFill=""
      		LenDataFlag="no"
      		LengthBytes=""
      		LengthDlmt="">
        <LengthExpr><![CDATA[]]></LengthExpr>
        <LenDataParseExpr><![CDATA[]]></LenDataParseExpr>
        <LenDataBuildExpr><![CDATA[]]></LenDataBuildExpr>
        <ParseExpr><![CDATA[]]></ParseExpr>
        <BuildExpr><![CDATA[]]></BuildExpr>
      </Item>
      <Item ItemSignName="certId"
      		ItemDesc="证书编号"
      		ElemName="certId"
      		AsciiFlag="yes"
      		DecLocale="0"
      		FixFlag="no"
      		ItemAdj=""
      		ItemFill=""
      		LenDataFlag="no"
      		LengthBytes=""
      		LengthDlmt="">
        <LengthExpr><![CDATA[]]></LengthExpr>
        <LenDataParseExpr><![CDATA[]]></LenDataParseExpr>
        <LenDataBuildExpr><![CDATA[]]></LenDataBuildExpr>
        <ParseExpr><![CDATA[]]></ParseExpr>
        <BuildExpr><![CDATA[]]></BuildExpr>
      </Item>
      <Item ItemSignName="comInfo"
      		ItemDesc="银行对账流水信息"
      		ElemName="comInfo"
      		AsciiFlag="yes"
      		DecLocale="0"
      		FixFlag="no"
      		ItemAdj=""
      		ItemFill=""
      		LenDataFlag="no"
      		LengthBytes=""
      		LengthDlmt="">
        <LengthExpr><![CDATA[]]></LengthExpr>
        <LenDataParseExpr><![CDATA[]]></LenDataParseExpr>
        <LenDataBuildExpr><![CDATA[]]></LenDataBuildExpr>
        <ParseExpr><![CDATA[]]></ParseExpr>
        <BuildExpr><![CDATA[]]></BuildExpr>
      </Item>
      <Item ItemSignName="couponInfo"
      		ItemDesc="优惠信息"
      		ElemName="couponInfo"
      		AsciiFlag="yes"
      		DecLocale="0"
      		FixFlag="no"
      		ItemAdj=""
      		ItemFill=""
      		LenDataFlag="no"
      		LengthBytes=""
      		LengthDlmt="">
        <LengthExpr><![CDATA[]]></LengthExpr>
        <LenDataParseExpr><![CDATA[]]></LenDataParseExpr>
        <LenDataBuildExpr><![CDATA[]]></LenDataBuildExpr>
        <ParseExpr><![CDATA[]]></ParseExpr>
        <BuildExpr><![CDATA[]]></BuildExpr>
      </Item>
      <Item ItemSignName="currencyCode"
      		ItemDesc="交易币种"
      		ElemName="currencyCode"
      		AsciiFlag="yes"
      		DecLocale="0"
      		FixFlag="no"
      		ItemAdj=""
      		ItemFill=""
      		LenDataFlag="no"
      		LengthBytes=""
      		LengthDlmt="">
        <LengthExpr><![CDATA[]]></LengthExpr>
        <LenDataParseExpr><![CDATA[]]></LenDataParseExpr>
        <LenDataBuildExpr><![CDATA[]]></LenDataBuildExpr>
        <ParseExpr><![CDATA[]]></ParseExpr>
        <BuildExpr><![CDATA[]]></BuildExpr>
      </Item>
      <Item ItemSignName="encryptCertId"
      		ItemDesc="加密证书编号"
      		ElemName="encryptCertId"
      		AsciiFlag="yes"
      		DecLocale="0"
      		FixFlag="no"
      		ItemAdj=""
      		ItemFill=""
      		LenDataFlag="no"
      		LengthBytes=""
      		LengthDlmt="">
        <LengthExpr><![CDATA[]]></LengthExpr>
        <LenDataParseExpr><![CDATA[]]></LenDataParseExpr>
        <LenDataBuildExpr><![CDATA[]]></LenDataBuildExpr>
        <ParseExpr><![CDATA[]]></ParseExpr>
        <BuildExpr><![CDATA[]]></BuildExpr>
      </Item>
      <Item ItemSignName="invoiceInfo"
      		ItemDesc="发票信息"
      		ElemName="invoiceInfo"
      		AsciiFlag="yes"
      		DecLocale="0"
      		FixFlag="no"
      		ItemAdj=""
      		ItemFill=""
      		LenDataFlag="no"
      		LengthBytes=""
      		LengthDlmt="">
        <LengthExpr><![CDATA[]]></LengthExpr>
        <LenDataParseExpr><![CDATA[]]></LenDataParseExpr>
        <LenDataBuildExpr><![CDATA[]]></LenDataBuildExpr>
        <ParseExpr><![CDATA[]]></ParseExpr>
        <BuildExpr><![CDATA[]]></BuildExpr>
      </Item>
      <Item ItemSignName="invoiceSt"
      		ItemDesc="支持发票"
      		ElemName="invoiceSt"
      		AsciiFlag="yes"
      		DecLocale="0"
      		FixFlag="no"
      		ItemAdj=""
      		ItemFill=""
      		LenDataFlag="no"
      		LengthBytes=""
      		LengthDlmt="">
        <LengthExpr><![CDATA[]]></LengthExpr>
        <LenDataParseExpr><![CDATA[]]></LenDataParseExpr>
        <LenDataBuildExpr><![CDATA[]]></LenDataBuildExpr>
        <ParseExpr><![CDATA[]]></ParseExpr>
        <BuildExpr><![CDATA[]]></BuildExpr>
      </Item>
      <Item ItemSignName="issCode"
      		ItemDesc="付款方机构代码"
      		ElemName="issCode"
      		AsciiFlag="yes"
      		DecLocale="0"
      		FixFlag="no"
      		ItemAdj=""
      		ItemFill=""
      		LenDataFlag="no"
      		LengthBytes=""
      		LengthDlmt="">
        <LengthExpr><![CDATA[]]></LengthExpr>
        <LenDataParseExpr><![CDATA[]]></LenDataParseExpr>
        <LenDataBuildExpr><![CDATA[]]></LenDataBuildExpr>
        <ParseExpr><![CDATA[]]></ParseExpr>
        <BuildExpr><![CDATA[]]></BuildExpr>
      </Item>
      <Item ItemSignName="limitCount"
      		ItemDesc="限制支付次数"
      		ElemName="limitCount"
      		AsciiFlag="yes"
      		DecLocale="0"
      		FixFlag="no"
      		ItemAdj=""
      		ItemFill=""
      		LenDataFlag="no"
      		LengthBytes=""
      		LengthDlmt="">
        <LengthExpr><![CDATA[]]></LengthExpr>
        <LenDataParseExpr><![CDATA[]]></LenDataParseExpr>
        <LenDataBuildExpr><![CDATA[]]></LenDataBuildExpr>
        <ParseExpr><![CDATA[]]></ParseExpr>
        <BuildExpr><![CDATA[]]></BuildExpr>
      </Item>
      <Item ItemSignName="merCatCode"
      		ItemDesc="商户类别"
      		ElemName="merCatCode"
      		AsciiFlag="yes"
      		DecLocale="0"
      		FixFlag="no"
      		ItemAdj=""
      		ItemFill=""
      		LenDataFlag="no"
      		LengthBytes=""
      		LengthDlmt="">
        <LengthExpr><![CDATA[]]></LengthExpr>
        <LenDataParseExpr><![CDATA[]]></LenDataParseExpr>
        <LenDataBuildExpr><![CDATA[]]></LenDataBuildExpr>
        <ParseExpr><![CDATA[]]></ParseExpr>
        <BuildExpr><![CDATA[]]></BuildExpr>
      </Item>
      <Item ItemSignName="merId"
      		ItemDesc="商户代码"
      		ElemName="merId"
      		AsciiFlag="yes"
      		DecLocale="0"
      		FixFlag="no"
      		ItemAdj=""
      		ItemFill=""
      		LenDataFlag="no"
      		LengthBytes=""
      		LengthDlmt="">
        <LengthExpr><![CDATA[]]></LengthExpr>
        <LenDataParseExpr><![CDATA[]]></LenDataParseExpr>
        <LenDataBuildExpr><![CDATA[]]></LenDataBuildExpr>
        <ParseExpr><![CDATA[]]></ParseExpr>
        <BuildExpr><![CDATA[]]></BuildExpr>
      </Item>
      <Item ItemSignName="merName"
      		ItemDesc="商户名称"
      		ElemName="merName"
      		AsciiFlag="yes"
      		DecLocale="0"
      		FixFlag="no"
      		ItemAdj=""
      		ItemFill=""
      		LenDataFlag="no"
      		LengthBytes=""
      		LengthDlmt="">
        <LengthExpr><![CDATA[]]></LengthExpr>
        <LenDataParseExpr><![CDATA[]]></LenDataParseExpr>
        <LenDataBuildExpr><![CDATA[]]></LenDataBuildExpr>
        <ParseExpr><![CDATA[]]></ParseExpr>
        <BuildExpr><![CDATA[]]></BuildExpr>
      </Item>
      <Item ItemSignName="orderDetails"
      		ItemDesc="订单详情"
      		ElemName="orderDetails"
      		AsciiFlag="yes"
      		DecLocale="0"
      		FixFlag="no"
      		ItemAdj=""
      		ItemFill=""
      		LenDataFlag="no"
      		LengthBytes=""
      		LengthDlmt="">
        <LengthExpr><![CDATA[]]></LengthExpr>
        <LenDataParseExpr><![CDATA[]]></LenDataParseExpr>
        <LenDataBuildExpr><![CDATA[]]></LenDataBuildExpr>
        <ParseExpr><![CDATA[]]></ParseExpr>
        <BuildExpr><![CDATA[]]></BuildExpr>
      </Item>
      <Item ItemSignName="orderNo"
      		ItemDesc="订单号"
      		ElemName="orderNo"
      		AsciiFlag="yes"
      		DecLocale="0"
      		FixFlag="no"
      		ItemAdj=""
      		ItemFill=""
      		LenDataFlag="no"
      		LengthBytes=""
      		LengthDlmt="">
        <LengthExpr><![CDATA[]]></LengthExpr>
        <LenDataParseExpr><![CDATA[]]></LenDataParseExpr>
        <LenDataBuildExpr><![CDATA[]]></LenDataBuildExpr>
        <ParseExpr><![CDATA[]]></ParseExpr>
        <BuildExpr><![CDATA[]]></BuildExpr>
      </Item>
      <Item ItemSignName="orderTime"
      		ItemDesc="订单时间"
      		ElemName="orderTime"
      		AsciiFlag="yes"
      		DecLocale="0"
      		FixFlag="no"
      		ItemAdj=""
      		ItemFill=""
      		LenDataFlag="no"
      		LengthBytes=""
      		LengthDlmt="">
        <LengthExpr><![CDATA[]]></LengthExpr>
        <LenDataParseExpr><![CDATA[]]></LenDataParseExpr>
        <LenDataBuildExpr><![CDATA[]]></LenDataBuildExpr>
        <ParseExpr><![CDATA[]]></ParseExpr>
        <BuildExpr><![CDATA[]]></BuildExpr>
      </Item>
      <Item ItemSignName="orderType"
      		ItemDesc="订单类型"
      		ElemName="orderType"
      		AsciiFlag="yes"
      		DecLocale="0"
      		FixFlag="no"
      		ItemAdj=""
      		ItemFill=""
      		LenDataFlag="no"
      		LengthBytes=""
      		LengthDlmt="">
        <LengthExpr><![CDATA[]]></LengthExpr>
        <LenDataParseExpr><![CDATA[]]></LenDataParseExpr>
        <LenDataBuildExpr><![CDATA[]]></LenDataBuildExpr>
        <ParseExpr><![CDATA[]]></ParseExpr>
        <BuildExpr><![CDATA[]]></BuildExpr>
      </Item>
      <Item ItemSignName="origOrderNo"
      		ItemDesc="原始订单号"
      		ElemName="origOrderNo"
      		AsciiFlag="yes"
      		DecLocale="0"
      		FixFlag="no"
      		ItemAdj=""
      		ItemFill=""
      		LenDataFlag="no"
      		LengthBytes=""
      		LengthDlmt="">
        <LengthExpr><![CDATA[]]></LengthExpr>
        <LenDataParseExpr><![CDATA[]]></LenDataParseExpr>
        <LenDataBuildExpr><![CDATA[]]></LenDataBuildExpr>
        <ParseExpr><![CDATA[]]></ParseExpr>
        <BuildExpr><![CDATA[]]></BuildExpr>
      </Item>
      <Item ItemSignName="origOrderTime"
      		ItemDesc="原始订单时间"
      		ElemName="origOrderTime"
      		AsciiFlag="yes"
      		DecLocale="0"
      		FixFlag="no"
      		ItemAdj=""
      		ItemFill=""
      		LenDataFlag="no"
      		LengthBytes=""
      		LengthDlmt="">
        <LengthExpr><![CDATA[]]></LengthExpr>
        <LenDataParseExpr><![CDATA[]]></LenDataParseExpr>
        <LenDataBuildExpr><![CDATA[]]></LenDataBuildExpr>
        <ParseExpr><![CDATA[]]></ParseExpr>
        <BuildExpr><![CDATA[]]></BuildExpr>
      </Item>
      <Item ItemSignName="origReqType"
      		ItemDesc="原交易类型"
      		ElemName="origReqType"
      		AsciiFlag="yes"
      		DecLocale="0"
      		FixFlag="no"
      		ItemAdj=""
      		ItemFill=""
      		LenDataFlag="no"
      		LengthBytes=""
      		LengthDlmt="">
        <LengthExpr><![CDATA[]]></LengthExpr>
        <LenDataParseExpr><![CDATA[]]></LenDataParseExpr>
        <LenDataBuildExpr><![CDATA[]]></LenDataBuildExpr>
        <ParseExpr><![CDATA[]]></ParseExpr>
        <BuildExpr><![CDATA[]]></BuildExpr>
      </Item>
      <Item ItemSignName="origRespCode"
      		ItemDesc="原交易应答码"
      		ElemName="origRespCode"
      		AsciiFlag="yes"
      		DecLocale="0"
      		FixFlag="no"
      		ItemAdj=""
      		ItemFill=""
      		LenDataFlag="no"
      		LengthBytes=""
      		LengthDlmt="">
        <LengthExpr><![CDATA[]]></LengthExpr>
        <LenDataParseExpr><![CDATA[]]></LenDataParseExpr>
        <LenDataBuildExpr><![CDATA[]]></LenDataBuildExpr>
        <ParseExpr><![CDATA[]]></ParseExpr>
        <BuildExpr><![CDATA[]]></BuildExpr>
      </Item>
      <Item ItemSignName="origRespMsg"
      		ItemDesc="原交易应答信息"
      		ElemName="origRespMsg"
      		AsciiFlag="yes"
      		DecLocale="0"
      		FixFlag="no"
      		ItemAdj=""
      		ItemFill=""
      		LenDataFlag="no"
      		LengthBytes=""
      		LengthDlmt="">
        <LengthExpr><![CDATA[]]></LengthExpr>
        <LenDataParseExpr><![CDATA[]]></LenDataParseExpr>
        <LenDataBuildExpr><![CDATA[]]></LenDataBuildExpr>
        <ParseExpr><![CDATA[]]></ParseExpr>
        <BuildExpr><![CDATA[]]></BuildExpr>
      </Item>
      <Item ItemSignName="origTxnAmt"
      		ItemDesc="初始交易金额"
      		ElemName="origTxnAmt"
      		AsciiFlag="yes"
      		DecLocale="0"
      		FixFlag="no"
      		ItemAdj=""
      		ItemFill=""
      		LenDataFlag="no"
      		LengthBytes=""
      		LengthDlmt="">
        <LengthExpr><![CDATA[]]></LengthExpr>
        <LenDataParseExpr><![CDATA[]]></LenDataParseExpr>
        <LenDataBuildExpr><![CDATA[]]></LenDataBuildExpr>
        <ParseExpr><![CDATA[]]></ParseExpr>
        <BuildExpr><![CDATA[]]></BuildExpr>
      </Item>
      <Item ItemSignName="payeeComments"
      		ItemDesc="收款方附言"
      		ElemName="payeeComments"
      		AsciiFlag="yes"
      		DecLocale="0"
      		FixFlag="no"
      		ItemAdj=""
      		ItemFill=""
      		LenDataFlag="no"
      		LengthBytes=""
      		LengthDlmt="">
        <LengthExpr><![CDATA[]]></LengthExpr>
        <LenDataParseExpr><![CDATA[]]></LenDataParseExpr>
        <LenDataBuildExpr><![CDATA[]]></LenDataBuildExpr>
        <ParseExpr><![CDATA[]]></ParseExpr>
        <BuildExpr><![CDATA[]]></BuildExpr>
      </Item>
      <Item ItemSignName="payeeInfo"
      		ItemDesc="收款方信息"
      		ElemName="payeeInfo"
      		AsciiFlag="yes"
      		DecLocale="0"
      		FixFlag="no"
      		ItemAdj=""
      		ItemFill=""
      		LenDataFlag="no"
      		LengthBytes=""
      		LengthDlmt="">
        <LengthExpr><![CDATA[]]></LengthExpr>
        <LenDataParseExpr><![CDATA[]]></LenDataParseExpr>
        <LenDataBuildExpr><![CDATA[]]></LenDataBuildExpr>
        <ParseExpr><![CDATA[]]></ParseExpr>
        <BuildExpr><![CDATA[]]></BuildExpr>
      </Item>
      <Item ItemSignName="payerComments"
      		ItemDesc="付款方附言"
      		ElemName="payerComments"
      		AsciiFlag="yes"
      		DecLocale="0"
      		FixFlag="no"
      		ItemAdj=""
      		ItemFill=""
      		LenDataFlag="no"
      		LengthBytes=""
      		LengthDlmt="">
        <LengthExpr><![CDATA[]]></LengthExpr>
        <LenDataParseExpr><![CDATA[]]></LenDataParseExpr>
        <LenDataBuildExpr><![CDATA[]]></LenDataBuildExpr>
        <ParseExpr><![CDATA[]]></ParseExpr>
        <BuildExpr><![CDATA[]]></BuildExpr>
      </Item>
      <Item ItemSignName="payerInfo"
      		ItemDesc="付款方信息"
      		ElemName="payerInfo"
      		AsciiFlag="yes"
      		DecLocale="0"
      		FixFlag="no"
      		ItemAdj=""
      		ItemFill=""
      		LenDataFlag="no"
      		LengthBytes=""
      		LengthDlmt="">
        <LengthExpr><![CDATA[]]></LengthExpr>
        <LenDataParseExpr><![CDATA[]]></LenDataParseExpr>
        <LenDataBuildExpr><![CDATA[]]></LenDataBuildExpr>
        <ParseExpr><![CDATA[]]></ParseExpr>
        <BuildExpr><![CDATA[]]></BuildExpr>
      </Item>
      <Item ItemSignName="paymentValidTime"
      		ItemDesc="支付有效时间"
      		ElemName="paymentValidTime"
      		AsciiFlag="yes"
      		DecLocale="0"
      		FixFlag="no"
      		ItemAdj=""
      		ItemFill=""
      		LenDataFlag="no"
      		LengthBytes=""
      		LengthDlmt="">
        <LengthExpr><![CDATA[]]></LengthExpr>
        <LenDataParseExpr><![CDATA[]]></LenDataParseExpr>
        <LenDataBuildExpr><![CDATA[]]></LenDataBuildExpr>
        <ParseExpr><![CDATA[]]></ParseExpr>
        <BuildExpr><![CDATA[]]></BuildExpr>
      </Item>
      <Item ItemSignName="qrCode"
      		ItemDesc="二维码"
      		ElemName="qrCode"
      		AsciiFlag="yes"
      		DecLocale="0"
      		FixFlag="no"
      		ItemAdj=""
      		ItemFill=""
      		LenDataFlag="no"
      		LengthBytes=""
      		LengthDlmt="">
        <LengthExpr><![CDATA[]]></LengthExpr>
        <LenDataParseExpr><![CDATA[]]></LenDataParseExpr>
        <LenDataBuildExpr><![CDATA[]]></LenDataBuildExpr>
        <ParseExpr><![CDATA[]]></ParseExpr>
        <BuildExpr><![CDATA[]]></BuildExpr>
      </Item>
      <Item ItemSignName="qrNo"
      		ItemDesc="C2B 码"
      		ElemName="qrNo"
      		AsciiFlag="yes"
      		DecLocale="0"
      		FixFlag="no"
      		ItemAdj=""
      		ItemFill=""
      		LenDataFlag="no"
      		LengthBytes=""
      		LengthDlmt="">
        <LengthExpr><![CDATA[]]></LengthExpr>
        <LenDataParseExpr><![CDATA[]]></LenDataParseExpr>
        <LenDataBuildExpr><![CDATA[]]></LenDataBuildExpr>
        <ParseExpr><![CDATA[]]></ParseExpr>
        <BuildExpr><![CDATA[]]></BuildExpr>
      </Item>
      <Item ItemSignName="qrType"
      		ItemDesc="C2B 码请求类型"
      		ElemName="qrType"
      		AsciiFlag="yes"
      		DecLocale="0"
      		FixFlag="no"
      		ItemAdj=""
      		ItemFill=""
      		LenDataFlag="no"
      		LengthBytes=""
      		LengthDlmt="">
        <LengthExpr><![CDATA[]]></LengthExpr>
        <LenDataParseExpr><![CDATA[]]></LenDataParseExpr>
        <LenDataBuildExpr><![CDATA[]]></LenDataBuildExpr>
        <ParseExpr><![CDATA[]]></ParseExpr>
        <BuildExpr><![CDATA[]]></BuildExpr>
      </Item>
      <Item ItemSignName="qrValidTime"
      		ItemDesc="二维码有效时间"
      		ElemName="qrValidTime"
      		AsciiFlag="yes"
      		DecLocale="0"
      		FixFlag="no"
      		ItemAdj=""
      		ItemFill=""
      		LenDataFlag="no"
      		LengthBytes=""
      		LengthDlmt="">
        <LengthExpr><![CDATA[]]></LengthExpr>
        <LenDataParseExpr><![CDATA[]]></LenDataParseExpr>
        <LenDataBuildExpr><![CDATA[]]></LenDataBuildExpr>
        <ParseExpr><![CDATA[]]></ParseExpr>
        <BuildExpr><![CDATA[]]></BuildExpr>
      </Item>
      <Item ItemSignName="reqReserved"
      		ItemDesc="请求方自定义域"
      		ElemName="reqReserved"
      		AsciiFlag="yes"
      		DecLocale="0"
      		FixFlag="no"
      		ItemAdj=""
      		ItemFill=""
      		LenDataFlag="no"
      		LengthBytes=""
      		LengthDlmt="">
        <LengthExpr><![CDATA[]]></LengthExpr>
        <LenDataParseExpr><![CDATA[]]></LenDataParseExpr>
        <LenDataBuildExpr><![CDATA[]]></LenDataBuildExpr>
        <ParseExpr><![CDATA[]]></ParseExpr>
        <BuildExpr><![CDATA[]]></BuildExpr>
      </Item>
      <Item ItemSignName="riskInfo"
      		ItemDesc="风险控制信息"
      		ElemName="riskInfo"
      		AsciiFlag="yes"
      		DecLocale="0"
      		FixFlag="no"
      		ItemAdj=""
      		ItemFill=""
      		LenDataFlag="no"
      		LengthBytes=""
      		LengthDlmt="">
        <LengthExpr><![CDATA[]]></LengthExpr>
        <LenDataParseExpr><![CDATA[]]></LenDataParseExpr>
        <LenDataBuildExpr><![CDATA[]]></LenDataBuildExpr>
        <ParseExpr><![CDATA[]]></ParseExpr>
        <BuildExpr><![CDATA[]]></BuildExpr>
      </Item>
      <Item ItemSignName="reqType"
      		ItemDesc="交易类型"
      		ElemName="reqType"
      		AsciiFlag="yes"
      		DecLocale="0"
      		FixFlag="no"
      		ItemAdj=""
      		ItemFill=""
      		LenDataFlag="no"
      		LengthBytes=""
      		LengthDlmt="">
        <LengthExpr><![CDATA[]]></LengthExpr>
        <LenDataParseExpr><![CDATA[]]></LenDataParseExpr>
        <LenDataBuildExpr><![CDATA[]]></LenDataBuildExpr>
        <ParseExpr><![CDATA[]]></ParseExpr>
        <BuildExpr><![CDATA[]]></BuildExpr>
      </Item>
      <Item ItemSignName="respCode"
      		ItemDesc="应答码"
      		ElemName="respCode"
      		AsciiFlag="yes"
      		DecLocale="0"
      		FixFlag="no"
      		ItemAdj=""
      		ItemFill=""
      		LenDataFlag="no"
      		LengthBytes=""
      		LengthDlmt="">
        <LengthExpr><![CDATA[]]></LengthExpr>
        <LenDataParseExpr><![CDATA[]]></LenDataParseExpr>
        <LenDataBuildExpr><![CDATA[]]></LenDataBuildExpr>
        <ParseExpr><![CDATA[]]></ParseExpr>
        <BuildExpr><![CDATA[]]></BuildExpr>
      </Item>
      <Item ItemSignName="respMsg"
      		ItemDesc="应答信息"
      		ElemName="respMsg"
      		AsciiFlag="yes"
      		DecLocale="0"
      		FixFlag="no"
      		ItemAdj=""
      		ItemFill=""
      		LenDataFlag="no"
      		LengthBytes=""
      		LengthDlmt="">
        <LengthExpr><![CDATA[]]></LengthExpr>
        <LenDataParseExpr><![CDATA[]]></LenDataParseExpr>
        <LenDataBuildExpr><![CDATA[]]></LenDataBuildExpr>
        <ParseExpr><![CDATA[]]></ParseExpr>
        <BuildExpr><![CDATA[]]></BuildExpr>
      </Item>
      <Item ItemSignName="specFeeInfo"
      		ItemDesc="特殊计费标识"
      		ElemName="specFeeInfo"
      		AsciiFlag="yes"
      		DecLocale="0"
      		FixFlag="no"
      		ItemAdj=""
      		ItemFill=""
      		LenDataFlag="no"
      		LengthBytes=""
      		LengthDlmt="">
        <LengthExpr><![CDATA[]]></LengthExpr>
        <LenDataParseExpr><![CDATA[]]></LenDataParseExpr>
        <LenDataBuildExpr><![CDATA[]]></LenDataBuildExpr>
        <ParseExpr><![CDATA[]]></ParseExpr>
        <BuildExpr><![CDATA[]]></BuildExpr>
      </Item>
      <Item ItemSignName="settleDate"
      		ItemDesc="清算日期"
      		ElemName="settleDate"
      		AsciiFlag="yes"
      		DecLocale="0"
      		FixFlag="no"
      		ItemAdj=""
      		ItemFill=""
      		LenDataFlag="no"
      		LengthBytes=""
      		LengthDlmt="">
        <LengthExpr><![CDATA[]]></LengthExpr>
        <LenDataParseExpr><![CDATA[]]></LenDataParseExpr>
        <LenDataBuildExpr><![CDATA[]]></LenDataBuildExpr>
        <ParseExpr><![CDATA[]]></ParseExpr>
        <BuildExpr><![CDATA[]]></BuildExpr>
      </Item>
      <Item ItemSignName="settleKey"
      		ItemDesc="清算主键"
      		ElemName="settleKey"
      		AsciiFlag="yes"
      		DecLocale="0"
      		FixFlag="no"
      		ItemAdj=""
      		ItemFill=""
      		LenDataFlag="no"
      		LengthBytes=""
      		LengthDlmt="">
        <LengthExpr><![CDATA[]]></LengthExpr>
        <LenDataParseExpr><![CDATA[]]></LenDataParseExpr>
        <LenDataBuildExpr><![CDATA[]]></LenDataBuildExpr>
        <ParseExpr><![CDATA[]]></ParseExpr>
        <BuildExpr><![CDATA[]]></BuildExpr>
      </Item>
      <Item ItemSignName="signature"
      		ItemDesc="签名"
      		ElemName="signature"
      		AsciiFlag="yes"
      		DecLocale="0"
      		FixFlag="no"
      		ItemAdj=""
      		ItemFill=""
      		LenDataFlag="no"
      		LengthBytes=""
      		LengthDlmt="">
        <LengthExpr><![CDATA[]]></LengthExpr>
        <LenDataParseExpr><![CDATA[]]></LenDataParseExpr>
        <LenDataBuildExpr><![CDATA[]]></LenDataBuildExpr>
        <ParseExpr><![CDATA[]]></ParseExpr>
        <BuildExpr><![CDATA[]]></BuildExpr>
      </Item>
      <Item ItemSignName="termId"
      		ItemDesc="终端号"
      		ElemName="termId"
      		AsciiFlag="yes"
      		DecLocale="0"
      		FixFlag="no"
      		ItemAdj=""
      		ItemFill=""
      		LenDataFlag="no"
      		LengthBytes=""
      		LengthDlmt="">
        <LengthExpr><![CDATA[]]></LengthExpr>
        <LenDataParseExpr><![CDATA[]]></LenDataParseExpr>
        <LenDataBuildExpr><![CDATA[]]></LenDataBuildExpr>
        <ParseExpr><![CDATA[]]></ParseExpr>
        <BuildExpr><![CDATA[]]></BuildExpr>
      </Item>
      <Item ItemSignName="transAddnInfo"
      		ItemDesc="交易附加信息"
      		ElemName="transAddnInfo"
      		AsciiFlag="yes"
      		DecLocale="0"
      		FixFlag="no"
      		ItemAdj=""
      		ItemFill=""
      		LenDataFlag="no"
      		LengthBytes=""
      		LengthDlmt="">
        <LengthExpr><![CDATA[]]></LengthExpr>
        <LenDataParseExpr><![CDATA[]]></LenDataParseExpr>
        <LenDataBuildExpr><![CDATA[]]></LenDataBuildExpr>
        <ParseExpr><![CDATA[]]></ParseExpr>
        <BuildExpr><![CDATA[]]></BuildExpr>
      </Item>
      <Item ItemSignName="txnAmt"
      		ItemDesc="交易金额"
      		ElemName="txnAmt"
      		AsciiFlag="yes"
      		DecLocale="0"
      		FixFlag="no"
      		ItemAdj=""
      		ItemFill=""
      		LenDataFlag="no"
      		LengthBytes=""
      		LengthDlmt="">
        <LengthExpr><![CDATA[]]></LengthExpr>
        <LenDataParseExpr><![CDATA[]]></LenDataParseExpr>
        <LenDataBuildExpr><![CDATA[]]></LenDataBuildExpr>
        <ParseExpr><![CDATA[]]></ParseExpr>
        <BuildExpr><![CDATA[]]></BuildExpr>
      </Item>
      <Item ItemSignName="txnNo"
      		ItemDesc="交易序列号"
      		ElemName="txnNo"
      		AsciiFlag="yes"
      		DecLocale="0"
      		FixFlag="no"
      		ItemAdj=""
      		ItemFill=""
      		LenDataFlag="no"
      		LengthBytes=""
      		LengthDlmt="">
        <LengthExpr><![CDATA[]]></LengthExpr>
        <LenDataParseExpr><![CDATA[]]></LenDataParseExpr>
        <LenDataBuildExpr><![CDATA[]]></LenDataBuildExpr>
        <ParseExpr><![CDATA[]]></ParseExpr>
        <BuildExpr><![CDATA[]]></BuildExpr>
      </Item>
      <Item ItemSignName="upReserved"
      		ItemDesc="银联保留域"
      		ElemName="upReserved"
      		AsciiFlag="yes"
      		DecLocale="0"
      		FixFlag="no"
      		ItemAdj=""
      		ItemFill=""
      		LenDataFlag="no"
      		LengthBytes=""
      		LengthDlmt="">
        <LengthExpr><![CDATA[]]></LengthExpr>
        <LenDataParseExpr><![CDATA[]]></LenDataParseExpr>
        <LenDataBuildExpr><![CDATA[]]></LenDataBuildExpr>
        <ParseExpr><![CDATA[]]></ParseExpr>
        <BuildExpr><![CDATA[]]></BuildExpr>
      </Item>
      <Item ItemSignName="version"
      		ItemDesc="版本号"
      		ElemName="version"
      		AsciiFlag="yes"
      		DecLocale="0"
      		FixFlag="no"
      		ItemAdj=""
      		ItemFill=""
      		LenDataFlag="no"
      		LengthBytes=""
      		LengthDlmt="">
        <LengthExpr><![CDATA[]]></LengthExpr>
        <LenDataParseExpr><![CDATA[]]></LenDataParseExpr>
        <LenDataBuildExpr><![CDATA[]]></LenDataBuildExpr>
        <ParseExpr><![CDATA[]]></ParseExpr>
        <BuildExpr><![CDATA[]]></BuildExpr>
      </Item>
      <Item ItemSignName="voucherNum"
      		ItemDesc="付款凭证号"
      		ElemName="voucherNum"
      		AsciiFlag="yes"
      		DecLocale="0"
      		FixFlag="no"
      		ItemAdj=""
      		ItemFill=""
      		LenDataFlag="no"
      		LengthBytes=""
      		LengthDlmt="">
        <LengthExpr><![CDATA[]]></LengthExpr>
        <LenDataParseExpr><![CDATA[]]></LenDataParseExpr>
        <LenDataBuildExpr><![CDATA[]]></LenDataBuildExpr>
        <ParseExpr><![CDATA[]]></ParseExpr>
        <BuildExpr><![CDATA[]]></BuildExpr>
      </Item>
      <Item ItemSignName="signCheckFlag"
      		ItemDesc="签名验证状态"
      		ElemName="signCheckFlag"
      		AsciiFlag="yes"
      		DecLocale="0"
      		FixFlag="no"
      		ItemAdj=""
      		ItemFill=""
      		LenDataFlag="no"
      		LengthBytes=""
      		LengthDlmt="">
        <LengthExpr><![CDATA[]]></LengthExpr>
        <LenDataParseExpr><![CDATA[]]></LenDataParseExpr>
        <LenDataBuildExpr><![CDATA[]]></LenDataBuildExpr>
        <ParseExpr><![CDATA[]]></ParseExpr>
        <BuildExpr><![CDATA[]]></BuildExpr>
      </Item>
      <Item ItemSignName="areaInfo"
      		ItemDesc="上送地区"
      		ElemName="areaInfo"
      		AsciiFlag="yes"
      		DecLocale="0"
      		FixFlag="no"
      		ItemAdj=""
      		ItemFill=""
      		LenDataFlag="no"
      		LengthBytes=""
      		LengthDlmt="">
        <LengthExpr><![CDATA[]]></LengthExpr>
        <LenDataParseExpr><![CDATA[]]></LenDataParseExpr>
        <LenDataBuildExpr><![CDATA[]]></LenDataBuildExpr>
        <ParseExpr><![CDATA[]]></ParseExpr>
        <BuildExpr><![CDATA[]]></BuildExpr>
      </Item>
    </ItemTab>
  </Sign>
</SignTab>
