<?xml version="1.0" encoding="UTF-8"?>

<SvcDependTab SrcType="B"
		SrcName="QRUP_SVR">
  <SvcDepend SrcSvcName="BS0230">
    <ItemList>
      <Item DestType="C"
      		DestName="QR"
      		SvcName="BS0230"/>
    </ItemList>
  </SvcDepend>
  <SvcDepend SrcSvcName="BS0250">
    <ItemList>
      <Item DestType="C"
      		DestName="QR"
      		SvcName="BS0250"/>
    </ItemList>
  </SvcDepend>
  <SvcDepend SrcSvcName="ZS0160">
    <ItemList>
      <Item DestType="C"
      		DestName="QR"
      		SvcName="ZS0160"/>
    </ItemList>
  </SvcDepend>
  <SvcDepend SrcSvcName="ZS0530">
    <ItemList>
      <Item DestType="C"
      		DestName="QR"
      		SvcName="ZS0530"/>
    </ItemList>
  </SvcDepend>
  <SvcDepend SrcSvcName="ZS0151">
    <ItemList>
      <Item DestType="C"
      		DestName="QR"
      		SvcName="ZS0151"/>
    </ItemList>
  </SvcDepend>
  <SvcDepend SrcSvcName="BS0360">
    <ItemList>
      <Item DestType="C"
      		DestName="QR"
      		SvcName="BS0360"/>
    </ItemList>
  </SvcDepend>
</SvcDependTab>
