<?xml version="1.0" encoding="UTF-8"?>

<BusCompTab>
  <CompTab RecNum="19">
    <CompCon BusName="NCP"
    		ConnectionSrc="MNG_SVR"
    		ConnectionDest="QRY"
    		Type="0"/>
    <CompCon BusName="NCP"
    		ConnectionSrc="MNG_SVR"
    		ConnectionDest="CHK"
    		Type="0"/>
    <CompCon BusName="NCP"
    		ConnectionSrc="QRY"
    		ConnectionDest="SMS_CLI"
    		Type="1"/>
    <CompCon BusName="NCP"
    		ConnectionSrc="CUP_SVR"
    		ConnectionDest="QRY"
    		Type="0"/>
    <CompCon BusName="NCP"
    		ConnectionSrc="QRY"
    		ConnectionDest="CUP_CLI"
    		Type="1"/>
    <CompCon BusName="NCP"
    		ConnectionSrc="CUP_SVR"
    		ConnectionDest="SIGN"
    		Type="0"/>
    <CompCon BusName="NCP"
    		ConnectionSrc="QRY"
    		ConnectionDest="HOST_CLI"
    		Type="1"/>
    <CompCon BusName="NCP"
    		ConnectionSrc="CUP_SVR"
    		ConnectionDest="ACCT"
    		Type="0"/>
    <CompCon BusName="NCP"
    		ConnectionSrc="QRY"
    		ConnectionDest="CRED_CLI"
    		Type="1"/>
    <CompCon BusName="NCP"
    		ConnectionSrc="TERM_SVR"
    		ConnectionDest="QRY"
    		Type="0"/>
    <CompCon BusName="NCP"
    		ConnectionSrc="SIGN"
    		ConnectionDest="HOST_CLI"
    		Type="1"/>
    <CompCon BusName="NCP"
    		ConnectionSrc="SIGN"
    		ConnectionDest="CRED_CLI"
    		Type="1"/>
    <CompCon BusName="NCP"
    		ConnectionSrc="SIGN"
    		ConnectionDest="NETBK_CLI"
    		Type="1"/>
    <CompCon BusName="NCP"
    		ConnectionSrc="ACCT"
    		ConnectionDest="HOST_CLI"
    		Type="1"/>
    <CompCon BusName="NCP"
    		ConnectionSrc="ACCT"
    		ConnectionDest="CRED_CLI"
    		Type="1"/>
    <CompCon BusName="NCP"
    		ConnectionSrc="AUTODO"
    		ConnectionDest="SMS_CLI"
    		Type="1"/>
    <CompCon BusName="NCP"
    		ConnectionSrc="AUTODO"
    		ConnectionDest="HOST_CLI"
    		Type="1"/>
    <CompCon BusName="NCP"
    		ConnectionSrc="HOST_CLI"
    		ConnectionDest="SIGNS"
    		Type="0"/>
    <CompCon BusName="NCP"
    		ConnectionSrc="CHK"
    		ConnectionDest="HOST_CLI"
    		Type="1"/>
  </CompTab>
  <SubCompTab RecNum="6">
    <SubComp BusName="NCP"
    		SeqNo="1"
    		SubBusName="QRY"
    		SubBusDesc="无卡支付查询业务"
    		DesignComment="无卡支付查询业务"
    		RelateBusName=""/>
    <SubComp BusName="NCP"
    		SeqNo="2"
    		SubBusName="SIGN"
    		SubBusDesc="无卡支付签约业务"
    		DesignComment="无卡支付签约业务"
    		RelateBusName=""/>
    <SubComp BusName="NCP"
    		SeqNo="3"
    		SubBusName="ACCT"
    		SubBusDesc="无卡支付账务类业务"
    		DesignComment="无卡支付账务类业务"
    		RelateBusName=""/>
    <SubComp BusName="NCP"
    		SeqNo="0"
    		SubBusName="AUTODO"
    		SubBusDesc="自动任务"
    		DesignComment="自动任务"
    		RelateBusName=""/>
    <SubComp BusName="NCP"
    		SeqNo="1"
    		SubBusName="CHK"
    		SubBusDesc="对账清算"
    		DesignComment="对账清算"
    		RelateBusName=""/>
    <SubComp BusName="NCP"
    		SeqNo="0"
    		SubBusName="SIGNS"
    		SubBusDesc="网联签约"
    		DesignComment="null"
    		RelateBusName=""/>
  </SubCompTab>
  <ImageTab RecNum="1">
    <Image DesignType="C"
    		DesignImagePath="\images\DesignImage.xml"
    		DesignJpgImagePath="\images\DesignJpgImage.jpg"
    		DesignDiagramImagePath="\images\DesignDiagramImage.xml"/>
  </ImageTab>
</BusCompTab>
