<?xml version="1.0" encoding="UTF-8"?>

<TaskTab RecNum="8">
  <Task TaskCol="auto"
  		TaskLogic="AUTO_HOST_REV"
  		TaskDesc="主机冲正"
  		ALAName="AUTODO"
  		TaskCyc="second"
  		TaskInterval="5"
  		TaskBeginDate=""
  		MastMachine="Yes"
  		Serial="Yes"
  		IsQueue="Yes"
  		Cancel="No"
  		IsStartExecute="No"
  		TaskChkRet="No"
  		RetryInterval="0"
  		RetryTimes="0"
  		NodeClassName="未分类"
  		NodeClassDesc="未分类">
    <TimeTab RecNum="1">
      <Time TaskBeginTime="00:00:00"
      		TaskEndTime="23:59:00">
        <TrrigerTab RecNum="2">
          <Trriger><![CDATA[0/5 0-59 23 ? * 2,3,4,5,6,7,1]]></Trriger>
          <Trriger><![CDATA[0/5 * 0,1,2,3,4,5,6,7,8,9,10,11,12,13,14,15,16,17,18,19,20,21,22 ? * 2,3,4,5,6,7,1]]></Trriger>
        </TrrigerTab>
      </Time>
    </TimeTab>
    <TaskDay Type="Week"
    		WeekType="Every"
    		WeekBitMap="1111111"/>
    <TaskErrExpr><![CDATA[]]></TaskErrExpr>
  </Task>
  <Task TaskCol="auto"
  		TaskLogic="AUTO_NCP_CHK"
  		TaskDesc="无卡支付对账"
  		ALAName="CHK"
  		TaskCyc="minute"
  		TaskInterval="20"
  		TaskBeginDate=""
  		MastMachine="Yes"
  		Serial="No"
  		IsQueue="No"
  		Cancel="No"
  		IsStartExecute="No"
  		TaskChkRet="No"
  		RetryInterval="0"
  		RetryTimes="0"
  		NodeClassName="未分类"
  		NodeClassDesc="未分类">
    <TimeTab RecNum="1">
      <Time TaskBeginTime="04:00:00"
      		TaskEndTime="12:00:00">
        <TrrigerTab RecNum="1">
          <Trriger><![CDATA[0 0/20 4,5,6,7,8,9,10,11 ? * 2,3,4,5,6,7,1]]></Trriger>
        </TrrigerTab>
      </Time>
    </TimeTab>
    <TaskDay Type="Week"
    		WeekType="Every"
    		WeekBitMap="1111111"/>
    <TaskErrExpr><![CDATA[]]></TaskErrExpr>
  </Task>
  <Task TaskCol="auto"
  		TaskLogic="AUTO_DAY"
  		TaskDesc="日切日终"
  		ALAName="AUTODO"
  		TaskCyc="minute"
  		TaskInterval="10"
  		TaskBeginDate=""
  		MastMachine="Yes"
  		Serial="No"
  		IsQueue="No"
  		Cancel="No"
  		IsStartExecute="No"
  		TaskChkRet="No"
  		RetryInterval="0"
  		RetryTimes="0"
  		NodeClassName="未分类"
  		NodeClassDesc="未分类">
    <TimeTab RecNum="1">
      <Time TaskBeginTime="03:30:00"
      		TaskEndTime="23:59:00">
        <TrrigerTab RecNum="3">
          <Trriger><![CDATA[0 30-59/10 3 ? * 2,3,4,5,6,7,1]]></Trriger>
          <Trriger><![CDATA[0 0-59/10 23 ? * 2,3,4,5,6,7,1]]></Trriger>
          <Trriger><![CDATA[0 0/10 4,5,6,7,8,9,10,11,12,13,14,15,16,17,18,19,20,21,22 ? * 2,3,4,5,6,7,1]]></Trriger>
        </TrrigerTab>
      </Time>
    </TimeTab>
    <TaskDay Type="Week"
    		WeekType="Every"
    		WeekBitMap="1111111"/>
    <TaskErrExpr><![CDATA[]]></TaskErrExpr>
  </Task>
  <Task TaskCol="auto"
  		TaskLogic="AUTO_PUB_DAY_001"
  		TaskDesc="平台日切"
  		ALAName="AUTODO"
  		TaskCyc="hours"
  		TaskInterval="1"
  		TaskBeginDate=""
  		MastMachine="No"
  		Serial="No"
  		IsQueue="No"
  		Cancel="Yes"
  		IsStartExecute="No"
  		TaskChkRet="No"
  		RetryInterval="0"
  		RetryTimes="0"
  		NodeClassName="未分类"
  		NodeClassDesc="未分类">
    <TimeTab RecNum="1">
      <Time TaskBeginTime="00:00:00"
      		TaskEndTime="23:59:00">
        <TrrigerTab RecNum="1">
          <Trriger><![CDATA[0 0 0-23/1 ? * 2,3,4,5,6,7,1]]></Trriger>
        </TrrigerTab>
      </Time>
    </TimeTab>
    <TaskDay Type="Week"
    		WeekType="Every"
    		WeekBitMap="1111111"/>
    <TaskErrExpr><![CDATA[]]></TaskErrExpr>
  </Task>
  <Task TaskCol="auto"
  		TaskLogic="AUTO_PUB_DAY_002"
  		TaskDesc="平台日终"
  		ALAName="AUTODO"
  		TaskCyc="hours"
  		TaskInterval="1"
  		TaskBeginDate=""
  		MastMachine="Yes"
  		Serial="No"
  		IsQueue="No"
  		Cancel="Yes"
  		IsStartExecute="No"
  		TaskChkRet="No"
  		RetryInterval="0"
  		RetryTimes="0"
  		NodeClassName="未分类"
  		NodeClassDesc="未分类">
    <TimeTab RecNum="1">
      <Time TaskBeginTime="00:00:00"
      		TaskEndTime="23:59:00">
        <TrrigerTab RecNum="1">
          <Trriger><![CDATA[0 0 0-23/1 ? * 2,3,4,5,6,7,1]]></Trriger>
        </TrrigerTab>
      </Time>
    </TimeTab>
    <TaskDay Type="Week"
    		WeekType="Every"
    		WeekBitMap="1111111"/>
    <TaskErrExpr><![CDATA[]]></TaskErrExpr>
  </Task>
  <Task TaskCol="auto"
  		TaskLogic="AUTO_CHK_ERR"
  		TaskDesc="自动对账差错处理"
  		ALAName="CHK"
  		TaskCyc="minute"
  		TaskInterval="10"
  		TaskBeginDate=""
  		MastMachine="Yes"
  		Serial="Yes"
  		IsQueue="Yes"
  		Cancel="No"
  		IsStartExecute="No"
  		TaskChkRet="No"
  		RetryInterval="0"
  		RetryTimes="0"
  		NodeClassName="未分类"
  		NodeClassDesc="未分类">
    <TimeTab RecNum="1">
      <Time TaskBeginTime="08:00:00"
      		TaskEndTime="23:59:00">
        <TrrigerTab RecNum="2">
          <Trriger><![CDATA[0 0-59/10 23 ? * 2,3,4,5,6,7,1]]></Trriger>
          <Trriger><![CDATA[0 0/10 8,9,10,11,12,13,14,15,16,17,18,19,20,21,22 ? * 2,3,4,5,6,7,1]]></Trriger>
        </TrrigerTab>
      </Time>
    </TimeTab>
    <TaskDay Type="Week"
    		WeekType="Every"
    		WeekBitMap="1111111"/>
    <TaskErrExpr><![CDATA[]]></TaskErrExpr>
  </Task>
  <Task TaskCol="auto"
  		TaskLogic="AUTO_CLEAR"
  		TaskDesc="自动清算处理"
  		ALAName="CHK"
  		TaskCyc="minute"
  		TaskInterval="20"
  		TaskBeginDate=""
  		MastMachine="Yes"
  		Serial="Yes"
  		IsQueue="Yes"
  		Cancel="No"
  		IsStartExecute="No"
  		TaskChkRet="No"
  		RetryInterval="0"
  		RetryTimes="0"
  		NodeClassName="未分类"
  		NodeClassDesc="未分类">
    <TimeTab RecNum="1">
      <Time TaskBeginTime="05:00:00"
      		TaskEndTime="12:00:00">
        <TrrigerTab RecNum="1">
          <Trriger><![CDATA[0 0/20 5,6,7,8,9,10,11 ? * 2,3,4,5,6,7,1]]></Trriger>
        </TrrigerTab>
      </Time>
    </TimeTab>
    <TaskDay Type="Week"
    		WeekType="Every"
    		WeekBitMap="1111111"/>
    <TaskErrExpr><![CDATA[]]></TaskErrExpr>
  </Task>
  <Task TaskCol="auto"
  		TaskLogic="AUTO_CUP_ERR"
  		TaskDesc="自动银联差错处理"
  		ALAName="CHK"
  		TaskCyc="minute"
  		TaskInterval="10"
  		TaskBeginDate=""
  		MastMachine="Yes"
  		Serial="Yes"
  		IsQueue="Yes"
  		Cancel="No"
  		IsStartExecute="No"
  		TaskChkRet="No"
  		RetryInterval="0"
  		RetryTimes="0"
  		NodeClassName="未分类"
  		NodeClassDesc="未分类">
    <TimeTab RecNum="1">
      <Time TaskBeginTime="08:00:00"
      		TaskEndTime="23:59:00">
        <TrrigerTab RecNum="2">
          <Trriger><![CDATA[0 0-59/10 23 ? * 2,3,4,5,6,7,1]]></Trriger>
          <Trriger><![CDATA[0 0/10 8,9,10,11,12,13,14,15,16,17,18,19,20,21,22 ? * 2,3,4,5,6,7,1]]></Trriger>
        </TrrigerTab>
      </Time>
    </TimeTab>
    <TaskDay Type="Week"
    		WeekType="Every"
    		WeekBitMap="1111111"/>
    <TaskErrExpr><![CDATA[]]></TaskErrExpr>
  </Task>
</TaskTab>
