<?xml version="1.0" encoding="UTF-8"?>

<FormatTab RecNum="15">
  <Format FmtName="PFMT_CUP_CLI_IN"
  		FmtDesc="外围渠道协议报文"
  		IOType="buf"
  		Compress=""
  		FmtType="xml"
  		SignName=""
  		BitMapType=""
  		VarityLen="no"
  		LengthBytes="0"
  		LengthDlmt=""
  		FileFmtType=""
  		EnCoding="UTF-8"
  		Comment=""
  		ElemName="CUP_CLI_IN"
  		XMLType="Standard">
    <FileName><![CDATA[]]></FileName>
    <FilePath><![CDATA[]]></FilePath>
    <LengthParseExpr><![CDATA[]]></LengthParseExpr>
    <LengthBuildExpr><![CDATA[]]></LengthBuildExpr>
    <ParseExpr><![CDATA[]]></ParseExpr>
    <BuildExpr><![CDATA[]]></BuildExpr>
    <NodeClass Name="未分类"
    		Desc="未分类"/>
    <ItemTab RecNum="0"/>
    <PlatElemMapTab RecNum="0"/>
  </Format>
  <Format FmtName="PFMT_CUP_CLI_OUT"
  		FmtDesc="外围渠道协议报文"
  		IOType="buf"
  		Compress=""
  		FmtType="xml"
  		SignName=""
  		BitMapType=""
  		VarityLen="no"
  		LengthBytes="0"
  		LengthDlmt=""
  		FileFmtType=""
  		EnCoding="UTF-8"
  		Comment=""
  		ElemName="CUP_CLI_OUT"
  		XMLType="Standard">
    <FileName><![CDATA[]]></FileName>
    <FilePath><![CDATA[]]></FilePath>
    <LengthParseExpr><![CDATA[]]></LengthParseExpr>
    <LengthBuildExpr><![CDATA[]]></LengthBuildExpr>
    <ParseExpr><![CDATA[]]></ParseExpr>
    <BuildExpr><![CDATA[]]></BuildExpr>
    <NodeClass Name="未分类"
    		Desc="未分类"/>
    <ItemTab RecNum="0"/>
    <PlatElemMapTab RecNum="0"/>
  </Format>
  <Format FmtName="Sub_Fmt_cup_TrxInf"
  		FmtDesc="交易信息"
  		IOType="buf"
  		Compress=""
  		FmtType="xml"
  		SignName=""
  		BitMapType=""
  		VarityLen="no"
  		LengthBytes="0"
  		LengthDlmt=""
  		FileFmtType=""
  		EnCoding="UTF-8"
  		Comment=""
  		ElemName="fmtCupTrxInf"
  		XMLType="Standard">
    <FileName><![CDATA[]]></FileName>
    <FilePath><![CDATA[]]></FilePath>
    <LengthParseExpr><![CDATA[]]></LengthParseExpr>
    <LengthBuildExpr><![CDATA[]]></LengthBuildExpr>
    <ParseExpr><![CDATA[]]></ParseExpr>
    <BuildExpr><![CDATA[]]></BuildExpr>
    <NodeClass Name="未分类"
    		Desc="未分类"/>
    <ItemTab RecNum="8">
      <Item ItemType="item"
      		ItemSignName=""
      		ItemIgnr="no"
      		ItemDesc="清算日期"
      		ElemName="SettlmtDt"
      		ItemDlmt=""
      		AsciiFlag="yes"
      		DecLocale="0"
      		FixFlag="no"
      		ItemAdj="no"
      		ItemFill=""
      		LenDataFlag="no"
      		LenDataBytes=""
      		SubName=""
      		SubNodeName=""
      		RecNum=""
      		NotNull="yes"
      		PlatElemFlag="no"
      		EnCoding="UTF-8"
      		CDATAFlag="no">
        <ConstData><![CDATA[]]></ConstData>
        <ItemParseExpr><![CDATA[]]></ItemParseExpr>
        <ItemBuildExpr><![CDATA[]]></ItemBuildExpr>
        <LenDataParseExpr><![CDATA[]]></LenDataParseExpr>
        <LenDataBuildExpr><![CDATA[]]></LenDataBuildExpr>
        <LengthExpr><![CDATA[]]></LengthExpr>
        <SubExpr><![CDATA[]]></SubExpr>
        <BeginTag><![CDATA[]]></BeginTag>
        <EndTag><![CDATA[]]></EndTag>
      </Item>
      <Item ItemType="item"
      		ItemSignName=""
      		ItemIgnr="no"
      		ItemDesc="交易日期时间"
      		ElemName="TrxDtTm"
      		ItemDlmt=""
      		AsciiFlag="yes"
      		DecLocale="0"
      		FixFlag="no"
      		ItemAdj="no"
      		ItemFill=""
      		LenDataFlag="no"
      		LenDataBytes=""
      		SubName=""
      		SubNodeName=""
      		RecNum=""
      		NotNull="yes"
      		PlatElemFlag="no"
      		EnCoding="UTF-8"
      		CDATAFlag="no">
        <ConstData><![CDATA[]]></ConstData>
        <ItemParseExpr><![CDATA[]]></ItemParseExpr>
        <ItemBuildExpr><![CDATA[]]></ItemBuildExpr>
        <LenDataParseExpr><![CDATA[]]></LenDataParseExpr>
        <LenDataBuildExpr><![CDATA[]]></LenDataBuildExpr>
        <LengthExpr><![CDATA[]]></LengthExpr>
        <SubExpr><![CDATA[]]></SubExpr>
        <BeginTag><![CDATA[]]></BeginTag>
        <EndTag><![CDATA[]]></EndTag>
      </Item>
      <Item ItemType="item"
      		ItemSignName=""
      		ItemIgnr="no"
      		ItemDesc="交易流水号"
      		ElemName="TrxId"
      		ItemDlmt=""
      		AsciiFlag="yes"
      		DecLocale="0"
      		FixFlag="no"
      		ItemAdj="no"
      		ItemFill=""
      		LenDataFlag="no"
      		LenDataBytes=""
      		SubName=""
      		SubNodeName=""
      		RecNum=""
      		NotNull="yes"
      		PlatElemFlag="no"
      		EnCoding="UTF-8"
      		CDATAFlag="no">
        <ConstData><![CDATA[]]></ConstData>
        <ItemParseExpr><![CDATA[]]></ItemParseExpr>
        <ItemBuildExpr><![CDATA[]]></ItemBuildExpr>
        <LenDataParseExpr><![CDATA[]]></LenDataParseExpr>
        <LenDataBuildExpr><![CDATA[]]></LenDataBuildExpr>
        <LengthExpr><![CDATA[]]></LengthExpr>
        <SubExpr><![CDATA[]]></SubExpr>
        <BeginTag><![CDATA[]]></BeginTag>
        <EndTag><![CDATA[]]></EndTag>
      </Item>
      <Item ItemType="item"
      		ItemSignName=""
      		ItemIgnr="no"
      		ItemDesc="交易金额"
      		ElemName="TrxAmt"
      		ItemDlmt=""
      		AsciiFlag="yes"
      		DecLocale="0"
      		FixFlag="no"
      		ItemAdj="no"
      		ItemFill=""
      		LenDataFlag="no"
      		LenDataBytes=""
      		SubName=""
      		SubNodeName=""
      		RecNum=""
      		NotNull="yes"
      		PlatElemFlag="no"
      		EnCoding="UTF-8"
      		CDATAFlag="no">
        <ConstData><![CDATA[]]></ConstData>
        <ItemParseExpr><![CDATA[]]></ItemParseExpr>
        <ItemBuildExpr><![CDATA[]]></ItemBuildExpr>
        <LenDataParseExpr><![CDATA[]]></LenDataParseExpr>
        <LenDataBuildExpr><![CDATA[]]></LenDataBuildExpr>
        <LengthExpr><![CDATA[]]></LengthExpr>
        <SubExpr><![CDATA[]]></SubExpr>
        <BeginTag><![CDATA[]]></BeginTag>
        <EndTag><![CDATA[]]></EndTag>
      </Item>
      <Item ItemType="item"
      		ItemSignName=""
      		ItemIgnr="no"
      		ItemDesc="收付标识"
      		ElemName="RPFlg"
      		ItemDlmt=""
      		AsciiFlag="yes"
      		DecLocale="0"
      		FixFlag="no"
      		ItemAdj="no"
      		ItemFill=""
      		LenDataFlag="no"
      		LenDataBytes=""
      		SubName=""
      		SubNodeName=""
      		RecNum=""
      		NotNull="yes"
      		PlatElemFlag="no"
      		EnCoding="UTF-8"
      		CDATAFlag="no">
        <ConstData><![CDATA[]]></ConstData>
        <ItemParseExpr><![CDATA[]]></ItemParseExpr>
        <ItemBuildExpr><![CDATA[]]></ItemBuildExpr>
        <LenDataParseExpr><![CDATA[]]></LenDataParseExpr>
        <LenDataBuildExpr><![CDATA[]]></LenDataBuildExpr>
        <LengthExpr><![CDATA[]]></LengthExpr>
        <SubExpr><![CDATA[]]></SubExpr>
        <BeginTag><![CDATA[]]></BeginTag>
        <EndTag><![CDATA[]]></EndTag>
      </Item>
      <Item ItemType="item"
      		ItemSignName=""
      		ItemIgnr="no"
      		ItemDesc="账户输入方式"
      		ElemName="AcctInTp"
      		ItemDlmt=""
      		AsciiFlag="yes"
      		DecLocale="0"
      		FixFlag="no"
      		ItemAdj="no"
      		ItemFill=""
      		LenDataFlag="no"
      		LenDataBytes=""
      		SubName=""
      		SubNodeName=""
      		RecNum=""
      		NotNull="yes"
      		PlatElemFlag="no"
      		EnCoding="UTF-8"
      		CDATAFlag="no">
        <ConstData><![CDATA[]]></ConstData>
        <ItemParseExpr><![CDATA[]]></ItemParseExpr>
        <ItemBuildExpr><![CDATA[]]></ItemBuildExpr>
        <LenDataParseExpr><![CDATA[]]></LenDataParseExpr>
        <LenDataBuildExpr><![CDATA[]]></LenDataBuildExpr>
        <LengthExpr><![CDATA[]]></LengthExpr>
        <SubExpr><![CDATA[]]></SubExpr>
        <BeginTag><![CDATA[]]></BeginTag>
        <EndTag><![CDATA[]]></EndTag>
      </Item>
      <Item ItemType="item"
      		ItemSignName=""
      		ItemIgnr="no"
      		ItemDesc="交易终端类型"
      		ElemName="TrxTrmTp"
      		ItemDlmt=""
      		AsciiFlag="yes"
      		DecLocale="0"
      		FixFlag="no"
      		ItemAdj="no"
      		ItemFill=""
      		LenDataFlag="no"
      		LenDataBytes=""
      		SubName=""
      		SubNodeName=""
      		RecNum=""
      		NotNull="yes"
      		PlatElemFlag="no"
      		EnCoding="UTF-8"
      		CDATAFlag="no">
        <ConstData><![CDATA[]]></ConstData>
        <ItemParseExpr><![CDATA[]]></ItemParseExpr>
        <ItemBuildExpr><![CDATA[]]></ItemBuildExpr>
        <LenDataParseExpr><![CDATA[]]></LenDataParseExpr>
        <LenDataBuildExpr><![CDATA[]]></LenDataBuildExpr>
        <LengthExpr><![CDATA[]]></LengthExpr>
        <SubExpr><![CDATA[]]></SubExpr>
        <BeginTag><![CDATA[]]></BeginTag>
        <EndTag><![CDATA[]]></EndTag>
      </Item>
      <Item ItemType="item"
      		ItemSignName=""
      		ItemIgnr="no"
      		ItemDesc="交易终端编码"
      		ElemName="TrxTrmNo"
      		ItemDlmt=""
      		AsciiFlag="yes"
      		DecLocale="0"
      		FixFlag="no"
      		ItemAdj="no"
      		ItemFill=""
      		LenDataFlag="no"
      		LenDataBytes=""
      		SubName=""
      		SubNodeName=""
      		RecNum=""
      		NotNull="yes"
      		PlatElemFlag="no"
      		EnCoding="UTF-8"
      		CDATAFlag="no">
        <ConstData><![CDATA[]]></ConstData>
        <ItemParseExpr><![CDATA[]]></ItemParseExpr>
        <ItemBuildExpr><![CDATA[]]></ItemBuildExpr>
        <LenDataParseExpr><![CDATA[]]></LenDataParseExpr>
        <LenDataBuildExpr><![CDATA[]]></LenDataBuildExpr>
        <LengthExpr><![CDATA[]]></LengthExpr>
        <SubExpr><![CDATA[]]></SubExpr>
        <BeginTag><![CDATA[]]></BeginTag>
        <EndTag><![CDATA[]]></EndTag>
      </Item>
    </ItemTab>
    <PlatElemMapTab RecNum="0"/>
  </Format>
  <Format FmtName="Sub_Fmt_cup_RcverInf"
  		FmtDesc="接收方信息"
  		IOType="buf"
  		Compress=""
  		FmtType="xml"
  		SignName=""
  		BitMapType=""
  		VarityLen="no"
  		LengthBytes="0"
  		LengthDlmt=""
  		FileFmtType=""
  		EnCoding="UTF-8"
  		Comment=""
  		ElemName="fmtCupRcverInf"
  		XMLType="Standard">
    <FileName><![CDATA[]]></FileName>
    <FilePath><![CDATA[]]></FilePath>
    <LengthParseExpr><![CDATA[]]></LengthParseExpr>
    <LengthBuildExpr><![CDATA[]]></LengthBuildExpr>
    <ParseExpr><![CDATA[]]></ParseExpr>
    <BuildExpr><![CDATA[]]></BuildExpr>
    <NodeClass Name="未分类"
    		Desc="未分类"/>
    <ItemTab RecNum="10">
      <Item ItemType="item"
      		ItemSignName=""
      		ItemIgnr="no"
      		ItemDesc="接收方证件号"
      		ElemName="IDNo"
      		ItemDlmt=""
      		AsciiFlag="yes"
      		DecLocale="0"
      		FixFlag="no"
      		ItemAdj="no"
      		ItemFill=""
      		LenDataFlag="no"
      		LenDataBytes=""
      		SubName=""
      		SubNodeName=""
      		RecNum=""
      		NotNull="yes"
      		PlatElemFlag="no"
      		EnCoding="UTF-8"
      		CDATAFlag="no">
        <ConstData><![CDATA[]]></ConstData>
        <ItemParseExpr><![CDATA[]]></ItemParseExpr>
        <ItemBuildExpr><![CDATA[]]></ItemBuildExpr>
        <LenDataParseExpr><![CDATA[]]></LenDataParseExpr>
        <LenDataBuildExpr><![CDATA[]]></LenDataBuildExpr>
        <LengthExpr><![CDATA[]]></LengthExpr>
        <SubExpr><![CDATA[]]></SubExpr>
        <BeginTag><![CDATA[]]></BeginTag>
        <EndTag><![CDATA[]]></EndTag>
      </Item>
      <Item ItemType="item"
      		ItemSignName=""
      		ItemIgnr="no"
      		ItemDesc="接收方证件类型"
      		ElemName="IDTp"
      		ItemDlmt=""
      		AsciiFlag="yes"
      		DecLocale="0"
      		FixFlag="no"
      		ItemAdj="no"
      		ItemFill=""
      		LenDataFlag="no"
      		LenDataBytes=""
      		SubName=""
      		SubNodeName=""
      		RecNum=""
      		NotNull="yes"
      		PlatElemFlag="no"
      		EnCoding="UTF-8"
      		CDATAFlag="no">
        <ConstData><![CDATA[]]></ConstData>
        <ItemParseExpr><![CDATA[]]></ItemParseExpr>
        <ItemBuildExpr><![CDATA[]]></ItemBuildExpr>
        <LenDataParseExpr><![CDATA[]]></LenDataParseExpr>
        <LenDataBuildExpr><![CDATA[]]></LenDataBuildExpr>
        <LengthExpr><![CDATA[]]></LengthExpr>
        <SubExpr><![CDATA[]]></SubExpr>
        <BeginTag><![CDATA[]]></BeginTag>
        <EndTag><![CDATA[]]></EndTag>
      </Item>
      <Item ItemType="item"
      		ItemSignName=""
      		ItemIgnr="no"
      		ItemDesc="接收方预留手机号"
      		ElemName="MobNo"
      		ItemDlmt=""
      		AsciiFlag="yes"
      		DecLocale="0"
      		FixFlag="no"
      		ItemAdj="no"
      		ItemFill=""
      		LenDataFlag="no"
      		LenDataBytes=""
      		SubName=""
      		SubNodeName=""
      		RecNum=""
      		NotNull="yes"
      		PlatElemFlag="no"
      		EnCoding="UTF-8"
      		CDATAFlag="no">
        <ConstData><![CDATA[]]></ConstData>
        <ItemParseExpr><![CDATA[]]></ItemParseExpr>
        <ItemBuildExpr><![CDATA[]]></ItemBuildExpr>
        <LenDataParseExpr><![CDATA[]]></LenDataParseExpr>
        <LenDataBuildExpr><![CDATA[]]></LenDataBuildExpr>
        <LengthExpr><![CDATA[]]></LengthExpr>
        <SubExpr><![CDATA[]]></SubExpr>
        <BeginTag><![CDATA[]]></BeginTag>
        <EndTag><![CDATA[]]></EndTag>
      </Item>
      <Item ItemType="item"
      		ItemSignName=""
      		ItemIgnr="no"
      		ItemDesc="接收方账户"
      		ElemName="RcverAcctId"
      		ItemDlmt=""
      		AsciiFlag="yes"
      		DecLocale="0"
      		FixFlag="no"
      		ItemAdj="no"
      		ItemFill=""
      		LenDataFlag="no"
      		LenDataBytes=""
      		SubName=""
      		SubNodeName=""
      		RecNum=""
      		NotNull="yes"
      		PlatElemFlag="no"
      		EnCoding="UTF-8"
      		CDATAFlag="no">
        <ConstData><![CDATA[]]></ConstData>
        <ItemParseExpr><![CDATA[]]></ItemParseExpr>
        <ItemBuildExpr><![CDATA[]]></ItemBuildExpr>
        <LenDataParseExpr><![CDATA[]]></LenDataParseExpr>
        <LenDataBuildExpr><![CDATA[]]></LenDataBuildExpr>
        <LengthExpr><![CDATA[]]></LengthExpr>
        <SubExpr><![CDATA[]]></SubExpr>
        <BeginTag><![CDATA[]]></BeginTag>
        <EndTag><![CDATA[]]></EndTag>
      </Item>
      <Item ItemType="item"
      		ItemSignName=""
      		ItemIgnr="no"
      		ItemDesc="接收方账户所属机构标识"
      		ElemName="RcverAcctIssrId"
      		ItemDlmt=""
      		AsciiFlag="yes"
      		DecLocale="0"
      		FixFlag="no"
      		ItemAdj="no"
      		ItemFill=""
      		LenDataFlag="no"
      		LenDataBytes=""
      		SubName=""
      		SubNodeName=""
      		RecNum=""
      		NotNull="yes"
      		PlatElemFlag="no"
      		EnCoding="UTF-8"
      		CDATAFlag="no">
        <ConstData><![CDATA[]]></ConstData>
        <ItemParseExpr><![CDATA[]]></ItemParseExpr>
        <ItemBuildExpr><![CDATA[]]></ItemBuildExpr>
        <LenDataParseExpr><![CDATA[]]></LenDataParseExpr>
        <LenDataBuildExpr><![CDATA[]]></LenDataBuildExpr>
        <LengthExpr><![CDATA[]]></LengthExpr>
        <SubExpr><![CDATA[]]></SubExpr>
        <BeginTag><![CDATA[]]></BeginTag>
        <EndTag><![CDATA[]]></EndTag>
      </Item>
      <Item ItemType="item"
      		ItemSignName=""
      		ItemIgnr="no"
      		ItemDesc="接收方名称"
      		ElemName="RcverNm"
      		ItemDlmt=""
      		AsciiFlag="yes"
      		DecLocale="0"
      		FixFlag="no"
      		ItemAdj="no"
      		ItemFill=""
      		LenDataFlag="no"
      		LenDataBytes=""
      		SubName=""
      		SubNodeName=""
      		RecNum=""
      		NotNull="yes"
      		PlatElemFlag="no"
      		EnCoding="UTF-8"
      		CDATAFlag="no">
        <ConstData><![CDATA[]]></ConstData>
        <ItemParseExpr><![CDATA[]]></ItemParseExpr>
        <ItemBuildExpr><![CDATA[]]></ItemBuildExpr>
        <LenDataParseExpr><![CDATA[]]></LenDataParseExpr>
        <LenDataBuildExpr><![CDATA[]]></LenDataBuildExpr>
        <LengthExpr><![CDATA[]]></LengthExpr>
        <SubExpr><![CDATA[]]></SubExpr>
        <BeginTag><![CDATA[]]></BeginTag>
        <EndTag><![CDATA[]]></EndTag>
      </Item>
      <Item ItemType="item"
      		ItemSignName=""
      		ItemIgnr="no"
      		ItemDesc="动态验证码"
      		ElemName="AuthMsg"
      		ItemDlmt=""
      		AsciiFlag="yes"
      		DecLocale="0"
      		FixFlag="no"
      		ItemAdj="no"
      		ItemFill=""
      		LenDataFlag="no"
      		LenDataBytes=""
      		SubName=""
      		SubNodeName=""
      		RecNum=""
      		NotNull="yes"
      		PlatElemFlag="no"
      		EnCoding="UTF-8"
      		CDATAFlag="no">
        <ConstData><![CDATA[]]></ConstData>
        <ItemParseExpr><![CDATA[]]></ItemParseExpr>
        <ItemBuildExpr><![CDATA[]]></ItemBuildExpr>
        <LenDataParseExpr><![CDATA[]]></LenDataParseExpr>
        <LenDataBuildExpr><![CDATA[]]></LenDataBuildExpr>
        <LengthExpr><![CDATA[]]></LengthExpr>
        <SubExpr><![CDATA[]]></SubExpr>
        <BeginTag><![CDATA[]]></BeginTag>
        <EndTag><![CDATA[]]></EndTag>
      </Item>
      <Item ItemType="item"
      		ItemSignName=""
      		ItemIgnr="no"
      		ItemDesc="动态短信关联码"
      		ElemName="Smskey"
      		ItemDlmt=""
      		AsciiFlag="yes"
      		DecLocale="0"
      		FixFlag="no"
      		ItemAdj="no"
      		ItemFill=""
      		LenDataFlag="no"
      		LenDataBytes=""
      		SubName=""
      		SubNodeName=""
      		RecNum=""
      		NotNull="yes"
      		PlatElemFlag="no"
      		EnCoding="UTF-8"
      		CDATAFlag="no">
        <ConstData><![CDATA[]]></ConstData>
        <ItemParseExpr><![CDATA[]]></ItemParseExpr>
        <ItemBuildExpr><![CDATA[]]></ItemBuildExpr>
        <LenDataParseExpr><![CDATA[]]></LenDataParseExpr>
        <LenDataBuildExpr><![CDATA[]]></LenDataBuildExpr>
        <LengthExpr><![CDATA[]]></LengthExpr>
        <SubExpr><![CDATA[]]></SubExpr>
        <BeginTag><![CDATA[]]></BeginTag>
        <EndTag><![CDATA[]]></EndTag>
      </Item>
      <Item ItemType="item"
      		ItemSignName=""
      		ItemIgnr="no"
      		ItemDesc="接收方账户类型"
      		ElemName="RcverAcctTp"
      		ItemDlmt=""
      		AsciiFlag="yes"
      		DecLocale="0"
      		FixFlag="no"
      		ItemAdj="no"
      		ItemFill=""
      		LenDataFlag="no"
      		LenDataBytes=""
      		SubName=""
      		SubNodeName=""
      		RecNum=""
      		NotNull="yes"
      		PlatElemFlag="no"
      		EnCoding="UTF-8"
      		CDATAFlag="no">
        <ConstData><![CDATA[]]></ConstData>
        <ItemParseExpr><![CDATA[]]></ItemParseExpr>
        <ItemBuildExpr><![CDATA[]]></ItemBuildExpr>
        <LenDataParseExpr><![CDATA[]]></LenDataParseExpr>
        <LenDataBuildExpr><![CDATA[]]></LenDataBuildExpr>
        <LengthExpr><![CDATA[]]></LengthExpr>
        <SubExpr><![CDATA[]]></SubExpr>
        <BeginTag><![CDATA[]]></BeginTag>
        <EndTag><![CDATA[]]></EndTag>
      </Item>
      <Item ItemType="item"
      		ItemSignName=""
      		ItemIgnr="no"
      		ItemDesc="签约协议号"
      		ElemName="SgnNo"
      		ItemDlmt=""
      		AsciiFlag="yes"
      		DecLocale="0"
      		FixFlag="no"
      		ItemAdj="no"
      		ItemFill=""
      		LenDataFlag="no"
      		LenDataBytes=""
      		SubName=""
      		SubNodeName=""
      		RecNum=""
      		NotNull="yes"
      		PlatElemFlag="no"
      		EnCoding="UTF-8"
      		CDATAFlag="no">
        <ConstData><![CDATA[]]></ConstData>
        <ItemParseExpr><![CDATA[]]></ItemParseExpr>
        <ItemBuildExpr><![CDATA[]]></ItemBuildExpr>
        <LenDataParseExpr><![CDATA[]]></LenDataParseExpr>
        <LenDataBuildExpr><![CDATA[]]></LenDataBuildExpr>
        <LengthExpr><![CDATA[]]></LengthExpr>
        <SubExpr><![CDATA[]]></SubExpr>
        <BeginTag><![CDATA[]]></BeginTag>
        <EndTag><![CDATA[]]></EndTag>
      </Item>
    </ItemTab>
    <PlatElemMapTab RecNum="0"/>
  </Format>
  <Format FmtName="Sub_Fmt_cup_SderInf"
  		FmtDesc="发起方信息"
  		IOType="buf"
  		Compress=""
  		FmtType="xml"
  		SignName=""
  		BitMapType=""
  		VarityLen="no"
  		LengthBytes="0"
  		LengthDlmt=""
  		FileFmtType=""
  		EnCoding="UTF-8"
  		Comment=""
  		ElemName="fmtCupSderInf"
  		XMLType="Standard">
    <FileName><![CDATA[]]></FileName>
    <FilePath><![CDATA[]]></FilePath>
    <LengthParseExpr><![CDATA[]]></LengthParseExpr>
    <LengthBuildExpr><![CDATA[]]></LengthBuildExpr>
    <ParseExpr><![CDATA[]]></ParseExpr>
    <BuildExpr><![CDATA[]]></BuildExpr>
    <NodeClass Name="未分类"
    		Desc="未分类"/>
    <ItemTab RecNum="5">
      <Item ItemType="item"
      		ItemSignName=""
      		ItemIgnr="no"
      		ItemDesc="发起方账户所属机构标识"
      		ElemName="SderAcctIssrId"
      		ItemDlmt=""
      		AsciiFlag="yes"
      		DecLocale="0"
      		FixFlag="no"
      		ItemAdj="no"
      		ItemFill=""
      		LenDataFlag="no"
      		LenDataBytes=""
      		SubName=""
      		SubNodeName=""
      		RecNum=""
      		NotNull="yes"
      		PlatElemFlag="no"
      		EnCoding="UTF-8"
      		CDATAFlag="no">
        <ConstData><![CDATA[]]></ConstData>
        <ItemParseExpr><![CDATA[]]></ItemParseExpr>
        <ItemBuildExpr><![CDATA[]]></ItemBuildExpr>
        <LenDataParseExpr><![CDATA[]]></LenDataParseExpr>
        <LenDataBuildExpr><![CDATA[]]></LenDataBuildExpr>
        <LengthExpr><![CDATA[]]></LengthExpr>
        <SubExpr><![CDATA[]]></SubExpr>
        <BeginTag><![CDATA[]]></BeginTag>
        <EndTag><![CDATA[]]></EndTag>
      </Item>
      <Item ItemType="item"
      		ItemSignName=""
      		ItemIgnr="no"
      		ItemDesc="发起方账户"
      		ElemName="SderAcctId"
      		ItemDlmt=""
      		AsciiFlag="yes"
      		DecLocale="0"
      		FixFlag="no"
      		ItemAdj="no"
      		ItemFill=""
      		LenDataFlag="no"
      		LenDataBytes=""
      		SubName=""
      		SubNodeName=""
      		RecNum=""
      		NotNull="yes"
      		PlatElemFlag="no"
      		EnCoding="UTF-8"
      		CDATAFlag="no">
        <ConstData><![CDATA[]]></ConstData>
        <ItemParseExpr><![CDATA[]]></ItemParseExpr>
        <ItemBuildExpr><![CDATA[]]></ItemBuildExpr>
        <LenDataParseExpr><![CDATA[]]></LenDataParseExpr>
        <LenDataBuildExpr><![CDATA[]]></LenDataBuildExpr>
        <LengthExpr><![CDATA[]]></LengthExpr>
        <SubExpr><![CDATA[]]></SubExpr>
        <BeginTag><![CDATA[]]></BeginTag>
        <EndTag><![CDATA[]]></EndTag>
      </Item>
      <Item ItemType="item"
      		ItemSignName=""
      		ItemIgnr="no"
      		ItemDesc="发送机构标识"
      		ElemName="SderIssrId"
      		ItemDlmt=""
      		AsciiFlag="yes"
      		DecLocale="0"
      		FixFlag="no"
      		ItemAdj="no"
      		ItemFill=""
      		LenDataFlag="no"
      		LenDataBytes=""
      		SubName=""
      		SubNodeName=""
      		RecNum=""
      		NotNull="yes"
      		PlatElemFlag="no"
      		EnCoding="UTF-8"
      		CDATAFlag="no">
        <ConstData><![CDATA[]]></ConstData>
        <ItemParseExpr><![CDATA[]]></ItemParseExpr>
        <ItemBuildExpr><![CDATA[]]></ItemBuildExpr>
        <LenDataParseExpr><![CDATA[]]></LenDataParseExpr>
        <LenDataBuildExpr><![CDATA[]]></LenDataBuildExpr>
        <LengthExpr><![CDATA[]]></LengthExpr>
        <SubExpr><![CDATA[]]></SubExpr>
        <BeginTag><![CDATA[]]></BeginTag>
        <EndTag><![CDATA[]]></EndTag>
      </Item>
      <Item ItemType="item"
      		ItemSignName=""
      		ItemIgnr="no"
      		ItemDesc="发起方账户类型"
      		ElemName="SderAcctTp"
      		ItemDlmt=""
      		AsciiFlag="yes"
      		DecLocale="0"
      		FixFlag="no"
      		ItemAdj="no"
      		ItemFill=""
      		LenDataFlag="no"
      		LenDataBytes=""
      		SubName=""
      		SubNodeName=""
      		RecNum=""
      		NotNull="yes"
      		PlatElemFlag="no"
      		EnCoding="UTF-8"
      		CDATAFlag="no">
        <ConstData><![CDATA[]]></ConstData>
        <ItemParseExpr><![CDATA[]]></ItemParseExpr>
        <ItemBuildExpr><![CDATA[]]></ItemBuildExpr>
        <LenDataParseExpr><![CDATA[]]></LenDataParseExpr>
        <LenDataBuildExpr><![CDATA[]]></LenDataBuildExpr>
        <LengthExpr><![CDATA[]]></LengthExpr>
        <SubExpr><![CDATA[]]></SubExpr>
        <BeginTag><![CDATA[]]></BeginTag>
        <EndTag><![CDATA[]]></EndTag>
      </Item>
      <Item ItemType="item"
      		ItemSignName=""
      		ItemIgnr="no"
      		ItemDesc="支付账号信息"
      		ElemName="SderAcctInf"
      		ItemDlmt=""
      		AsciiFlag="yes"
      		DecLocale="0"
      		FixFlag="no"
      		ItemAdj="no"
      		ItemFill=""
      		LenDataFlag="no"
      		LenDataBytes=""
      		SubName=""
      		SubNodeName=""
      		RecNum=""
      		NotNull="yes"
      		PlatElemFlag="no"
      		EnCoding="UTF-8"
      		CDATAFlag="no">
        <ConstData><![CDATA[]]></ConstData>
        <ItemParseExpr><![CDATA[]]></ItemParseExpr>
        <ItemBuildExpr><![CDATA[]]></ItemBuildExpr>
        <LenDataParseExpr><![CDATA[]]></LenDataParseExpr>
        <LenDataBuildExpr><![CDATA[]]></LenDataBuildExpr>
        <LengthExpr><![CDATA[]]></LengthExpr>
        <SubExpr><![CDATA[]]></SubExpr>
        <BeginTag><![CDATA[]]></BeginTag>
        <EndTag><![CDATA[]]></EndTag>
      </Item>
    </ItemTab>
    <PlatElemMapTab RecNum="0"/>
  </Format>
  <Format FmtName="Sub_Fmt_cup_RskInf"
  		FmtDesc="风险监控信息"
  		IOType="buf"
  		Compress=""
  		FmtType="xml"
  		SignName=""
  		BitMapType=""
  		VarityLen="no"
  		LengthBytes="0"
  		LengthDlmt=""
  		FileFmtType=""
  		EnCoding="UTF-8"
  		Comment=""
  		ElemName="fmtCupRskInf"
  		XMLType="Standard">
    <FileName><![CDATA[]]></FileName>
    <FilePath><![CDATA[]]></FilePath>
    <LengthParseExpr><![CDATA[]]></LengthParseExpr>
    <LengthBuildExpr><![CDATA[]]></LengthBuildExpr>
    <ParseExpr><![CDATA[]]></ParseExpr>
    <BuildExpr><![CDATA[]]></BuildExpr>
    <NodeClass Name="未分类"
    		Desc="未分类"/>
    <ItemTab RecNum="16">
      <Item ItemType="item"
      		ItemSignName=""
      		ItemIgnr="no"
      		ItemDesc="账户ID"
      		ElemName="accountIDHash"
      		ItemDlmt=""
      		AsciiFlag="yes"
      		DecLocale="0"
      		FixFlag="no"
      		ItemAdj="no"
      		ItemFill=""
      		LenDataFlag="no"
      		LenDataBytes=""
      		SubName=""
      		SubNodeName=""
      		RecNum=""
      		NotNull="yes"
      		PlatElemFlag="no"
      		EnCoding="UTF-8"
      		CDATAFlag="no">
        <ConstData><![CDATA[]]></ConstData>
        <ItemParseExpr><![CDATA[]]></ItemParseExpr>
        <ItemBuildExpr><![CDATA[]]></ItemBuildExpr>
        <LenDataParseExpr><![CDATA[]]></LenDataParseExpr>
        <LenDataBuildExpr><![CDATA[]]></LenDataBuildExpr>
        <LengthExpr><![CDATA[]]></LengthExpr>
        <SubExpr><![CDATA[]]></SubExpr>
        <BeginTag><![CDATA[]]></BeginTag>
        <EndTag><![CDATA[]]></EndTag>
      </Item>
      <Item ItemType="item"
      		ItemSignName=""
      		ItemIgnr="no"
      		ItemDesc="设备语言"
      		ElemName="deviceLanguage"
      		ItemDlmt=""
      		AsciiFlag="yes"
      		DecLocale="0"
      		FixFlag="no"
      		ItemAdj="no"
      		ItemFill=""
      		LenDataFlag="no"
      		LenDataBytes=""
      		SubName=""
      		SubNodeName=""
      		RecNum=""
      		NotNull="yes"
      		PlatElemFlag="no"
      		EnCoding="UTF-8"
      		CDATAFlag="no">
        <ConstData><![CDATA[]]></ConstData>
        <ItemParseExpr><![CDATA[]]></ItemParseExpr>
        <ItemBuildExpr><![CDATA[]]></ItemBuildExpr>
        <LenDataParseExpr><![CDATA[]]></LenDataParseExpr>
        <LenDataBuildExpr><![CDATA[]]></LenDataBuildExpr>
        <LengthExpr><![CDATA[]]></LengthExpr>
        <SubExpr><![CDATA[]]></SubExpr>
        <BeginTag><![CDATA[]]></BeginTag>
        <EndTag><![CDATA[]]></EndTag>
      </Item>
      <Item ItemType="item"
      		ItemSignName=""
      		ItemIgnr="no"
      		ItemDesc="设备型号"
      		ElemName="deviceMode"
      		ItemDlmt=""
      		AsciiFlag="yes"
      		DecLocale="0"
      		FixFlag="no"
      		ItemAdj="no"
      		ItemFill=""
      		LenDataFlag="no"
      		LenDataBytes=""
      		SubName=""
      		SubNodeName=""
      		RecNum=""
      		NotNull="yes"
      		PlatElemFlag="no"
      		EnCoding="UTF-8"
      		CDATAFlag="no">
        <ConstData><![CDATA[]]></ConstData>
        <ItemParseExpr><![CDATA[]]></ItemParseExpr>
        <ItemBuildExpr><![CDATA[]]></ItemBuildExpr>
        <LenDataParseExpr><![CDATA[]]></LenDataParseExpr>
        <LenDataBuildExpr><![CDATA[]]></LenDataBuildExpr>
        <LengthExpr><![CDATA[]]></LengthExpr>
        <SubExpr><![CDATA[]]></SubExpr>
        <BeginTag><![CDATA[]]></BeginTag>
        <EndTag><![CDATA[]]></EndTag>
      </Item>
      <Item ItemType="item"
      		ItemSignName=""
      		ItemIgnr="no"
      		ItemDesc="SIM卡号码"
      		ElemName="deviceNumber"
      		ItemDlmt=""
      		AsciiFlag="yes"
      		DecLocale="0"
      		FixFlag="no"
      		ItemAdj="no"
      		ItemFill=""
      		LenDataFlag="no"
      		LenDataBytes=""
      		SubName=""
      		SubNodeName=""
      		RecNum=""
      		NotNull="yes"
      		PlatElemFlag="no"
      		EnCoding="UTF-8"
      		CDATAFlag="no">
        <ConstData><![CDATA[]]></ConstData>
        <ItemParseExpr><![CDATA[]]></ItemParseExpr>
        <ItemBuildExpr><![CDATA[]]></ItemBuildExpr>
        <LenDataParseExpr><![CDATA[]]></LenDataParseExpr>
        <LenDataBuildExpr><![CDATA[]]></LenDataBuildExpr>
        <LengthExpr><![CDATA[]]></LengthExpr>
        <SubExpr><![CDATA[]]></SubExpr>
        <BeginTag><![CDATA[]]></BeginTag>
        <EndTag><![CDATA[]]></EndTag>
      </Item>
      <Item ItemType="item"
      		ItemSignName=""
      		ItemIgnr="no"
      		ItemDesc="SIM卡数量"
      		ElemName="deviceSIMNumber"
      		ItemDlmt=""
      		AsciiFlag="yes"
      		DecLocale="0"
      		FixFlag="no"
      		ItemAdj="no"
      		ItemFill=""
      		LenDataFlag="no"
      		LenDataBytes=""
      		SubName=""
      		SubNodeName=""
      		RecNum=""
      		NotNull="yes"
      		PlatElemFlag="no"
      		EnCoding="UTF-8"
      		CDATAFlag="no">
        <ConstData><![CDATA[]]></ConstData>
        <ItemParseExpr><![CDATA[]]></ItemParseExpr>
        <ItemBuildExpr><![CDATA[]]></ItemBuildExpr>
        <LenDataParseExpr><![CDATA[]]></LenDataParseExpr>
        <LenDataBuildExpr><![CDATA[]]></LenDataBuildExpr>
        <LengthExpr><![CDATA[]]></LengthExpr>
        <SubExpr><![CDATA[]]></SubExpr>
        <BeginTag><![CDATA[]]></BeginTag>
        <EndTag><![CDATA[]]></EndTag>
      </Item>
      <Item ItemType="item"
      		ItemSignName=""
      		ItemIgnr="no"
      		ItemDesc="设备号"
      		ElemName="devId"
      		ItemDlmt=""
      		AsciiFlag="yes"
      		DecLocale="0"
      		FixFlag="no"
      		ItemAdj="no"
      		ItemFill=""
      		LenDataFlag="no"
      		LenDataBytes=""
      		SubName=""
      		SubNodeName=""
      		RecNum=""
      		NotNull="yes"
      		PlatElemFlag="no"
      		EnCoding="UTF-8"
      		CDATAFlag="no">
        <ConstData><![CDATA[]]></ConstData>
        <ItemParseExpr><![CDATA[]]></ItemParseExpr>
        <ItemBuildExpr><![CDATA[]]></ItemBuildExpr>
        <LenDataParseExpr><![CDATA[]]></LenDataParseExpr>
        <LenDataBuildExpr><![CDATA[]]></LenDataBuildExpr>
        <LengthExpr><![CDATA[]]></LengthExpr>
        <SubExpr><![CDATA[]]></SubExpr>
        <BeginTag><![CDATA[]]></BeginTag>
        <EndTag><![CDATA[]]></EndTag>
      </Item>
      <Item ItemType="item"
      		ItemSignName=""
      		ItemIgnr="no"
      		ItemDesc="GPS位置"
      		ElemName="extensiveDeviceLocation"
      		ItemDlmt=""
      		AsciiFlag="yes"
      		DecLocale="0"
      		FixFlag="no"
      		ItemAdj="no"
      		ItemFill=""
      		LenDataFlag="no"
      		LenDataBytes=""
      		SubName=""
      		SubNodeName=""
      		RecNum=""
      		NotNull="yes"
      		PlatElemFlag="no"
      		EnCoding="UTF-8"
      		CDATAFlag="no">
        <ConstData><![CDATA[]]></ConstData>
        <ItemParseExpr><![CDATA[]]></ItemParseExpr>
        <ItemBuildExpr><![CDATA[]]></ItemBuildExpr>
        <LenDataParseExpr><![CDATA[]]></LenDataParseExpr>
        <LenDataBuildExpr><![CDATA[]]></LenDataBuildExpr>
        <LengthExpr><![CDATA[]]></LengthExpr>
        <SubExpr><![CDATA[]]></SubExpr>
        <BeginTag><![CDATA[]]></BeginTag>
        <EndTag><![CDATA[]]></EndTag>
      </Item>
      <Item ItemType="item"
      		ItemSignName=""
      		ItemIgnr="no"
      		ItemDesc="商品类型"
      		ElemName="goodsClass"
      		ItemDlmt=""
      		AsciiFlag="yes"
      		DecLocale="0"
      		FixFlag="no"
      		ItemAdj="no"
      		ItemFill=""
      		LenDataFlag="no"
      		LenDataBytes=""
      		SubName=""
      		SubNodeName=""
      		RecNum=""
      		NotNull="yes"
      		PlatElemFlag="no"
      		EnCoding="UTF-8"
      		CDATAFlag="no">
        <ConstData><![CDATA[]]></ConstData>
        <ItemParseExpr><![CDATA[]]></ItemParseExpr>
        <ItemBuildExpr><![CDATA[]]></ItemBuildExpr>
        <LenDataParseExpr><![CDATA[]]></LenDataParseExpr>
        <LenDataBuildExpr><![CDATA[]]></LenDataBuildExpr>
        <LengthExpr><![CDATA[]]></LengthExpr>
        <SubExpr><![CDATA[]]></SubExpr>
        <BeginTag><![CDATA[]]></BeginTag>
        <EndTag><![CDATA[]]></EndTag>
      </Item>
      <Item ItemType="item"
      		ItemSignName=""
      		ItemIgnr="no"
      		ItemDesc="MAC地址"
      		ElemName="MAC"
      		ItemDlmt=""
      		AsciiFlag="yes"
      		DecLocale="0"
      		FixFlag="no"
      		ItemAdj="no"
      		ItemFill=""
      		LenDataFlag="no"
      		LenDataBytes=""
      		SubName=""
      		SubNodeName=""
      		RecNum=""
      		NotNull="yes"
      		PlatElemFlag="no"
      		EnCoding="UTF-8"
      		CDATAFlag="no">
        <ConstData><![CDATA[]]></ConstData>
        <ItemParseExpr><![CDATA[]]></ItemParseExpr>
        <ItemBuildExpr><![CDATA[]]></ItemBuildExpr>
        <LenDataParseExpr><![CDATA[]]></LenDataParseExpr>
        <LenDataBuildExpr><![CDATA[]]></LenDataBuildExpr>
        <LengthExpr><![CDATA[]]></LengthExpr>
        <SubExpr><![CDATA[]]></SubExpr>
        <BeginTag><![CDATA[]]></BeginTag>
        <EndTag><![CDATA[]]></EndTag>
      </Item>
      <Item ItemType="item"
      		ItemSignName=""
      		ItemIgnr="no"
      		ItemDesc="收单端注册账户邮箱地址"
      		ElemName="mchntUsrRgstrEmail"
      		ItemDlmt=""
      		AsciiFlag="yes"
      		DecLocale="0"
      		FixFlag="no"
      		ItemAdj="no"
      		ItemFill=""
      		LenDataFlag="no"
      		LenDataBytes=""
      		SubName=""
      		SubNodeName=""
      		RecNum=""
      		NotNull="yes"
      		PlatElemFlag="no"
      		EnCoding="UTF-8"
      		CDATAFlag="no">
        <ConstData><![CDATA[]]></ConstData>
        <ItemParseExpr><![CDATA[]]></ItemParseExpr>
        <ItemBuildExpr><![CDATA[]]></ItemBuildExpr>
        <LenDataParseExpr><![CDATA[]]></LenDataParseExpr>
        <LenDataBuildExpr><![CDATA[]]></LenDataBuildExpr>
        <LengthExpr><![CDATA[]]></LengthExpr>
        <SubExpr><![CDATA[]]></SubExpr>
        <BeginTag><![CDATA[]]></BeginTag>
        <EndTag><![CDATA[]]></EndTag>
      </Item>
      <Item ItemType="item"
      		ItemSignName=""
      		ItemIgnr="no"
      		ItemDesc="收单端账户注册日期"
      		ElemName="mchntUsrRgstrTm"
      		ItemDlmt=""
      		AsciiFlag="yes"
      		DecLocale="0"
      		FixFlag="no"
      		ItemAdj="no"
      		ItemFill=""
      		LenDataFlag="no"
      		LenDataBytes=""
      		SubName=""
      		SubNodeName=""
      		RecNum=""
      		NotNull="yes"
      		PlatElemFlag="no"
      		EnCoding="UTF-8"
      		CDATAFlag="no">
        <ConstData><![CDATA[]]></ConstData>
        <ItemParseExpr><![CDATA[]]></ItemParseExpr>
        <ItemBuildExpr><![CDATA[]]></ItemBuildExpr>
        <LenDataParseExpr><![CDATA[]]></LenDataParseExpr>
        <LenDataBuildExpr><![CDATA[]]></LenDataBuildExpr>
        <LengthExpr><![CDATA[]]></LengthExpr>
        <SubExpr><![CDATA[]]></SubExpr>
        <BeginTag><![CDATA[]]></BeginTag>
        <EndTag><![CDATA[]]></EndTag>
      </Item>
      <Item ItemType="item"
      		ItemSignName=""
      		ItemIgnr="no"
      		ItemDesc="收货市"
      		ElemName="rcvCity"
      		ItemDlmt=""
      		AsciiFlag="yes"
      		DecLocale="0"
      		FixFlag="no"
      		ItemAdj="no"
      		ItemFill=""
      		LenDataFlag="no"
      		LenDataBytes=""
      		SubName=""
      		SubNodeName=""
      		RecNum=""
      		NotNull="yes"
      		PlatElemFlag="no"
      		EnCoding="UTF-8"
      		CDATAFlag="no">
        <ConstData><![CDATA[]]></ConstData>
        <ItemParseExpr><![CDATA[]]></ItemParseExpr>
        <ItemBuildExpr><![CDATA[]]></ItemBuildExpr>
        <LenDataParseExpr><![CDATA[]]></LenDataParseExpr>
        <LenDataBuildExpr><![CDATA[]]></LenDataBuildExpr>
        <LengthExpr><![CDATA[]]></LengthExpr>
        <SubExpr><![CDATA[]]></SubExpr>
        <BeginTag><![CDATA[]]></BeginTag>
        <EndTag><![CDATA[]]></EndTag>
      </Item>
      <Item ItemType="item"
      		ItemSignName=""
      		ItemIgnr="no"
      		ItemDesc="收货省"
      		ElemName="rcvProvince"
      		ItemDlmt=""
      		AsciiFlag="yes"
      		DecLocale="0"
      		FixFlag="no"
      		ItemAdj="no"
      		ItemFill=""
      		LenDataFlag="no"
      		LenDataBytes=""
      		SubName=""
      		SubNodeName=""
      		RecNum=""
      		NotNull="yes"
      		PlatElemFlag="no"
      		EnCoding="UTF-8"
      		CDATAFlag="no">
        <ConstData><![CDATA[]]></ConstData>
        <ItemParseExpr><![CDATA[]]></ItemParseExpr>
        <ItemBuildExpr><![CDATA[]]></ItemBuildExpr>
        <LenDataParseExpr><![CDATA[]]></LenDataParseExpr>
        <LenDataBuildExpr><![CDATA[]]></LenDataBuildExpr>
        <LengthExpr><![CDATA[]]></LengthExpr>
        <SubExpr><![CDATA[]]></SubExpr>
        <BeginTag><![CDATA[]]></BeginTag>
        <EndTag><![CDATA[]]></EndTag>
      </Item>
      <Item ItemType="item"
      		ItemSignName=""
      		ItemIgnr="no"
      		ItemDesc="原因码"
      		ElemName="riskReasonCode"
      		ItemDlmt=""
      		AsciiFlag="yes"
      		DecLocale="0"
      		FixFlag="no"
      		ItemAdj="no"
      		ItemFill=""
      		LenDataFlag="no"
      		LenDataBytes=""
      		SubName=""
      		SubNodeName=""
      		RecNum=""
      		NotNull="yes"
      		PlatElemFlag="no"
      		EnCoding="UTF-8"
      		CDATAFlag="no">
        <ConstData><![CDATA[]]></ConstData>
        <ItemParseExpr><![CDATA[]]></ItemParseExpr>
        <ItemBuildExpr><![CDATA[]]></ItemBuildExpr>
        <LenDataParseExpr><![CDATA[]]></LenDataParseExpr>
        <LenDataBuildExpr><![CDATA[]]></LenDataBuildExpr>
        <LengthExpr><![CDATA[]]></LengthExpr>
        <SubExpr><![CDATA[]]></SubExpr>
        <BeginTag><![CDATA[]]></BeginTag>
        <EndTag><![CDATA[]]></EndTag>
      </Item>
      <Item ItemType="item"
      		ItemSignName=""
      		ItemIgnr="no"
      		ItemDesc="风险评分"
      		ElemName="riskScore"
      		ItemDlmt=""
      		AsciiFlag="yes"
      		DecLocale="0"
      		FixFlag="no"
      		ItemAdj="no"
      		ItemFill=""
      		LenDataFlag="no"
      		LenDataBytes=""
      		SubName=""
      		SubNodeName=""
      		RecNum=""
      		NotNull="yes"
      		PlatElemFlag="no"
      		EnCoding="UTF-8"
      		CDATAFlag="no">
        <ConstData><![CDATA[]]></ConstData>
        <ItemParseExpr><![CDATA[]]></ItemParseExpr>
        <ItemBuildExpr><![CDATA[]]></ItemBuildExpr>
        <LenDataParseExpr><![CDATA[]]></LenDataParseExpr>
        <LenDataBuildExpr><![CDATA[]]></LenDataBuildExpr>
        <LengthExpr><![CDATA[]]></LengthExpr>
        <SubExpr><![CDATA[]]></SubExpr>
        <BeginTag><![CDATA[]]></BeginTag>
        <EndTag><![CDATA[]]></EndTag>
      </Item>
      <Item ItemType="item"
      		ItemSignName=""
      		ItemIgnr="no"
      		ItemDesc="IP地址"
      		ElemName="sourceIP"
      		ItemDlmt=""
      		AsciiFlag="yes"
      		DecLocale="0"
      		FixFlag="no"
      		ItemAdj="no"
      		ItemFill=""
      		LenDataFlag="no"
      		LenDataBytes=""
      		SubName=""
      		SubNodeName=""
      		RecNum=""
      		NotNull="yes"
      		PlatElemFlag="no"
      		EnCoding="UTF-8"
      		CDATAFlag="no">
        <ConstData><![CDATA[]]></ConstData>
        <ItemParseExpr><![CDATA[]]></ItemParseExpr>
        <ItemBuildExpr><![CDATA[]]></ItemBuildExpr>
        <LenDataParseExpr><![CDATA[]]></LenDataParseExpr>
        <LenDataBuildExpr><![CDATA[]]></LenDataBuildExpr>
        <LengthExpr><![CDATA[]]></LengthExpr>
        <SubExpr><![CDATA[]]></SubExpr>
        <BeginTag><![CDATA[]]></BeginTag>
        <EndTag><![CDATA[]]></EndTag>
      </Item>
    </ItemTab>
    <PlatElemMapTab RecNum="0"/>
  </Format>
  <Format FmtName="FMT_CUP_CLI_HEAD"
  		FmtDesc="银联交易报文头"
  		IOType="buf"
  		Compress=""
  		FmtType="xml"
  		SignName=""
  		BitMapType=""
  		VarityLen="no"
  		LengthBytes="0"
  		LengthDlmt=""
  		FileFmtType=""
  		EnCoding="UTF-8"
  		Comment=""
  		ElemName="CUP_CLI_Head"
  		XMLType="Standard">
    <FileName><![CDATA[]]></FileName>
    <FilePath><![CDATA[]]></FilePath>
    <LengthParseExpr><![CDATA[]]></LengthParseExpr>
    <LengthBuildExpr><![CDATA[]]></LengthBuildExpr>
    <ParseExpr><![CDATA[]]></ParseExpr>
    <BuildExpr><![CDATA[]]></BuildExpr>
    <NodeClass Name="未分类"
    		Desc="未分类"/>
    <ItemTab RecNum="1">
      <Item ItemType="fmt"
      		ItemSignName=""
      		ItemIgnr="no"
      		ItemDesc="风险监控信息"
      		ElemName=""
      		ItemDlmt=""
      		AsciiFlag="yes"
      		DecLocale="0"
      		FixFlag="no"
      		ItemAdj="no"
      		ItemFill=""
      		LenDataFlag="no"
      		LenDataBytes=""
      		SubName="Sub_Fmt_cup_Head"
      		SubNodeName="MsgHeader"
      		RecNum=""
      		NotNull="no"
      		PlatElemFlag="no"
      		EnCoding="UTF-8"
      		CDATAFlag="no">
        <ConstData><![CDATA[]]></ConstData>
        <ItemParseExpr><![CDATA[]]></ItemParseExpr>
        <ItemBuildExpr><![CDATA[]]></ItemBuildExpr>
        <LenDataParseExpr><![CDATA[]]></LenDataParseExpr>
        <LenDataBuildExpr><![CDATA[]]></LenDataBuildExpr>
        <LengthExpr><![CDATA[]]></LengthExpr>
        <SubExpr><![CDATA[]]></SubExpr>
        <BeginTag><![CDATA[]]></BeginTag>
        <EndTag><![CDATA[]]></EndTag>
      </Item>
    </ItemTab>
    <PlatElemMapTab RecNum="0"/>
  </Format>
  <Format FmtName="Sub_Fmt_cup_Head"
  		FmtDesc="风险监控信息"
  		IOType="buf"
  		Compress=""
  		FmtType="xml"
  		SignName=""
  		BitMapType=""
  		VarityLen="no"
  		LengthBytes="0"
  		LengthDlmt=""
  		FileFmtType=""
  		EnCoding="UTF-8"
  		Comment=""
  		ElemName="fmtCupMsgHeader"
  		XMLType="Standard">
    <FileName><![CDATA[]]></FileName>
    <FilePath><![CDATA[]]></FilePath>
    <LengthParseExpr><![CDATA[]]></LengthParseExpr>
    <LengthBuildExpr><![CDATA[]]></LengthBuildExpr>
    <ParseExpr><![CDATA[]]></ParseExpr>
    <BuildExpr><![CDATA[]]></BuildExpr>
    <NodeClass Name="未分类"
    		Desc="未分类"/>
    <ItemTab RecNum="11">
      <Item ItemType="item"
      		ItemSignName=""
      		ItemIgnr="no"
      		ItemDesc="报文版本"
      		ElemName="MsgVer"
      		ItemDlmt=""
      		AsciiFlag="yes"
      		DecLocale="0"
      		FixFlag="no"
      		ItemAdj="no"
      		ItemFill=""
      		LenDataFlag="no"
      		LenDataBytes=""
      		SubName=""
      		SubNodeName=""
      		RecNum=""
      		NotNull="yes"
      		PlatElemFlag="no"
      		EnCoding="UTF-8"
      		CDATAFlag="no">
        <ConstData><![CDATA[]]></ConstData>
        <ItemParseExpr><![CDATA[]]></ItemParseExpr>
        <ItemBuildExpr><![CDATA[]]></ItemBuildExpr>
        <LenDataParseExpr><![CDATA[]]></LenDataParseExpr>
        <LenDataBuildExpr><![CDATA[]]></LenDataBuildExpr>
        <LengthExpr><![CDATA[]]></LengthExpr>
        <SubExpr><![CDATA[]]></SubExpr>
        <BeginTag><![CDATA[]]></BeginTag>
        <EndTag><![CDATA[]]></EndTag>
      </Item>
      <Item ItemType="item"
      		ItemSignName=""
      		ItemIgnr="no"
      		ItemDesc="报文发起日期时间"
      		ElemName="SndDt"
      		ItemDlmt=""
      		AsciiFlag="yes"
      		DecLocale="0"
      		FixFlag="no"
      		ItemAdj="no"
      		ItemFill=""
      		LenDataFlag="no"
      		LenDataBytes=""
      		SubName=""
      		SubNodeName=""
      		RecNum=""
      		NotNull="yes"
      		PlatElemFlag="no"
      		EnCoding="UTF-8"
      		CDATAFlag="no">
        <ConstData><![CDATA[]]></ConstData>
        <ItemParseExpr><![CDATA[]]></ItemParseExpr>
        <ItemBuildExpr><![CDATA[]]></ItemBuildExpr>
        <LenDataParseExpr><![CDATA[]]></LenDataParseExpr>
        <LenDataBuildExpr><![CDATA[]]></LenDataBuildExpr>
        <LengthExpr><![CDATA[]]></LengthExpr>
        <SubExpr><![CDATA[]]></SubExpr>
        <BeginTag><![CDATA[]]></BeginTag>
        <EndTag><![CDATA[]]></EndTag>
      </Item>
      <Item ItemType="item"
      		ItemSignName=""
      		ItemIgnr="no"
      		ItemDesc="交易类型"
      		ElemName="Trxtyp"
      		ItemDlmt=""
      		AsciiFlag="yes"
      		DecLocale="0"
      		FixFlag="no"
      		ItemAdj="no"
      		ItemFill=""
      		LenDataFlag="no"
      		LenDataBytes=""
      		SubName=""
      		SubNodeName=""
      		RecNum=""
      		NotNull="yes"
      		PlatElemFlag="no"
      		EnCoding="UTF-8"
      		CDATAFlag="no">
        <ConstData><![CDATA[]]></ConstData>
        <ItemParseExpr><![CDATA[]]></ItemParseExpr>
        <ItemBuildExpr><![CDATA[]]></ItemBuildExpr>
        <LenDataParseExpr><![CDATA[]]></LenDataParseExpr>
        <LenDataBuildExpr><![CDATA[]]></LenDataBuildExpr>
        <LengthExpr><![CDATA[]]></LengthExpr>
        <SubExpr><![CDATA[]]></SubExpr>
        <BeginTag><![CDATA[]]></BeginTag>
        <EndTag><![CDATA[]]></EndTag>
      </Item>
      <Item ItemType="item"
      		ItemSignName=""
      		ItemIgnr="no"
      		ItemDesc="发起方所属机构标识"
      		ElemName="IssrId"
      		ItemDlmt=""
      		AsciiFlag="yes"
      		DecLocale="0"
      		FixFlag="no"
      		ItemAdj="no"
      		ItemFill=""
      		LenDataFlag="no"
      		LenDataBytes=""
      		SubName=""
      		SubNodeName=""
      		RecNum=""
      		NotNull="yes"
      		PlatElemFlag="no"
      		EnCoding="UTF-8"
      		CDATAFlag="no">
        <ConstData><![CDATA[]]></ConstData>
        <ItemParseExpr><![CDATA[]]></ItemParseExpr>
        <ItemBuildExpr><![CDATA[]]></ItemBuildExpr>
        <LenDataParseExpr><![CDATA[]]></LenDataParseExpr>
        <LenDataBuildExpr><![CDATA[]]></LenDataBuildExpr>
        <LengthExpr><![CDATA[]]></LengthExpr>
        <SubExpr><![CDATA[]]></SubExpr>
        <BeginTag><![CDATA[]]></BeginTag>
        <EndTag><![CDATA[]]></EndTag>
      </Item>
      <Item ItemType="item"
      		ItemSignName=""
      		ItemIgnr="no"
      		ItemDesc="报文方向"
      		ElemName="Drctn"
      		ItemDlmt=""
      		AsciiFlag="yes"
      		DecLocale="0"
      		FixFlag="no"
      		ItemAdj="no"
      		ItemFill=""
      		LenDataFlag="no"
      		LenDataBytes=""
      		SubName=""
      		SubNodeName=""
      		RecNum=""
      		NotNull="yes"
      		PlatElemFlag="no"
      		EnCoding="UTF-8"
      		CDATAFlag="no">
        <ConstData><![CDATA[]]></ConstData>
        <ItemParseExpr><![CDATA[]]></ItemParseExpr>
        <ItemBuildExpr><![CDATA[]]></ItemBuildExpr>
        <LenDataParseExpr><![CDATA[]]></LenDataParseExpr>
        <LenDataBuildExpr><![CDATA[]]></LenDataBuildExpr>
        <LengthExpr><![CDATA[]]></LengthExpr>
        <SubExpr><![CDATA[]]></SubExpr>
        <BeginTag><![CDATA[]]></BeginTag>
        <EndTag><![CDATA[]]></EndTag>
      </Item>
      <Item ItemType="item"
      		ItemSignName=""
      		ItemIgnr="no"
      		ItemDesc="签名证书序列号"
      		ElemName="SignSN"
      		ItemDlmt=""
      		AsciiFlag="yes"
      		DecLocale="0"
      		FixFlag="no"
      		ItemAdj="no"
      		ItemFill=""
      		LenDataFlag="no"
      		LenDataBytes=""
      		SubName=""
      		SubNodeName=""
      		RecNum=""
      		NotNull="yes"
      		PlatElemFlag="no"
      		EnCoding="UTF-8"
      		CDATAFlag="no">
        <ConstData><![CDATA[]]></ConstData>
        <ItemParseExpr><![CDATA[]]></ItemParseExpr>
        <ItemBuildExpr><![CDATA[]]></ItemBuildExpr>
        <LenDataParseExpr><![CDATA[]]></LenDataParseExpr>
        <LenDataBuildExpr><![CDATA[]]></LenDataBuildExpr>
        <LengthExpr><![CDATA[]]></LengthExpr>
        <SubExpr><![CDATA[]]></SubExpr>
        <BeginTag><![CDATA[]]></BeginTag>
        <EndTag><![CDATA[]]></EndTag>
      </Item>
      <Item ItemType="item"
      		ItemSignName=""
      		ItemIgnr="no"
      		ItemDesc="加密证书序列号"
      		ElemName="EncSN"
      		ItemDlmt=""
      		AsciiFlag="yes"
      		DecLocale="0"
      		FixFlag="no"
      		ItemAdj="no"
      		ItemFill=""
      		LenDataFlag="no"
      		LenDataBytes=""
      		SubName=""
      		SubNodeName=""
      		RecNum=""
      		NotNull="yes"
      		PlatElemFlag="no"
      		EnCoding="UTF-8"
      		CDATAFlag="no">
        <ConstData><![CDATA[]]></ConstData>
        <ItemParseExpr><![CDATA[]]></ItemParseExpr>
        <ItemBuildExpr><![CDATA[]]></ItemBuildExpr>
        <LenDataParseExpr><![CDATA[]]></LenDataParseExpr>
        <LenDataBuildExpr><![CDATA[]]></LenDataBuildExpr>
        <LengthExpr><![CDATA[]]></LengthExpr>
        <SubExpr><![CDATA[]]></SubExpr>
        <BeginTag><![CDATA[]]></BeginTag>
        <EndTag><![CDATA[]]></EndTag>
      </Item>
      <Item ItemType="item"
      		ItemSignName=""
      		ItemIgnr="no"
      		ItemDesc="敏感信息对称加密密钥"
      		ElemName="EncKey"
      		ItemDlmt=""
      		AsciiFlag="yes"
      		DecLocale="0"
      		FixFlag="no"
      		ItemAdj="no"
      		ItemFill=""
      		LenDataFlag="no"
      		LenDataBytes=""
      		SubName=""
      		SubNodeName=""
      		RecNum=""
      		NotNull="yes"
      		PlatElemFlag="no"
      		EnCoding="UTF-8"
      		CDATAFlag="no">
        <ConstData><![CDATA[]]></ConstData>
        <ItemParseExpr><![CDATA[]]></ItemParseExpr>
        <ItemBuildExpr><![CDATA[]]></ItemBuildExpr>
        <LenDataParseExpr><![CDATA[]]></LenDataParseExpr>
        <LenDataBuildExpr><![CDATA[]]></LenDataBuildExpr>
        <LengthExpr><![CDATA[]]></LengthExpr>
        <SubExpr><![CDATA[]]></SubExpr>
        <BeginTag><![CDATA[]]></BeginTag>
        <EndTag><![CDATA[]]></EndTag>
      </Item>
      <Item ItemType="item"
      		ItemSignName=""
      		ItemIgnr="no"
      		ItemDesc="摘要算法类型"
      		ElemName="MDAlgo"
      		ItemDlmt=""
      		AsciiFlag="yes"
      		DecLocale="0"
      		FixFlag="no"
      		ItemAdj="no"
      		ItemFill=""
      		LenDataFlag="no"
      		LenDataBytes=""
      		SubName=""
      		SubNodeName=""
      		RecNum=""
      		NotNull="yes"
      		PlatElemFlag="no"
      		EnCoding="UTF-8"
      		CDATAFlag="no">
        <ConstData><![CDATA[]]></ConstData>
        <ItemParseExpr><![CDATA[]]></ItemParseExpr>
        <ItemBuildExpr><![CDATA[]]></ItemBuildExpr>
        <LenDataParseExpr><![CDATA[]]></LenDataParseExpr>
        <LenDataBuildExpr><![CDATA[]]></LenDataBuildExpr>
        <LengthExpr><![CDATA[]]></LengthExpr>
        <SubExpr><![CDATA[]]></SubExpr>
        <BeginTag><![CDATA[]]></BeginTag>
        <EndTag><![CDATA[]]></EndTag>
      </Item>
      <Item ItemType="item"
      		ItemSignName=""
      		ItemIgnr="no"
      		ItemDesc="签名和密钥加密算法类型（注）"
      		ElemName="SignEncAlgo"
      		ItemDlmt=""
      		AsciiFlag="yes"
      		DecLocale="0"
      		FixFlag="no"
      		ItemAdj="no"
      		ItemFill=""
      		LenDataFlag="no"
      		LenDataBytes=""
      		SubName=""
      		SubNodeName=""
      		RecNum=""
      		NotNull="yes"
      		PlatElemFlag="no"
      		EnCoding="UTF-8"
      		CDATAFlag="no">
        <ConstData><![CDATA[]]></ConstData>
        <ItemParseExpr><![CDATA[]]></ItemParseExpr>
        <ItemBuildExpr><![CDATA[]]></ItemBuildExpr>
        <LenDataParseExpr><![CDATA[]]></LenDataParseExpr>
        <LenDataBuildExpr><![CDATA[]]></LenDataBuildExpr>
        <LengthExpr><![CDATA[]]></LengthExpr>
        <SubExpr><![CDATA[]]></SubExpr>
        <BeginTag><![CDATA[]]></BeginTag>
        <EndTag><![CDATA[]]></EndTag>
      </Item>
      <Item ItemType="item"
      		ItemSignName=""
      		ItemIgnr="no"
      		ItemDesc="对称加密算法类型"
      		ElemName="EncAlgo"
      		ItemDlmt=""
      		AsciiFlag="yes"
      		DecLocale="0"
      		FixFlag="no"
      		ItemAdj="no"
      		ItemFill=""
      		LenDataFlag="no"
      		LenDataBytes=""
      		SubName=""
      		SubNodeName=""
      		RecNum=""
      		NotNull="yes"
      		PlatElemFlag="no"
      		EnCoding="UTF-8"
      		CDATAFlag="no">
        <ConstData><![CDATA[]]></ConstData>
        <ItemParseExpr><![CDATA[]]></ItemParseExpr>
        <ItemBuildExpr><![CDATA[]]></ItemBuildExpr>
        <LenDataParseExpr><![CDATA[]]></LenDataParseExpr>
        <LenDataBuildExpr><![CDATA[]]></LenDataBuildExpr>
        <LengthExpr><![CDATA[]]></LengthExpr>
        <SubExpr><![CDATA[]]></SubExpr>
        <BeginTag><![CDATA[]]></BeginTag>
        <EndTag><![CDATA[]]></EndTag>
      </Item>
    </ItemTab>
    <PlatElemMapTab RecNum="0"/>
  </Format>
  <Format FmtName="FMT_CUP_CLI_0303_OUT_MsgBody"
  		FmtDesc="协议支付解约请求报文体"
  		IOType="buf"
  		Compress=""
  		FmtType="xml"
  		SignName=""
  		BitMapType=""
  		VarityLen="no"
  		LengthBytes="0"
  		LengthDlmt=""
  		FileFmtType=""
  		EnCoding="UTF-8"
  		Comment=""
  		ElemName="CUP_CLI_0303_OUT_MsgBody"
  		XMLType="Standard">
    <FileName><![CDATA[]]></FileName>
    <FilePath><![CDATA[]]></FilePath>
    <LengthParseExpr><![CDATA[]]></LengthParseExpr>
    <LengthBuildExpr><![CDATA[]]></LengthBuildExpr>
    <ParseExpr><![CDATA[]]></ParseExpr>
    <BuildExpr><![CDATA[]]></BuildExpr>
    <NodeClass Name="未分类"
    		Desc="未分类"/>
    <ItemTab RecNum="5">
      <Item ItemType="item"
      		ItemSignName=""
      		ItemIgnr="no"
      		ItemDesc="业务种类"
      		ElemName="BizTp"
      		ItemDlmt=""
      		AsciiFlag="yes"
      		DecLocale="0"
      		FixFlag="no"
      		ItemAdj="no"
      		ItemFill=""
      		LenDataFlag="no"
      		LenDataBytes=""
      		SubName=""
      		SubNodeName=""
      		RecNum=""
      		NotNull="yes"
      		PlatElemFlag="no"
      		EnCoding="UTF-8"
      		CDATAFlag="no">
        <ConstData><![CDATA[]]></ConstData>
        <ItemParseExpr><![CDATA[]]></ItemParseExpr>
        <ItemBuildExpr><![CDATA[]]></ItemBuildExpr>
        <LenDataParseExpr><![CDATA[]]></LenDataParseExpr>
        <LenDataBuildExpr><![CDATA[]]></LenDataBuildExpr>
        <LengthExpr><![CDATA[]]></LengthExpr>
        <SubExpr><![CDATA[]]></SubExpr>
        <BeginTag><![CDATA[]]></BeginTag>
        <EndTag><![CDATA[]]></EndTag>
      </Item>
      <Item ItemType="fmt"
      		ItemSignName=""
      		ItemIgnr="no"
      		ItemDesc="交易信息"
      		ElemName=""
      		ItemDlmt=""
      		AsciiFlag="yes"
      		DecLocale="0"
      		FixFlag="no"
      		ItemAdj="no"
      		ItemFill=""
      		LenDataFlag="no"
      		LenDataBytes=""
      		SubName="Sub_Fmt_cup_TrxInf"
      		SubNodeName="TrxInf"
      		RecNum=""
      		NotNull="yes"
      		PlatElemFlag="no"
      		EnCoding="UTF-8"
      		CDATAFlag="no">
        <ConstData><![CDATA[]]></ConstData>
        <ItemParseExpr><![CDATA[]]></ItemParseExpr>
        <ItemBuildExpr><![CDATA[]]></ItemBuildExpr>
        <LenDataParseExpr><![CDATA[]]></LenDataParseExpr>
        <LenDataBuildExpr><![CDATA[]]></LenDataBuildExpr>
        <LengthExpr><![CDATA[]]></LengthExpr>
        <SubExpr><![CDATA[]]></SubExpr>
        <BeginTag><![CDATA[]]></BeginTag>
        <EndTag><![CDATA[]]></EndTag>
      </Item>
      <Item ItemType="fmt"
      		ItemSignName=""
      		ItemIgnr="no"
      		ItemDesc="接收方信息"
      		ElemName=""
      		ItemDlmt=""
      		AsciiFlag="yes"
      		DecLocale="0"
      		FixFlag="no"
      		ItemAdj="no"
      		ItemFill=""
      		LenDataFlag="no"
      		LenDataBytes=""
      		SubName="Sub_Fmt_cup_RcverInf"
      		SubNodeName="RcverInf"
      		RecNum=""
      		NotNull="yes"
      		PlatElemFlag="no"
      		EnCoding="UTF-8"
      		CDATAFlag="no">
        <ConstData><![CDATA[]]></ConstData>
        <ItemParseExpr><![CDATA[]]></ItemParseExpr>
        <ItemBuildExpr><![CDATA[]]></ItemBuildExpr>
        <LenDataParseExpr><![CDATA[]]></LenDataParseExpr>
        <LenDataBuildExpr><![CDATA[]]></LenDataBuildExpr>
        <LengthExpr><![CDATA[]]></LengthExpr>
        <SubExpr><![CDATA[]]></SubExpr>
        <BeginTag><![CDATA[]]></BeginTag>
        <EndTag><![CDATA[]]></EndTag>
      </Item>
      <Item ItemType="fmt"
      		ItemSignName=""
      		ItemIgnr="no"
      		ItemDesc="发起方信息"
      		ElemName=""
      		ItemDlmt=""
      		AsciiFlag="yes"
      		DecLocale="0"
      		FixFlag="no"
      		ItemAdj="no"
      		ItemFill=""
      		LenDataFlag="no"
      		LenDataBytes=""
      		SubName="Sub_Fmt_cup_SderInf"
      		SubNodeName="SderInf"
      		RecNum=""
      		NotNull="yes"
      		PlatElemFlag="no"
      		EnCoding="UTF-8"
      		CDATAFlag="no">
        <ConstData><![CDATA[]]></ConstData>
        <ItemParseExpr><![CDATA[]]></ItemParseExpr>
        <ItemBuildExpr><![CDATA[]]></ItemBuildExpr>
        <LenDataParseExpr><![CDATA[]]></LenDataParseExpr>
        <LenDataBuildExpr><![CDATA[]]></LenDataBuildExpr>
        <LengthExpr><![CDATA[]]></LengthExpr>
        <SubExpr><![CDATA[]]></SubExpr>
        <BeginTag><![CDATA[]]></BeginTag>
        <EndTag><![CDATA[]]></EndTag>
      </Item>
      <Item ItemType="fmt"
      		ItemSignName=""
      		ItemIgnr="no"
      		ItemDesc="风险监控信息"
      		ElemName=""
      		ItemDlmt=""
      		AsciiFlag="yes"
      		DecLocale="0"
      		FixFlag="no"
      		ItemAdj="no"
      		ItemFill=""
      		LenDataFlag="no"
      		LenDataBytes=""
      		SubName="Sub_Fmt_cup_RskInf"
      		SubNodeName="RskInf"
      		RecNum=""
      		NotNull="yes"
      		PlatElemFlag="no"
      		EnCoding="UTF-8"
      		CDATAFlag="no">
        <ConstData><![CDATA[]]></ConstData>
        <ItemParseExpr><![CDATA[]]></ItemParseExpr>
        <ItemBuildExpr><![CDATA[]]></ItemBuildExpr>
        <LenDataParseExpr><![CDATA[]]></LenDataParseExpr>
        <LenDataBuildExpr><![CDATA[]]></LenDataBuildExpr>
        <LengthExpr><![CDATA[]]></LengthExpr>
        <SubExpr><![CDATA[]]></SubExpr>
        <BeginTag><![CDATA[]]></BeginTag>
        <EndTag><![CDATA[]]></EndTag>
      </Item>
    </ItemTab>
    <PlatElemMapTab RecNum="0"/>
  </Format>
  <Format FmtName="FMT_CUP_0303_OUT"
  		FmtDesc="协议支付解约请求报文"
  		IOType="buf"
  		Compress=""
  		FmtType="xml"
  		SignName=""
  		BitMapType=""
  		VarityLen="no"
  		LengthBytes="0"
  		LengthDlmt=""
  		FileFmtType=""
  		EnCoding="UTF-8"
  		Comment=""
  		ElemName="CUP_CLI_0303_OUT"
  		XMLType="Standard">
    <FileName><![CDATA[]]></FileName>
    <FilePath><![CDATA[]]></FilePath>
    <LengthParseExpr><![CDATA[]]></LengthParseExpr>
    <LengthBuildExpr><![CDATA[]]></LengthBuildExpr>
    <ParseExpr><![CDATA[]]></ParseExpr>
    <BuildExpr><![CDATA[]]></BuildExpr>
    <NodeClass Name="未分类"
    		Desc="未分类"/>
    <ItemTab RecNum="2">
      <Item ItemType="fmt"
      		ItemSignName=""
      		ItemIgnr="no"
      		ItemDesc="风险监控信息"
      		ElemName=""
      		ItemDlmt=""
      		AsciiFlag="yes"
      		DecLocale="0"
      		FixFlag="no"
      		ItemAdj="no"
      		ItemFill=""
      		LenDataFlag="no"
      		LenDataBytes=""
      		SubName="Sub_Fmt_cup_Head"
      		SubNodeName="MsgHeader"
      		RecNum=""
      		NotNull="no"
      		PlatElemFlag="no"
      		EnCoding="UTF-8"
      		CDATAFlag="no">
        <ConstData><![CDATA[]]></ConstData>
        <ItemParseExpr><![CDATA[]]></ItemParseExpr>
        <ItemBuildExpr><![CDATA[]]></ItemBuildExpr>
        <LenDataParseExpr><![CDATA[]]></LenDataParseExpr>
        <LenDataBuildExpr><![CDATA[]]></LenDataBuildExpr>
        <LengthExpr><![CDATA[]]></LengthExpr>
        <SubExpr><![CDATA[]]></SubExpr>
        <BeginTag><![CDATA[]]></BeginTag>
        <EndTag><![CDATA[]]></EndTag>
      </Item>
      <Item ItemType="fmt"
      		ItemSignName=""
      		ItemIgnr="no"
      		ItemDesc="协议支付解约请求报文体"
      		ElemName=""
      		ItemDlmt=""
      		AsciiFlag="yes"
      		DecLocale="0"
      		FixFlag="no"
      		ItemAdj="no"
      		ItemFill=""
      		LenDataFlag="no"
      		LenDataBytes=""
      		SubName="FMT_CUP_CLI_0303_OUT_MsgBody"
      		SubNodeName="MsgBody"
      		RecNum=""
      		NotNull="yes"
      		PlatElemFlag="no"
      		EnCoding="UTF-8"
      		CDATAFlag="no">
        <ConstData><![CDATA[]]></ConstData>
        <ItemParseExpr><![CDATA[]]></ItemParseExpr>
        <ItemBuildExpr><![CDATA[]]></ItemBuildExpr>
        <LenDataParseExpr><![CDATA[]]></LenDataParseExpr>
        <LenDataBuildExpr><![CDATA[]]></LenDataBuildExpr>
        <LengthExpr><![CDATA[]]></LengthExpr>
        <SubExpr><![CDATA[]]></SubExpr>
        <BeginTag><![CDATA[]]></BeginTag>
        <EndTag><![CDATA[]]></EndTag>
      </Item>
    </ItemTab>
    <PlatElemMapTab RecNum="0"/>
  </Format>
  <Format FmtName="Sub_Fmt_cup_SysRtnInf"
  		FmtDesc="系统响应信息"
  		IOType="buf"
  		Compress=""
  		FmtType="xml"
  		SignName=""
  		BitMapType=""
  		VarityLen="no"
  		LengthBytes="0"
  		LengthDlmt=""
  		FileFmtType=""
  		EnCoding="UTF-8"
  		Comment=""
  		ElemName="fmtCupSysRtnInf"
  		XMLType="Standard">
    <FileName><![CDATA[]]></FileName>
    <FilePath><![CDATA[]]></FilePath>
    <LengthParseExpr><![CDATA[]]></LengthParseExpr>
    <LengthBuildExpr><![CDATA[]]></LengthBuildExpr>
    <ParseExpr><![CDATA[]]></ParseExpr>
    <BuildExpr><![CDATA[]]></BuildExpr>
    <NodeClass Name="未分类"
    		Desc="未分类"/>
    <ItemTab RecNum="4">
      <Item ItemType="item"
      		ItemSignName=""
      		ItemIgnr="no"
      		ItemDesc="系统返回码"
      		ElemName="SysRtnCd"
      		ItemDlmt=""
      		AsciiFlag="yes"
      		DecLocale="0"
      		FixFlag="no"
      		ItemAdj="no"
      		ItemFill=""
      		LenDataFlag="no"
      		LenDataBytes=""
      		SubName=""
      		SubNodeName=""
      		RecNum=""
      		NotNull="yes"
      		PlatElemFlag="no"
      		EnCoding="UTF-8"
      		CDATAFlag="no">
        <ConstData><![CDATA[]]></ConstData>
        <ItemParseExpr><![CDATA[]]></ItemParseExpr>
        <ItemBuildExpr><![CDATA[]]></ItemBuildExpr>
        <LenDataParseExpr><![CDATA[]]></LenDataParseExpr>
        <LenDataBuildExpr><![CDATA[]]></LenDataBuildExpr>
        <LengthExpr><![CDATA[]]></LengthExpr>
        <SubExpr><![CDATA[]]></SubExpr>
        <BeginTag><![CDATA[]]></BeginTag>
        <EndTag><![CDATA[]]></EndTag>
      </Item>
      <Item ItemType="item"
      		ItemSignName=""
      		ItemIgnr="no"
      		ItemDesc="系统返回说明"
      		ElemName="SysRtnDesc"
      		ItemDlmt=""
      		AsciiFlag="yes"
      		DecLocale="0"
      		FixFlag="no"
      		ItemAdj="no"
      		ItemFill=""
      		LenDataFlag="no"
      		LenDataBytes=""
      		SubName=""
      		SubNodeName=""
      		RecNum=""
      		NotNull="yes"
      		PlatElemFlag="no"
      		EnCoding="UTF-8"
      		CDATAFlag="no">
        <ConstData><![CDATA[]]></ConstData>
        <ItemParseExpr><![CDATA[]]></ItemParseExpr>
        <ItemBuildExpr><![CDATA[]]></ItemBuildExpr>
        <LenDataParseExpr><![CDATA[]]></LenDataParseExpr>
        <LenDataBuildExpr><![CDATA[]]></LenDataBuildExpr>
        <LengthExpr><![CDATA[]]></LengthExpr>
        <SubExpr><![CDATA[]]></SubExpr>
        <BeginTag><![CDATA[]]></BeginTag>
        <EndTag><![CDATA[]]></EndTag>
      </Item>
      <Item ItemType="item"
      		ItemSignName=""
      		ItemIgnr="no"
      		ItemDesc="系统返回时间"
      		ElemName="SysRtnTm"
      		ItemDlmt=""
      		AsciiFlag="yes"
      		DecLocale="0"
      		FixFlag="no"
      		ItemAdj="no"
      		ItemFill=""
      		LenDataFlag="no"
      		LenDataBytes=""
      		SubName=""
      		SubNodeName=""
      		RecNum=""
      		NotNull="yes"
      		PlatElemFlag="no"
      		EnCoding="UTF-8"
      		CDATAFlag="no">
        <ConstData><![CDATA[]]></ConstData>
        <ItemParseExpr><![CDATA[]]></ItemParseExpr>
        <ItemBuildExpr><![CDATA[]]></ItemBuildExpr>
        <LenDataParseExpr><![CDATA[]]></LenDataParseExpr>
        <LenDataBuildExpr><![CDATA[]]></LenDataBuildExpr>
        <LengthExpr><![CDATA[]]></LengthExpr>
        <SubExpr><![CDATA[]]></SubExpr>
        <BeginTag><![CDATA[]]></BeginTag>
        <EndTag><![CDATA[]]></EndTag>
      </Item>
      <Item ItemType="item"
      		ItemSignName=""
      		ItemIgnr="no"
      		ItemDesc="验证要素位图"
      		ElemName="ValBtMp"
      		ItemDlmt=""
      		AsciiFlag="yes"
      		DecLocale="0"
      		FixFlag="no"
      		ItemAdj="no"
      		ItemFill=""
      		LenDataFlag="no"
      		LenDataBytes=""
      		SubName=""
      		SubNodeName=""
      		RecNum=""
      		NotNull="yes"
      		PlatElemFlag="no"
      		EnCoding="UTF-8"
      		CDATAFlag="no">
        <ConstData><![CDATA[]]></ConstData>
        <ItemParseExpr><![CDATA[]]></ItemParseExpr>
        <ItemBuildExpr><![CDATA[]]></ItemBuildExpr>
        <LenDataParseExpr><![CDATA[]]></LenDataParseExpr>
        <LenDataBuildExpr><![CDATA[]]></LenDataBuildExpr>
        <LengthExpr><![CDATA[]]></LengthExpr>
        <SubExpr><![CDATA[]]></SubExpr>
        <BeginTag><![CDATA[]]></BeginTag>
        <EndTag><![CDATA[]]></EndTag>
      </Item>
    </ItemTab>
    <PlatElemMapTab RecNum="0"/>
  </Format>
  <Format FmtName="FMT_CUP_CLI_0303_IN_MsgBody"
  		FmtDesc="协议支付解约响应报文体"
  		IOType="buf"
  		Compress=""
  		FmtType="xml"
  		SignName=""
  		BitMapType=""
  		VarityLen="no"
  		LengthBytes="0"
  		LengthDlmt=""
  		FileFmtType=""
  		EnCoding="UTF-8"
  		Comment=""
  		ElemName="CUP_CLI_0303_IN_MsgBody"
  		XMLType="Standard">
    <FileName><![CDATA[]]></FileName>
    <FilePath><![CDATA[]]></FilePath>
    <LengthParseExpr><![CDATA[]]></LengthParseExpr>
    <LengthBuildExpr><![CDATA[]]></LengthBuildExpr>
    <ParseExpr><![CDATA[]]></ParseExpr>
    <BuildExpr><![CDATA[]]></BuildExpr>
    <NodeClass Name="未分类"
    		Desc="未分类"/>
    <ItemTab RecNum="5">
      <Item ItemType="item"
      		ItemSignName=""
      		ItemIgnr="no"
      		ItemDesc="业务种类"
      		ElemName="BizTp"
      		ItemDlmt=""
      		AsciiFlag="yes"
      		DecLocale="0"
      		FixFlag="no"
      		ItemAdj="no"
      		ItemFill=""
      		LenDataFlag="no"
      		LenDataBytes=""
      		SubName=""
      		SubNodeName=""
      		RecNum=""
      		NotNull="yes"
      		PlatElemFlag="no"
      		EnCoding="UTF-8"
      		CDATAFlag="no">
        <ConstData><![CDATA[]]></ConstData>
        <ItemParseExpr><![CDATA[]]></ItemParseExpr>
        <ItemBuildExpr><![CDATA[]]></ItemBuildExpr>
        <LenDataParseExpr><![CDATA[]]></LenDataParseExpr>
        <LenDataBuildExpr><![CDATA[]]></LenDataBuildExpr>
        <LengthExpr><![CDATA[]]></LengthExpr>
        <SubExpr><![CDATA[]]></SubExpr>
        <BeginTag><![CDATA[]]></BeginTag>
        <EndTag><![CDATA[]]></EndTag>
      </Item>
      <Item ItemType="fmt"
      		ItemSignName=""
      		ItemIgnr="no"
      		ItemDesc="交易信息"
      		ElemName=""
      		ItemDlmt=""
      		AsciiFlag="yes"
      		DecLocale="0"
      		FixFlag="no"
      		ItemAdj="no"
      		ItemFill=""
      		LenDataFlag="no"
      		LenDataBytes=""
      		SubName="Sub_Fmt_cup_TrxInf"
      		SubNodeName="TrxInf"
      		RecNum=""
      		NotNull="yes"
      		PlatElemFlag="no"
      		EnCoding="UTF-8"
      		CDATAFlag="no">
        <ConstData><![CDATA[]]></ConstData>
        <ItemParseExpr><![CDATA[]]></ItemParseExpr>
        <ItemBuildExpr><![CDATA[]]></ItemBuildExpr>
        <LenDataParseExpr><![CDATA[]]></LenDataParseExpr>
        <LenDataBuildExpr><![CDATA[]]></LenDataBuildExpr>
        <LengthExpr><![CDATA[]]></LengthExpr>
        <SubExpr><![CDATA[]]></SubExpr>
        <BeginTag><![CDATA[]]></BeginTag>
        <EndTag><![CDATA[]]></EndTag>
      </Item>
      <Item ItemType="fmt"
      		ItemSignName=""
      		ItemIgnr="no"
      		ItemDesc="系统响应信息"
      		ElemName=""
      		ItemDlmt=""
      		AsciiFlag="yes"
      		DecLocale="0"
      		FixFlag="no"
      		ItemAdj="no"
      		ItemFill=""
      		LenDataFlag="no"
      		LenDataBytes=""
      		SubName="Sub_Fmt_cup_SysRtnInf"
      		SubNodeName="SysRtnInf"
      		RecNum=""
      		NotNull="yes"
      		PlatElemFlag="no"
      		EnCoding="UTF-8"
      		CDATAFlag="no">
        <ConstData><![CDATA[]]></ConstData>
        <ItemParseExpr><![CDATA[]]></ItemParseExpr>
        <ItemBuildExpr><![CDATA[]]></ItemBuildExpr>
        <LenDataParseExpr><![CDATA[]]></LenDataParseExpr>
        <LenDataBuildExpr><![CDATA[]]></LenDataBuildExpr>
        <LengthExpr><![CDATA[]]></LengthExpr>
        <SubExpr><![CDATA[]]></SubExpr>
        <BeginTag><![CDATA[]]></BeginTag>
        <EndTag><![CDATA[]]></EndTag>
      </Item>
      <Item ItemType="fmt"
      		ItemSignName=""
      		ItemIgnr="no"
      		ItemDesc="接收方信息"
      		ElemName=""
      		ItemDlmt=""
      		AsciiFlag="yes"
      		DecLocale="0"
      		FixFlag="no"
      		ItemAdj="no"
      		ItemFill=""
      		LenDataFlag="no"
      		LenDataBytes=""
      		SubName="Sub_Fmt_cup_RcverInf"
      		SubNodeName="RcverInf"
      		RecNum=""
      		NotNull="yes"
      		PlatElemFlag="no"
      		EnCoding="UTF-8"
      		CDATAFlag="no">
        <ConstData><![CDATA[]]></ConstData>
        <ItemParseExpr><![CDATA[]]></ItemParseExpr>
        <ItemBuildExpr><![CDATA[]]></ItemBuildExpr>
        <LenDataParseExpr><![CDATA[]]></LenDataParseExpr>
        <LenDataBuildExpr><![CDATA[]]></LenDataBuildExpr>
        <LengthExpr><![CDATA[]]></LengthExpr>
        <SubExpr><![CDATA[]]></SubExpr>
        <BeginTag><![CDATA[]]></BeginTag>
        <EndTag><![CDATA[]]></EndTag>
      </Item>
      <Item ItemType="fmt"
      		ItemSignName=""
      		ItemIgnr="no"
      		ItemDesc="发起方信息"
      		ElemName=""
      		ItemDlmt=""
      		AsciiFlag="yes"
      		DecLocale="0"
      		FixFlag="no"
      		ItemAdj="no"
      		ItemFill=""
      		LenDataFlag="no"
      		LenDataBytes=""
      		SubName="Sub_Fmt_cup_SderInf"
      		SubNodeName="RcverInf"
      		RecNum=""
      		NotNull="yes"
      		PlatElemFlag="no"
      		EnCoding="UTF-8"
      		CDATAFlag="no">
        <ConstData><![CDATA[]]></ConstData>
        <ItemParseExpr><![CDATA[]]></ItemParseExpr>
        <ItemBuildExpr><![CDATA[]]></ItemBuildExpr>
        <LenDataParseExpr><![CDATA[]]></LenDataParseExpr>
        <LenDataBuildExpr><![CDATA[]]></LenDataBuildExpr>
        <LengthExpr><![CDATA[]]></LengthExpr>
        <SubExpr><![CDATA[]]></SubExpr>
        <BeginTag><![CDATA[]]></BeginTag>
        <EndTag><![CDATA[]]></EndTag>
      </Item>
    </ItemTab>
    <PlatElemMapTab RecNum="0"/>
  </Format>
  <Format FmtName="FMT_CUP_0303_IN"
  		FmtDesc="协议支付解约响应报文"
  		IOType="buf"
  		Compress=""
  		FmtType="xml"
  		SignName=""
  		BitMapType=""
  		VarityLen="no"
  		LengthBytes="0"
  		LengthDlmt=""
  		FileFmtType=""
  		EnCoding="UTF-8"
  		Comment=""
  		ElemName="CUP_CLI_0303_IN"
  		XMLType="Standard">
    <FileName><![CDATA[]]></FileName>
    <FilePath><![CDATA[]]></FilePath>
    <LengthParseExpr><![CDATA[]]></LengthParseExpr>
    <LengthBuildExpr><![CDATA[]]></LengthBuildExpr>
    <ParseExpr><![CDATA[]]></ParseExpr>
    <BuildExpr><![CDATA[]]></BuildExpr>
    <NodeClass Name="未分类"
    		Desc="未分类"/>
    <ItemTab RecNum="2">
      <Item ItemType="fmt"
      		ItemSignName=""
      		ItemIgnr="no"
      		ItemDesc="报文头子格式"
      		ElemName=""
      		ItemDlmt=""
      		AsciiFlag="yes"
      		DecLocale="0"
      		FixFlag="no"
      		ItemAdj="no"
      		ItemFill=""
      		LenDataFlag="no"
      		LenDataBytes=""
      		SubName="Sub_Fmt_Cli_Head"
      		SubNodeName="MsgHeader"
      		RecNum=""
      		NotNull="no"
      		PlatElemFlag="no"
      		EnCoding="UTF-8"
      		CDATAFlag="no">
        <ConstData><![CDATA[]]></ConstData>
        <ItemParseExpr><![CDATA[]]></ItemParseExpr>
        <ItemBuildExpr><![CDATA[]]></ItemBuildExpr>
        <LenDataParseExpr><![CDATA[]]></LenDataParseExpr>
        <LenDataBuildExpr><![CDATA[]]></LenDataBuildExpr>
        <LengthExpr><![CDATA[]]></LengthExpr>
        <SubExpr><![CDATA[]]></SubExpr>
        <BeginTag><![CDATA[]]></BeginTag>
        <EndTag><![CDATA[]]></EndTag>
      </Item>
      <Item ItemType="fmt"
      		ItemSignName=""
      		ItemIgnr="no"
      		ItemDesc="协议支付解约响应报文体"
      		ElemName=""
      		ItemDlmt=""
      		AsciiFlag="yes"
      		DecLocale="0"
      		FixFlag="no"
      		ItemAdj="no"
      		ItemFill=""
      		LenDataFlag="no"
      		LenDataBytes=""
      		SubName="FMT_CUP_CLI_0303_IN_MsgBody"
      		SubNodeName="MsgBody"
      		RecNum=""
      		NotNull="yes"
      		PlatElemFlag="no"
      		EnCoding="UTF-8"
      		CDATAFlag="no">
        <ConstData><![CDATA[]]></ConstData>
        <ItemParseExpr><![CDATA[]]></ItemParseExpr>
        <ItemBuildExpr><![CDATA[]]></ItemBuildExpr>
        <LenDataParseExpr><![CDATA[]]></LenDataParseExpr>
        <LenDataBuildExpr><![CDATA[]]></LenDataBuildExpr>
        <LengthExpr><![CDATA[]]></LengthExpr>
        <SubExpr><![CDATA[]]></SubExpr>
        <BeginTag><![CDATA[]]></BeginTag>
        <EndTag><![CDATA[]]></EndTag>
      </Item>
    </ItemTab>
    <PlatElemMapTab RecNum="0"/>
  </Format>
  <Format FmtName="Sub_Fmt_Cli_Head"
  		FmtDesc="报文头子格式"
  		IOType="buf"
  		Compress=""
  		FmtType="xml"
  		SignName=""
  		BitMapType=""
  		VarityLen="no"
  		LengthBytes="0"
  		LengthDlmt=""
  		FileFmtType=""
  		EnCoding="UTF-8"
  		Comment=""
  		ElemName="fmtCupMsgHeader"
  		XMLType="Standard">
    <FileName><![CDATA[]]></FileName>
    <FilePath><![CDATA[]]></FilePath>
    <LengthParseExpr><![CDATA[]]></LengthParseExpr>
    <LengthBuildExpr><![CDATA[]]></LengthBuildExpr>
    <ParseExpr><![CDATA[]]></ParseExpr>
    <BuildExpr><![CDATA[]]></BuildExpr>
    <NodeClass Name="未分类"
    		Desc="未分类"/>
    <ItemTab RecNum="12">
      <Item ItemType="item"
      		ItemSignName=""
      		ItemIgnr="no"
      		ItemDesc="报文版本"
      		ElemName="MsgVer"
      		ItemDlmt=""
      		AsciiFlag="yes"
      		DecLocale="0"
      		FixFlag="no"
      		ItemAdj="no"
      		ItemFill=""
      		LenDataFlag="no"
      		LenDataBytes=""
      		SubName=""
      		SubNodeName=""
      		RecNum=""
      		NotNull="yes"
      		PlatElemFlag="no"
      		EnCoding="UTF-8"
      		CDATAFlag="no">
        <ConstData><![CDATA[]]></ConstData>
        <ItemParseExpr><![CDATA[]]></ItemParseExpr>
        <ItemBuildExpr><![CDATA[]]></ItemBuildExpr>
        <LenDataParseExpr><![CDATA[]]></LenDataParseExpr>
        <LenDataBuildExpr><![CDATA[]]></LenDataBuildExpr>
        <LengthExpr><![CDATA[]]></LengthExpr>
        <SubExpr><![CDATA[]]></SubExpr>
        <BeginTag><![CDATA[]]></BeginTag>
        <EndTag><![CDATA[]]></EndTag>
      </Item>
      <Item ItemType="item"
      		ItemSignName=""
      		ItemIgnr="no"
      		ItemDesc="报文发起日期时间"
      		ElemName="SndDt"
      		ItemDlmt=""
      		AsciiFlag="yes"
      		DecLocale="0"
      		FixFlag="no"
      		ItemAdj="no"
      		ItemFill=""
      		LenDataFlag="no"
      		LenDataBytes=""
      		SubName=""
      		SubNodeName=""
      		RecNum=""
      		NotNull="yes"
      		PlatElemFlag="no"
      		EnCoding="UTF-8"
      		CDATAFlag="no">
        <ConstData><![CDATA[]]></ConstData>
        <ItemParseExpr><![CDATA[]]></ItemParseExpr>
        <ItemBuildExpr><![CDATA[]]></ItemBuildExpr>
        <LenDataParseExpr><![CDATA[]]></LenDataParseExpr>
        <LenDataBuildExpr><![CDATA[]]></LenDataBuildExpr>
        <LengthExpr><![CDATA[]]></LengthExpr>
        <SubExpr><![CDATA[]]></SubExpr>
        <BeginTag><![CDATA[]]></BeginTag>
        <EndTag><![CDATA[]]></EndTag>
      </Item>
      <Item ItemType="item"
      		ItemSignName=""
      		ItemIgnr="no"
      		ItemDesc="交易类型"
      		ElemName="Trxtyp"
      		ItemDlmt=""
      		AsciiFlag="yes"
      		DecLocale="0"
      		FixFlag="no"
      		ItemAdj="no"
      		ItemFill=""
      		LenDataFlag="no"
      		LenDataBytes=""
      		SubName=""
      		SubNodeName=""
      		RecNum=""
      		NotNull="yes"
      		PlatElemFlag="no"
      		EnCoding="UTF-8"
      		CDATAFlag="no">
        <ConstData><![CDATA[]]></ConstData>
        <ItemParseExpr><![CDATA[]]></ItemParseExpr>
        <ItemBuildExpr><![CDATA[]]></ItemBuildExpr>
        <LenDataParseExpr><![CDATA[]]></LenDataParseExpr>
        <LenDataBuildExpr><![CDATA[]]></LenDataBuildExpr>
        <LengthExpr><![CDATA[]]></LengthExpr>
        <SubExpr><![CDATA[]]></SubExpr>
        <BeginTag><![CDATA[]]></BeginTag>
        <EndTag><![CDATA[]]></EndTag>
      </Item>
      <Item ItemType="item"
      		ItemSignName=""
      		ItemIgnr="no"
      		ItemDesc="发起方所属机构标识"
      		ElemName="IssrId"
      		ItemDlmt=""
      		AsciiFlag="yes"
      		DecLocale="0"
      		FixFlag="no"
      		ItemAdj="no"
      		ItemFill=""
      		LenDataFlag="no"
      		LenDataBytes=""
      		SubName=""
      		SubNodeName=""
      		RecNum=""
      		NotNull="yes"
      		PlatElemFlag="no"
      		EnCoding="UTF-8"
      		CDATAFlag="no">
        <ConstData><![CDATA[]]></ConstData>
        <ItemParseExpr><![CDATA[]]></ItemParseExpr>
        <ItemBuildExpr><![CDATA[]]></ItemBuildExpr>
        <LenDataParseExpr><![CDATA[]]></LenDataParseExpr>
        <LenDataBuildExpr><![CDATA[]]></LenDataBuildExpr>
        <LengthExpr><![CDATA[]]></LengthExpr>
        <SubExpr><![CDATA[]]></SubExpr>
        <BeginTag><![CDATA[]]></BeginTag>
        <EndTag><![CDATA[]]></EndTag>
      </Item>
      <Item ItemType="item"
      		ItemSignName=""
      		ItemIgnr="no"
      		ItemDesc="报文方向"
      		ElemName="Drctn"
      		ItemDlmt=""
      		AsciiFlag="yes"
      		DecLocale="0"
      		FixFlag="no"
      		ItemAdj="no"
      		ItemFill=""
      		LenDataFlag="no"
      		LenDataBytes=""
      		SubName=""
      		SubNodeName=""
      		RecNum=""
      		NotNull="yes"
      		PlatElemFlag="no"
      		EnCoding="UTF-8"
      		CDATAFlag="no">
        <ConstData><![CDATA[]]></ConstData>
        <ItemParseExpr><![CDATA[]]></ItemParseExpr>
        <ItemBuildExpr><![CDATA[]]></ItemBuildExpr>
        <LenDataParseExpr><![CDATA[]]></LenDataParseExpr>
        <LenDataBuildExpr><![CDATA[]]></LenDataBuildExpr>
        <LengthExpr><![CDATA[]]></LengthExpr>
        <SubExpr><![CDATA[]]></SubExpr>
        <BeginTag><![CDATA[]]></BeginTag>
        <EndTag><![CDATA[]]></EndTag>
      </Item>
      <Item ItemType="item"
      		ItemSignName=""
      		ItemIgnr="no"
      		ItemDesc="签名证书序列号"
      		ElemName="SignSN"
      		ItemDlmt=""
      		AsciiFlag="yes"
      		DecLocale="0"
      		FixFlag="no"
      		ItemAdj="no"
      		ItemFill=""
      		LenDataFlag="no"
      		LenDataBytes=""
      		SubName=""
      		SubNodeName=""
      		RecNum=""
      		NotNull="yes"
      		PlatElemFlag="no"
      		EnCoding="UTF-8"
      		CDATAFlag="no">
        <ConstData><![CDATA[]]></ConstData>
        <ItemParseExpr><![CDATA[]]></ItemParseExpr>
        <ItemBuildExpr><![CDATA[]]></ItemBuildExpr>
        <LenDataParseExpr><![CDATA[]]></LenDataParseExpr>
        <LenDataBuildExpr><![CDATA[]]></LenDataBuildExpr>
        <LengthExpr><![CDATA[]]></LengthExpr>
        <SubExpr><![CDATA[]]></SubExpr>
        <BeginTag><![CDATA[]]></BeginTag>
        <EndTag><![CDATA[]]></EndTag>
      </Item>
      <Item ItemType="item"
      		ItemSignName=""
      		ItemIgnr="no"
      		ItemDesc="加密证书序列号"
      		ElemName="EncSN"
      		ItemDlmt=""
      		AsciiFlag="yes"
      		DecLocale="0"
      		FixFlag="no"
      		ItemAdj="no"
      		ItemFill=""
      		LenDataFlag="no"
      		LenDataBytes=""
      		SubName=""
      		SubNodeName=""
      		RecNum=""
      		NotNull="yes"
      		PlatElemFlag="no"
      		EnCoding="UTF-8"
      		CDATAFlag="no">
        <ConstData><![CDATA[]]></ConstData>
        <ItemParseExpr><![CDATA[]]></ItemParseExpr>
        <ItemBuildExpr><![CDATA[]]></ItemBuildExpr>
        <LenDataParseExpr><![CDATA[]]></LenDataParseExpr>
        <LenDataBuildExpr><![CDATA[]]></LenDataBuildExpr>
        <LengthExpr><![CDATA[]]></LengthExpr>
        <SubExpr><![CDATA[]]></SubExpr>
        <BeginTag><![CDATA[]]></BeginTag>
        <EndTag><![CDATA[]]></EndTag>
      </Item>
      <Item ItemType="item"
      		ItemSignName=""
      		ItemIgnr="no"
      		ItemDesc="敏感信息对称加密密钥"
      		ElemName="EncKey"
      		ItemDlmt=""
      		AsciiFlag="yes"
      		DecLocale="0"
      		FixFlag="no"
      		ItemAdj="no"
      		ItemFill=""
      		LenDataFlag="no"
      		LenDataBytes=""
      		SubName=""
      		SubNodeName=""
      		RecNum=""
      		NotNull="yes"
      		PlatElemFlag="no"
      		EnCoding="UTF-8"
      		CDATAFlag="no">
        <ConstData><![CDATA[]]></ConstData>
        <ItemParseExpr><![CDATA[]]></ItemParseExpr>
        <ItemBuildExpr><![CDATA[]]></ItemBuildExpr>
        <LenDataParseExpr><![CDATA[]]></LenDataParseExpr>
        <LenDataBuildExpr><![CDATA[]]></LenDataBuildExpr>
        <LengthExpr><![CDATA[]]></LengthExpr>
        <SubExpr><![CDATA[]]></SubExpr>
        <BeginTag><![CDATA[]]></BeginTag>
        <EndTag><![CDATA[]]></EndTag>
      </Item>
      <Item ItemType="item"
      		ItemSignName=""
      		ItemIgnr="no"
      		ItemDesc="摘要算法类型"
      		ElemName="MDAlgo"
      		ItemDlmt=""
      		AsciiFlag="yes"
      		DecLocale="0"
      		FixFlag="no"
      		ItemAdj="no"
      		ItemFill=""
      		LenDataFlag="no"
      		LenDataBytes=""
      		SubName=""
      		SubNodeName=""
      		RecNum=""
      		NotNull="yes"
      		PlatElemFlag="no"
      		EnCoding="UTF-8"
      		CDATAFlag="no">
        <ConstData><![CDATA[]]></ConstData>
        <ItemParseExpr><![CDATA[]]></ItemParseExpr>
        <ItemBuildExpr><![CDATA[]]></ItemBuildExpr>
        <LenDataParseExpr><![CDATA[]]></LenDataParseExpr>
        <LenDataBuildExpr><![CDATA[]]></LenDataBuildExpr>
        <LengthExpr><![CDATA[]]></LengthExpr>
        <SubExpr><![CDATA[]]></SubExpr>
        <BeginTag><![CDATA[]]></BeginTag>
        <EndTag><![CDATA[]]></EndTag>
      </Item>
      <Item ItemType="item"
      		ItemSignName=""
      		ItemIgnr="no"
      		ItemDesc="签名和密钥加密算法类型（注）"
      		ElemName="SignEncAlgo"
      		ItemDlmt=""
      		AsciiFlag="yes"
      		DecLocale="0"
      		FixFlag="no"
      		ItemAdj="no"
      		ItemFill=""
      		LenDataFlag="no"
      		LenDataBytes=""
      		SubName=""
      		SubNodeName=""
      		RecNum=""
      		NotNull="yes"
      		PlatElemFlag="no"
      		EnCoding="UTF-8"
      		CDATAFlag="no">
        <ConstData><![CDATA[]]></ConstData>
        <ItemParseExpr><![CDATA[]]></ItemParseExpr>
        <ItemBuildExpr><![CDATA[]]></ItemBuildExpr>
        <LenDataParseExpr><![CDATA[]]></LenDataParseExpr>
        <LenDataBuildExpr><![CDATA[]]></LenDataBuildExpr>
        <LengthExpr><![CDATA[]]></LengthExpr>
        <SubExpr><![CDATA[]]></SubExpr>
        <BeginTag><![CDATA[]]></BeginTag>
        <EndTag><![CDATA[]]></EndTag>
      </Item>
      <Item ItemType="item"
      		ItemSignName=""
      		ItemIgnr="no"
      		ItemDesc="对称加密算法类型"
      		ElemName="EncAlgo"
      		ItemDlmt=""
      		AsciiFlag="yes"
      		DecLocale="0"
      		FixFlag="no"
      		ItemAdj="no"
      		ItemFill=""
      		LenDataFlag="no"
      		LenDataBytes=""
      		SubName=""
      		SubNodeName=""
      		RecNum=""
      		NotNull="yes"
      		PlatElemFlag="no"
      		EnCoding="UTF-8"
      		CDATAFlag="no">
        <ConstData><![CDATA[]]></ConstData>
        <ItemParseExpr><![CDATA[]]></ItemParseExpr>
        <ItemBuildExpr><![CDATA[]]></ItemBuildExpr>
        <LenDataParseExpr><![CDATA[]]></LenDataParseExpr>
        <LenDataBuildExpr><![CDATA[]]></LenDataBuildExpr>
        <LengthExpr><![CDATA[]]></LengthExpr>
        <SubExpr><![CDATA[]]></SubExpr>
        <BeginTag><![CDATA[]]></BeginTag>
        <EndTag><![CDATA[]]></EndTag>
      </Item>
      <Item ItemType="fmt"
      		ItemSignName=""
      		ItemIgnr="no"
      		ItemDesc="报文头子格式"
      		ElemName=""
      		ItemDlmt=""
      		AsciiFlag="yes"
      		DecLocale="0"
      		FixFlag="no"
      		ItemAdj="no"
      		ItemFill=""
      		LenDataFlag="no"
      		LenDataBytes=""
      		SubName="Sub_Fmt_cup_CupHttpHead"
      		SubNodeName="CupHttpHead"
      		RecNum=""
      		NotNull="no"
      		PlatElemFlag="no"
      		EnCoding="UTF-8"
      		CDATAFlag="no">
        <ConstData><![CDATA[]]></ConstData>
        <ItemParseExpr><![CDATA[]]></ItemParseExpr>
        <ItemBuildExpr><![CDATA[]]></ItemBuildExpr>
        <LenDataParseExpr><![CDATA[]]></LenDataParseExpr>
        <LenDataBuildExpr><![CDATA[]]></LenDataBuildExpr>
        <LengthExpr><![CDATA[]]></LengthExpr>
        <SubExpr><![CDATA[]]></SubExpr>
        <BeginTag><![CDATA[]]></BeginTag>
        <EndTag><![CDATA[]]></EndTag>
      </Item>
    </ItemTab>
    <PlatElemMapTab RecNum="0"/>
  </Format>
  <Format FmtName="Sub_Fmt_cup_CupHttpHead"
  		FmtDesc="报文头子格式"
  		IOType="buf"
  		Compress=""
  		FmtType="xml"
  		SignName=""
  		BitMapType=""
  		VarityLen="no"
  		LengthBytes="0"
  		LengthDlmt=""
  		FileFmtType=""
  		EnCoding="UTF-8"
  		Comment=""
  		ElemName="CUP_HTTP_HEAD"
  		XMLType="Standard">
    <FileName><![CDATA[]]></FileName>
    <FilePath><![CDATA[]]></FilePath>
    <LengthParseExpr><![CDATA[]]></LengthParseExpr>
    <LengthBuildExpr><![CDATA[]]></LengthBuildExpr>
    <ParseExpr><![CDATA[]]></ParseExpr>
    <BuildExpr><![CDATA[]]></BuildExpr>
    <NodeClass Name="未分类"
    		Desc="未分类"/>
    <ItemTab RecNum="5">
      <Item ItemType="item"
      		ItemSignName=""
      		ItemIgnr="no"
      		ItemDesc="报文编号"
      		ElemName="MsgTp"
      		ItemDlmt=""
      		AsciiFlag="yes"
      		DecLocale="0"
      		FixFlag="no"
      		ItemAdj="no"
      		ItemFill=""
      		LenDataFlag="no"
      		LenDataBytes=""
      		SubName=""
      		SubNodeName=""
      		RecNum=""
      		NotNull="yes"
      		PlatElemFlag="no"
      		EnCoding="UTF-8"
      		CDATAFlag="no">
        <ConstData><![CDATA[]]></ConstData>
        <ItemParseExpr><![CDATA[]]></ItemParseExpr>
        <ItemBuildExpr><![CDATA[]]></ItemBuildExpr>
        <LenDataParseExpr><![CDATA[]]></LenDataParseExpr>
        <LenDataBuildExpr><![CDATA[]]></LenDataBuildExpr>
        <LengthExpr><![CDATA[]]></LengthExpr>
        <SubExpr><![CDATA[]]></SubExpr>
        <BeginTag><![CDATA[]]></BeginTag>
        <EndTag><![CDATA[]]></EndTag>
      </Item>
      <Item ItemType="item"
      		ItemSignName=""
      		ItemIgnr="no"
      		ItemDesc="报文初始发起方机构标识"
      		ElemName="OriIssrId"
      		ItemDlmt=""
      		AsciiFlag="yes"
      		DecLocale="0"
      		FixFlag="no"
      		ItemAdj="no"
      		ItemFill=""
      		LenDataFlag="no"
      		LenDataBytes=""
      		SubName=""
      		SubNodeName=""
      		RecNum=""
      		NotNull="yes"
      		PlatElemFlag="no"
      		EnCoding="UTF-8"
      		CDATAFlag="no">
        <ConstData><![CDATA[]]></ConstData>
        <ItemParseExpr><![CDATA[]]></ItemParseExpr>
        <ItemBuildExpr><![CDATA[]]></ItemBuildExpr>
        <LenDataParseExpr><![CDATA[]]></LenDataParseExpr>
        <LenDataBuildExpr><![CDATA[]]></LenDataBuildExpr>
        <LengthExpr><![CDATA[]]></LengthExpr>
        <SubExpr><![CDATA[]]></SubExpr>
        <BeginTag><![CDATA[]]></BeginTag>
        <EndTag><![CDATA[]]></EndTag>
      </Item>
      <Item ItemType="item"
      		ItemSignName=""
      		ItemIgnr="no"
      		ItemDesc="收单侧预留字段"
      		ElemName="SderReserved"
      		ItemDlmt=""
      		AsciiFlag="yes"
      		DecLocale="0"
      		FixFlag="no"
      		ItemAdj="no"
      		ItemFill=""
      		LenDataFlag="no"
      		LenDataBytes=""
      		SubName=""
      		SubNodeName=""
      		RecNum=""
      		NotNull="yes"
      		PlatElemFlag="no"
      		EnCoding="UTF-8"
      		CDATAFlag="no">
        <ConstData><![CDATA[]]></ConstData>
        <ItemParseExpr><![CDATA[]]></ItemParseExpr>
        <ItemBuildExpr><![CDATA[]]></ItemBuildExpr>
        <LenDataParseExpr><![CDATA[]]></LenDataParseExpr>
        <LenDataBuildExpr><![CDATA[]]></LenDataBuildExpr>
        <LengthExpr><![CDATA[]]></LengthExpr>
        <SubExpr><![CDATA[]]></SubExpr>
        <BeginTag><![CDATA[]]></BeginTag>
        <EndTag><![CDATA[]]></EndTag>
      </Item>
      <Item ItemType="item"
      		ItemSignName=""
      		ItemIgnr="no"
      		ItemDesc="发卡侧预留字段"
      		ElemName="RcverReserved"
      		ItemDlmt=""
      		AsciiFlag="yes"
      		DecLocale="0"
      		FixFlag="no"
      		ItemAdj="no"
      		ItemFill=""
      		LenDataFlag="no"
      		LenDataBytes=""
      		SubName=""
      		SubNodeName=""
      		RecNum=""
      		NotNull="yes"
      		PlatElemFlag="no"
      		EnCoding="UTF-8"
      		CDATAFlag="no">
        <ConstData><![CDATA[]]></ConstData>
        <ItemParseExpr><![CDATA[]]></ItemParseExpr>
        <ItemBuildExpr><![CDATA[]]></ItemBuildExpr>
        <LenDataParseExpr><![CDATA[]]></LenDataParseExpr>
        <LenDataBuildExpr><![CDATA[]]></LenDataBuildExpr>
        <LengthExpr><![CDATA[]]></LengthExpr>
        <SubExpr><![CDATA[]]></SubExpr>
        <BeginTag><![CDATA[]]></BeginTag>
        <EndTag><![CDATA[]]></EndTag>
      </Item>
      <Item ItemType="item"
      		ItemSignName=""
      		ItemIgnr="no"
      		ItemDesc="银联预留字段，前两个字段表示账户类型"
      		ElemName="CupsReserved"
      		ItemDlmt=""
      		AsciiFlag="yes"
      		DecLocale="0"
      		FixFlag="no"
      		ItemAdj="no"
      		ItemFill=""
      		LenDataFlag="no"
      		LenDataBytes=""
      		SubName=""
      		SubNodeName=""
      		RecNum=""
      		NotNull="yes"
      		PlatElemFlag="no"
      		EnCoding="UTF-8"
      		CDATAFlag="no">
        <ConstData><![CDATA[]]></ConstData>
        <ItemParseExpr><![CDATA[]]></ItemParseExpr>
        <ItemBuildExpr><![CDATA[]]></ItemBuildExpr>
        <LenDataParseExpr><![CDATA[]]></LenDataParseExpr>
        <LenDataBuildExpr><![CDATA[]]></LenDataBuildExpr>
        <LengthExpr><![CDATA[]]></LengthExpr>
        <SubExpr><![CDATA[]]></SubExpr>
        <BeginTag><![CDATA[]]></BeginTag>
        <EndTag><![CDATA[]]></EndTag>
      </Item>
    </ItemTab>
    <PlatElemMapTab RecNum="0"/>
  </Format>
</FormatTab>
