<?xml version="1.0" encoding="UTF-8"?>

<RouteTab>
  <RuleTab RecNum="1">
    <Rule RuleID="RUT_CUP_CLI"
    		RuleType="request">
      <NodeClass Name="未分类"
      		Desc="未分类"/>
      <SvcExpr><![CDATA[^.*$]]></SvcExpr>
      <RouteExpr><![CDATA[1]]></RouteExpr>
      <EntranceTab RecNum="1">
        <Entrance Desc="RUT_CUP_CLI"
        		Respond="yes"
        		DstType="NODE"
        		Destination="CUP_CLI"
        		SvcName=""
        		NodeName="CUP_CLI">
          <Expr><![CDATA[1]]></Expr>
        </Entrance>
      </EntranceTab>
    </Rule>
  </RuleTab>
</RouteTab>
