<?xml version="1.0" encoding="UTF-8"?>

<DataElementTab RecNum="4">
  <DataElement DataType="Struct"
  		ElemName="TRM_SVR_IN"
  		ElemDesc="核心协议报文对象"
  		NodeClassName="未分类"
  		NodeClassDesc="未分类"
  		XmlNodeName="TRM_SVR_IN_OUT_IN">
    <ItemTab RecNum="8">
      <Item ItemName="FileHead"
      		ItemDesc="服务码"
      		ItemType="DataDict"
      		TypeName="str_152bit"
      		ItemDeft=""
      		ElemType="No"
      		NodeType="Node"
      		Security="No"
      		EnumName =""
      		EnumKvp =""
      		RelateItemName ="">
        <ScopeExpr><![CDATA[]]></ScopeExpr>
      </Item>
      <Item ItemName="__GDTA_ITEMDATA_LENGTH"
      		ItemDesc="报文长度"
      		ItemType="DataDict"
      		TypeName="__GDTA_ITEMDATA_LENGTH"
      		ItemDeft=""
      		ElemType="No"
      		NodeType="Node"
      		Security="No"
      		EnumName =""
      		EnumKvp =""
      		RelateItemName ="">
        <ScopeExpr><![CDATA[]]></ScopeExpr>
      </Item>
      <Item ItemName="FileContent"
      		ItemDesc="通用DTA的报文字段数据"
      		ItemType="DataDict"
      		TypeName="__GDTA_ITEMDATA"
      		ItemDeft=""
      		ElemType="No"
      		NodeType="Node"
      		Security="No"
      		EnumName =""
      		EnumKvp =""
      		RelateItemName ="">
        <ScopeExpr><![CDATA[]]></ScopeExpr>
      </Item>
      <Item ItemName="MSG_HEAD"
      		ItemDesc="报文类型"
      		ItemType="DataDict"
      		TypeName="str_20bit"
      		ItemDeft=""
      		ElemType="No"
      		NodeType="Node"
      		Security="No"
      		EnumName =""
      		EnumKvp =""
      		RelateItemName ="">
        <ScopeExpr><![CDATA[]]></ScopeExpr>
      </Item>
      <Item ItemName="__GDTA_SVCNAME"
      		ItemDesc="交易码"
      		ItemType="DataDict"
      		TypeName="__GDTA_SVCNAME"
      		ItemDeft=""
      		ElemType="No"
      		NodeType="Node"
      		Security="No"
      		EnumName =""
      		EnumKvp =""
      		RelateItemName ="">
        <ScopeExpr><![CDATA[]]></ScopeExpr>
      </Item>
      <Item ItemName="FileFlag"
      		ItemDesc="文件传送标识"
      		ItemType="DataDict"
      		TypeName="str_1bit"
      		ItemDeft=""
      		ElemType="No"
      		NodeType="Node"
      		Security="No"
      		EnumName =""
      		EnumKvp =""
      		RelateItemName ="">
        <ScopeExpr><![CDATA[]]></ScopeExpr>
      </Item>
      <Item ItemName="__GDTA_ITEMDATA"
      		ItemDesc="交易报文"
      		ItemType="DataDict"
      		TypeName="__GDTA_ITEMDATA"
      		ItemDeft=""
      		ElemType="No"
      		NodeType="Node"
      		Security="No"
      		EnumName =""
      		EnumKvp =""
      		RelateItemName ="">
        <ScopeExpr><![CDATA[]]></ScopeExpr>
      </Item>
      <Item ItemName="AllLEN"
      		ItemDesc="4位通用整型"
      		ItemType="DataDict"
      		TypeName="int_4bit"
      		ItemDeft=""
      		ElemType="No"
      		Array="No"
      		NodeType="Node"
      		Security="No"
      		EnumName =""
      		EnumKvp =""
      		RelateItemName ="">
        <ScopeExpr><![CDATA[]]></ScopeExpr>
      </Item>
    </ItemTab>
  </DataElement>
  <DataElement DataType="Struct"
  		ElemName="TRM_SVR_OUT"
  		ElemDesc="核心协议报文对象"
  		NodeClassName="未分类"
  		NodeClassDesc="未分类"
  		XmlNodeName="TRM_SVR_OUT">
    <ItemTab RecNum="9">
      <Item ItemName="__GDTA_ITEMDATA_LENGTH"
      		ItemDesc="报文长度"
      		ItemType="DataDict"
      		TypeName="__GDTA_ITEMDATA_LENGTH"
      		ItemDeft=""
      		ElemType="No"
      		NodeType="Node"
      		Security="No"
      		EnumName =""
      		EnumKvp =""
      		RelateItemName ="">
        <ScopeExpr><![CDATA[]]></ScopeExpr>
      </Item>
      <Item ItemName="__GDTA_SVCNAME"
      		ItemDesc="交易码"
      		ItemType="DataDict"
      		TypeName="__GDTA_SVCNAME"
      		ItemDeft=""
      		ElemType="No"
      		NodeType="Node"
      		Security="No"
      		EnumName =""
      		EnumKvp =""
      		RelateItemName ="">
        <ScopeExpr><![CDATA[]]></ScopeExpr>
      </Item>
      <Item ItemName="_BRCH_NO"
      		ItemDesc="机构号"
      		ItemType="DataDict"
      		TypeName="str_5bit"
      		ItemDeft=""
      		ElemType="No"
      		NodeType="Node"
      		Security="No"
      		EnumName =""
      		EnumKvp =""
      		RelateItemName ="">
        <ScopeExpr><![CDATA[]]></ScopeExpr>
      </Item>
      <Item ItemName="TERM_NO"
      		ItemDesc="终端号"
      		ItemType="DataDict"
      		TypeName="str_9bit"
      		ItemDeft=""
      		ElemType="No"
      		NodeType="Node"
      		Security="No"
      		EnumName =""
      		EnumKvp =""
      		RelateItemName ="">
        <ScopeExpr><![CDATA[]]></ScopeExpr>
      </Item>
      <Item ItemName="__GDTA_MACDATA"
      		ItemDesc="报文校验码"
      		ItemType="DataDict"
      		TypeName="str_9bit"
      		ItemDeft=""
      		ElemType="No"
      		NodeType="Node"
      		Security="No"
      		EnumName =""
      		EnumKvp =""
      		RelateItemName ="">
        <ScopeExpr><![CDATA[]]></ScopeExpr>
      </Item>
      <Item ItemName="TYPE"
      		ItemDesc="标识"
      		ItemType="DataDict"
      		TypeName="str_1bit"
      		ItemDeft=""
      		ElemType="No"
      		NodeType="Node"
      		Security="No"
      		EnumName =""
      		EnumKvp =""
      		RelateItemName ="">
        <ScopeExpr><![CDATA[]]></ScopeExpr>
      </Item>
      <Item ItemName="_AGMT_NO"
      		ItemDesc="报文协议"
      		ItemType="DataDict"
      		TypeName="str_20bit"
      		ItemDeft=""
      		ElemType="No"
      		NodeType="Node"
      		Security="No"
      		EnumName =""
      		EnumKvp =""
      		RelateItemName ="">
        <ScopeExpr><![CDATA[]]></ScopeExpr>
      </Item>
      <Item ItemName="__GDTA_ITEMDATA"
      		ItemDesc="交易报文"
      		ItemType="DataDict"
      		TypeName="__GDTA_ITEMDATA"
      		ItemDeft=""
      		ElemType="No"
      		NodeType="Node"
      		Security="No"
      		EnumName =""
      		EnumKvp =""
      		RelateItemName ="">
        <ScopeExpr><![CDATA[]]></ScopeExpr>
      </Item>
      <Item ItemName="fmt_len"
      		ItemDesc="4位通用整型"
      		ItemType="DataDict"
      		TypeName="int_4bit"
      		ItemDeft=""
      		ElemType="No"
      		NodeType="Node"
      		Security="No"
      		EnumName =""
      		EnumKvp =""
      		RelateItemName ="">
        <ScopeExpr><![CDATA[]]></ScopeExpr>
      </Item>
    </ItemTab>
  </DataElement>
  <DataElement DataType="Struct"
  		ElemName="MNG_SVR_OUT"
  		ElemDesc="管理端协议响应报文对象"
  		NodeClassName="未分类"
  		NodeClassDesc="未分类"
  		XmlNodeName="MNG_SVR_OUT">
    <ItemTab RecNum="5">
      <Item ItemName="__GDTA_ITEMDATA_LENGTH"
      		ItemDesc="报文字段长度"
      		ItemType="DataDict"
      		TypeName="__GDTA_ITEMDATA_LENGTH"
      		ItemDeft=""
      		ElemType="No"
      		NodeType="Node"
      		Security="No"
      		EnumName =""
      		EnumKvp =""
      		RelateItemName ="">
        <ScopeExpr><![CDATA[]]></ScopeExpr>
      </Item>
      <Item ItemName="__GDTA_SVCNAME"
      		ItemDesc="服务名"
      		ItemType="DataDict"
      		TypeName="__GDTA_SVCNAME"
      		ItemDeft=""
      		ElemType="No"
      		NodeType="Node"
      		Security="No"
      		EnumName =""
      		EnumKvp =""
      		RelateItemName ="">
        <ScopeExpr><![CDATA[]]></ScopeExpr>
      </Item>
      <Item ItemName="__GDTA_ITEMDATA"
      		ItemDesc="通用DTA的报文字段数据"
      		ItemType="DataDict"
      		TypeName="__GDTA_ITEMDATA"
      		ItemDeft=""
      		ElemType="No"
      		NodeType="Node"
      		Security="No"
      		EnumName =""
      		EnumKvp =""
      		RelateItemName ="">
        <ScopeExpr><![CDATA[]]></ScopeExpr>
      </Item>
      <Item ItemName="ITP_ESB_MAC"
      		ItemDesc="DTA的报文MAC值"
      		ItemType="DataDict"
      		TypeName="str_16bit"
      		ItemDeft=""
      		ElemType="No"
      		NodeType="Node"
      		Security="No"
      		EnumName =""
      		EnumKvp =""
      		RelateItemName ="">
        <ScopeExpr><![CDATA[]]></ScopeExpr>
      </Item>
      <Item ItemName="FROM_NUM_CONST"
      		ItemDesc="协议报文常量"
      		ItemType="DataDict"
      		TypeName="str_32bit"
      		ItemDeft=""
      		ElemType="No"
      		NodeType="Node"
      		Security="No"
      		EnumName =""
      		EnumKvp =""
      		RelateItemName ="">
        <ScopeExpr><![CDATA[]]></ScopeExpr>
      </Item>
    </ItemTab>
  </DataElement>
  <DataElement DataType="Struct"
  		ElemName="MNG_SVR_IN"
  		ElemDesc="管理端协议请求报文对象"
  		NodeClassName="未分类"
  		NodeClassDesc="未分类"
  		XmlNodeName="MNG_SVR_IN">
    <ItemTab RecNum="5">
      <Item ItemName="__GDTA_ITEMDATA_LENGTH"
      		ItemDesc="报文字段长度"
      		ItemType="DataDict"
      		TypeName="__GDTA_ITEMDATA_LENGTH"
      		ItemDeft=""
      		ElemType="No"
      		NodeType="Node"
      		Security="No"
      		EnumName =""
      		EnumKvp =""
      		RelateItemName ="">
        <ScopeExpr><![CDATA[]]></ScopeExpr>
      </Item>
      <Item ItemName="__GDTA_SVCNAME"
      		ItemDesc="服务名"
      		ItemType="DataDict"
      		TypeName="__GDTA_SVCNAME"
      		ItemDeft=""
      		ElemType="No"
      		NodeType="Node"
      		Security="No"
      		EnumName =""
      		EnumKvp =""
      		RelateItemName ="">
        <ScopeExpr><![CDATA[]]></ScopeExpr>
      </Item>
      <Item ItemName="__GDTA_ITEMDATA"
      		ItemDesc="通用DTA的报文字段数据"
      		ItemType="DataDict"
      		TypeName="__GDTA_ITEMDATA"
      		ItemDeft=""
      		ElemType="No"
      		NodeType="Node"
      		Security="No"
      		EnumName =""
      		EnumKvp =""
      		RelateItemName ="">
        <ScopeExpr><![CDATA[]]></ScopeExpr>
      </Item>
      <Item ItemName="ITP_ESB_MAC"
      		ItemDesc="DTA的报文MAC值"
      		ItemType="DataDict"
      		TypeName="str_16bit"
      		ItemDeft=""
      		ElemType="No"
      		Array="No"
      		NodeType="Node"
      		Security="No"
      		EnumName =""
      		EnumKvp =""
      		RelateItemName ="">
        <ScopeExpr><![CDATA[]]></ScopeExpr>
      </Item>
      <Item ItemName="FROM_NUM_CONST"
      		ItemDesc="协议报文常量"
      		ItemType="DataDict"
      		TypeName="str_32bit"
      		ItemDeft=""
      		ElemType="No"
      		Array="No"
      		NodeType="Node"
      		Security="No"
      		EnumName =""
      		EnumKvp =""
      		RelateItemName ="">
        <ScopeExpr><![CDATA[]]></ScopeExpr>
      </Item>
    </ItemTab>
  </DataElement>
</DataElementTab>
