<?xml version="1.0" encoding="UTF-8"?>

<DataTransferAdapter Name="MNG_SVR"
		DTADesc="无卡支付系统标准服务端"
		ConsType="source"
		RoleType="request"
		ProtocolType="TCP"
		DBOpen="no"
		CnctType="short"
		TimeOut="35"
		ErrFmt=""
		IPrtcFmt="PFMT_TRM_SVR_IN"
		OPrtcFmt="PFMT_TRM_SVR_OUT"
		IFmt=""
		OFmt=""
		MaxRevsTms="0"
		MaxCompsTms="0"
		BelongDta=""
		NameSpace=""
		NameSpaceNS=""
		SoapBinding="R"
		IsHavePrefix="no"
		FMTSendBegin=""
		FMTRecvBegin="">
  <CustExpr><![CDATA[]]></CustExpr>
  <PrioExpr><![CDATA[]]></PrioExpr>
  <SvrIdExpr><![CDATA[]]></SvrIdExpr>
  <ErrOpn><![CDATA[]]></ErrOpn>
  <Session><![CDATA[]]></Session>
  <RevsInit><![CDATA[]]></RevsInit>
  <RevsSucc><![CDATA[]]></RevsSucc>
  <RevsFail><![CDATA[]]></RevsFail>
  <RevsCond><![CDATA[]]></RevsCond>
  <CompsInit><![CDATA[]]></CompsInit>
  <CompsSucc><![CDATA[]]></CompsSucc>
  <CompsFail><![CDATA[]]></CompsFail>
  <CompsCond><![CDATA[]]></CompsCond>
  <EvtInitEnd><![CDATA[]]></EvtInitEnd>
  <EvtTermBegin><![CDATA[]]></EvtTermBegin>
  <EvtIprtcfmtBegin><![CDATA[]]></EvtIprtcfmtBegin>
  <EvtIprtcfmtEnd><![CDATA[$__GDTA_FORMAT.__GDTA_SVCNAME="SWITCH";]]></EvtIprtcfmtEnd>
  <EvtOprtcfmtBegin><![CDATA[]]></EvtOprtcfmtBegin>
  <EvtOprtcfmtEnd><![CDATA[]]></EvtOprtcfmtEnd>
  <EvtIfmtBegin><![CDATA[]]></EvtIfmtBegin>
  <EvtIfmtEnd><![CDATA[@termPubBean.getChnNo();]]></EvtIfmtEnd>
  <EvtOfmtBegin><![CDATA[]]></EvtOfmtBegin>
  <EvtOfmtEnd><![CDATA[]]></EvtOfmtEnd>
  <EvtAcallBegin><![CDATA[]]></EvtAcallBegin>
  <EvtAcallEnd><![CDATA[]]></EvtAcallEnd>
  <EvtReturnBegin><![CDATA[]]></EvtReturnBegin>
  <EvtReturnEnd><![CDATA[]]></EvtReturnEnd>
  <EvtConvsvcBegin><![CDATA[]]></EvtConvsvcBegin>
  <EvtConvsvcEnd><![CDATA[]]></EvtConvsvcEnd>
  <EvtPfileBegin><![CDATA[]]></EvtPfileBegin>
  <EvtPfileEnd><![CDATA[]]></EvtPfileEnd>
  <EvtBfileBegin><![CDATA[]]></EvtBfileBegin>
  <EvtBfileEnd><![CDATA[]]></EvtBfileEnd>
  <EvtSfileBegin><![CDATA[]]></EvtSfileBegin>
  <EvtSfileEnd><![CDATA[]]></EvtSfileEnd>
  <EvtRfileBegin><![CDATA[]]></EvtRfileBegin>
  <EvtRfileEnd><![CDATA[]]></EvtRfileEnd>
  <NodeTab RecNum="0"/>
  <ErrTab RecNum="5">
    <ErrNode ErrCode="syserr_ok"
    		Desc="成功">
      <ErrExpr><![CDATA[]]></ErrExpr>
    </ErrNode>
    <ErrNode ErrCode="syserr_app"
    		Desc="应用返回错误">
      <ErrExpr><![CDATA[]]></ErrExpr>
    </ErrNode>
    <ErrNode ErrCode="syserr_req"
    		Desc="内部处理请求失败">
      <ErrExpr><![CDATA[]]></ErrExpr>
    </ErrNode>
    <ErrNode ErrCode="syserr_ack"
    		Desc="内部处理响应失败">
      <ErrExpr><![CDATA[]]></ErrExpr>
    </ErrNode>
    <ErrNode ErrCode="syserr_bus"
    		Desc="并发数超限">
      <ErrExpr><![CDATA[]]></ErrExpr>
    </ErrNode>
  </ErrTab>
  <CompileProperty ComType="S"
  		DTAInterface="com.adtec.starring.dta.protocol.tcp.SrcSockServer"
  		DTAFlowInterface="com.adtec.starring.dta.SrcDtaServiceFlow"
  		DTAFlowBean="tcpComm"
  		SFMTInterface="flowTypeMessageFormat"
  		XFMTInterface="xmlMessageTFormat"
  		JFMTInterface="jsonMessageFormat"
  		OFMTInterface="soapMessageFormat"
  		S8583FMTInterface="sign8583MessageFormat"
  		SFMLFMTInterface="signFmlMessageFormat"
  		SHttpFMTInterface="signHttpMessageFormat"
  		SHttpServletFMTInterface="signHttpServletMessageFormat"/>
  <HeartbeatFMT SendHeartbeatFMT=""
  		RecvHeartbeatFmt=""
  		RequestHeartbeatFmt=""
  		ResponseHeartbeatFmt=""
  		HeartbeatFmtTime="0">
    <HeartbeatExpr><![CDATA[]]></HeartbeatExpr>
  </HeartbeatFMT>
  <SvcAliasTab RecNum="0"/>
</DataTransferAdapter>
