<?xml version="1.0" encoding="UTF-8"?>

<RouteTab>
  <RuleTab RecNum="1">
    <Rule RuleID="RT_NCP"
    		RuleType="request">
      <NodeClass Name="未分类"
      		Desc="未分类"/>
      <SvcExpr><![CDATA[^.*$]]></SvcExpr>
      <RouteExpr><![CDATA[@busiPub.getMngSvrSvcName();]]></RouteExpr>
      <EntranceTab RecNum="8">
        <Entrance Desc="SCHK00010105"
        		Respond="yes"
        		DstType="ALA"
        		Destination="CHK"
        		SvcName="SCHK00010105"
        		NodeName="">
          <Expr><![CDATA[^8007$]]></Expr>
        </Entrance>
        <Entrance Desc="SCHK00010007"
        		Respond="yes"
        		DstType="ALA"
        		Destination="CHK"
        		SvcName="SCHK00010007"
        		NodeName="">
          <Expr><![CDATA[^8009$]]></Expr>
        </Entrance>
        <Entrance Desc="SQRY00610004"
        		Respond="yes"
        		DstType="ALA"
        		Destination="QRY"
        		SvcName="SQRY00610004"
        		NodeName="">
          <Expr><![CDATA[^8002$]]></Expr>
        </Entrance>
        <Entrance Desc="SCHK00010114"
        		Respond="yes"
        		DstType="ALA"
        		Destination="CHK"
        		SvcName="SCHK00010114"
        		NodeName="">
          <Expr><![CDATA[^8008$]]></Expr>
        </Entrance>
        <Entrance Desc="SQRY00610005"
        		Respond="yes"
        		DstType="ALA"
        		Destination="QRY"
        		SvcName="SQRY00610005"
        		NodeName="">
          <Expr><![CDATA[^8003$]]></Expr>
        </Entrance>
        <Entrance Desc="SCHK00010001"
        		Respond="yes"
        		DstType="ALA"
        		Destination="CHK"
        		SvcName="SCHK00010001"
        		NodeName="">
          <Expr><![CDATA[^8004$]]></Expr>
        </Entrance>
        <Entrance Desc="SCHK00010004"
        		Respond="yes"
        		DstType="ALA"
        		Destination="CHK"
        		SvcName="SCHK00010004"
        		NodeName="">
          <Expr><![CDATA[^8005$]]></Expr>
        </Entrance>
        <Entrance Desc="SQRY00610002"
        		Respond="yes"
        		DstType="ALA"
        		Destination="QRY"
        		SvcName="SQRY00610002"
        		NodeName="">
          <Expr><![CDATA[^8001$]]></Expr>
        </Entrance>
      </EntranceTab>
    </Rule>
  </RuleTab>
</RouteTab>
