<?xml version="1.0" encoding="UTF-8"?>

<SignTab RecNum="1">
  <Sign SignName="SIGN_TERM_8583_ALL"
  		SignDesc="8583标记"
  		SignType="sign_8583"
  		CtrlType="ctrltype_tag"
  		LengthBytes="0"
  		LengthDlmt=""
  		SignDlmt=""
  		DataDlmt=""
  		ElemName="ISO_8583">
    <LengthParseExpr><![CDATA[]]></LengthParseExpr>
    <LengthBuildExpr><![CDATA[]]></LengthBuildExpr>
    <NodeClass Name="未分类"
    		Desc="未分类"/>
    <ItemTab RecNum="127">
      <Item ItemSignName="iso_8583_002"
      		ItemDesc="代理机构/开户所"
      		ElemName="iso_8583_002"
      		AsciiFlag="yes"
      		DecLocale="0"
      		FixFlag="yes"
      		ItemAdj="left"
      		ItemFill="20"
      		LenDataFlag="no"
      		LengthBytes=""
      		LengthDlmt="">
        <LengthExpr><![CDATA[5]]></LengthExpr>
        <LenDataParseExpr><![CDATA[]]></LenDataParseExpr>
        <LenDataBuildExpr><![CDATA[]]></LenDataBuildExpr>
        <ParseExpr><![CDATA[]]></ParseExpr>
        <BuildExpr><![CDATA[]]></BuildExpr>
      </Item>
      <Item ItemSignName="iso_8583_003"
      		ItemDesc="发送机构/发生所"
      		ElemName="iso_8583_003"
      		AsciiFlag="yes"
      		DecLocale="0"
      		FixFlag="yes"
      		ItemAdj="left"
      		ItemFill="20"
      		LenDataFlag="no"
      		LengthBytes=""
      		LengthDlmt="">
        <LengthExpr><![CDATA[5]]></LengthExpr>
        <LenDataParseExpr><![CDATA[]]></LenDataParseExpr>
        <LenDataBuildExpr><![CDATA[]]></LenDataBuildExpr>
        <ParseExpr><![CDATA[]]></ParseExpr>
        <BuildExpr><![CDATA[]]></BuildExpr>
      </Item>
      <Item ItemSignName="iso_8583_004"
      		ItemDesc="流水号"
      		ElemName="iso_8583_004"
      		AsciiFlag="yes"
      		DecLocale="0"
      		FixFlag="yes"
      		ItemAdj="left"
      		ItemFill="20"
      		LenDataFlag="no"
      		LengthBytes=""
      		LengthDlmt="">
        <LengthExpr><![CDATA[6]]></LengthExpr>
        <LenDataParseExpr><![CDATA[]]></LenDataParseExpr>
        <LenDataBuildExpr><![CDATA[]]></LenDataBuildExpr>
        <ParseExpr><![CDATA[]]></ParseExpr>
        <BuildExpr><![CDATA[]]></BuildExpr>
      </Item>
      <Item ItemSignName="iso_8583_005"
      		ItemDesc="发生日期"
      		ElemName="iso_8583_005"
      		AsciiFlag="yes"
      		DecLocale="0"
      		FixFlag="yes"
      		ItemAdj="left"
      		ItemFill="20"
      		LenDataFlag="no"
      		LengthBytes=""
      		LengthDlmt="">
        <LengthExpr><![CDATA[8]]></LengthExpr>
        <LenDataParseExpr><![CDATA[]]></LenDataParseExpr>
        <LenDataBuildExpr><![CDATA[]]></LenDataBuildExpr>
        <ParseExpr><![CDATA[]]></ParseExpr>
        <BuildExpr><![CDATA[]]></BuildExpr>
      </Item>
      <Item ItemSignName="iso_8583_006"
      		ItemDesc="发生时间"
      		ElemName="iso_8583_006"
      		AsciiFlag="yes"
      		DecLocale="0"
      		FixFlag="yes"
      		ItemAdj="left"
      		ItemFill="20"
      		LenDataFlag="no"
      		LengthBytes=""
      		LengthDlmt="">
        <LengthExpr><![CDATA[6]]></LengthExpr>
        <LenDataParseExpr><![CDATA[]]></LenDataParseExpr>
        <LenDataBuildExpr><![CDATA[]]></LenDataBuildExpr>
        <ParseExpr><![CDATA[]]></ParseExpr>
        <BuildExpr><![CDATA[]]></BuildExpr>
      </Item>
      <Item ItemSignName="iso_8583_007"
      		ItemDesc="操作员号"
      		ElemName="iso_8583_007"
      		AsciiFlag="yes"
      		DecLocale="0"
      		FixFlag="yes"
      		ItemAdj="left"
      		ItemFill="20"
      		LenDataFlag="no"
      		LengthBytes=""
      		LengthDlmt="">
        <LengthExpr><![CDATA[6]]></LengthExpr>
        <LenDataParseExpr><![CDATA[]]></LenDataParseExpr>
        <LenDataBuildExpr><![CDATA[]]></LenDataBuildExpr>
        <ParseExpr><![CDATA[]]></ParseExpr>
        <BuildExpr><![CDATA[]]></BuildExpr>
      </Item>
      <Item ItemSignName="iso_8583_008"
      		ItemDesc="复核员"
      		ElemName="iso_8583_008"
      		AsciiFlag="yes"
      		DecLocale="0"
      		FixFlag="yes"
      		ItemAdj="left"
      		ItemFill="20"
      		LenDataFlag="no"
      		LengthBytes=""
      		LengthDlmt="">
        <LengthExpr><![CDATA[6]]></LengthExpr>
        <LenDataParseExpr><![CDATA[]]></LenDataParseExpr>
        <LenDataBuildExpr><![CDATA[]]></LenDataBuildExpr>
        <ParseExpr><![CDATA[]]></ParseExpr>
        <BuildExpr><![CDATA[]]></BuildExpr>
      </Item>
      <Item ItemSignName="iso_8583_009"
      		ItemDesc="授权人"
      		ElemName="iso_8583_009"
      		AsciiFlag="yes"
      		DecLocale="0"
      		FixFlag="no"
      		ItemAdj=""
      		ItemFill=""
      		LenDataFlag="yes"
      		LengthBytes="3"
      		LengthDlmt="">
        <LengthExpr><![CDATA[]]></LengthExpr>
        <LenDataParseExpr><![CDATA[]]></LenDataParseExpr>
        <LenDataBuildExpr><![CDATA[]]></LenDataBuildExpr>
        <ParseExpr><![CDATA[]]></ParseExpr>
        <BuildExpr><![CDATA[]]></BuildExpr>
      </Item>
      <Item ItemSignName="iso_8583_010"
      		ItemDesc="前台终端号"
      		ElemName="iso_8583_010"
      		AsciiFlag="yes"
      		DecLocale="0"
      		FixFlag="yes"
      		ItemAdj="left"
      		ItemFill="20"
      		LenDataFlag="no"
      		LengthBytes=""
      		LengthDlmt="">
        <LengthExpr><![CDATA[4]]></LengthExpr>
        <LenDataParseExpr><![CDATA[]]></LenDataParseExpr>
        <LenDataBuildExpr><![CDATA[]]></LenDataBuildExpr>
        <ParseExpr><![CDATA[]]></ParseExpr>
        <BuildExpr><![CDATA[]]></BuildExpr>
      </Item>
      <Item ItemSignName="iso_8583_011"
      		ItemDesc="批量传送标志"
      		ElemName="iso_8583_011"
      		AsciiFlag="yes"
      		DecLocale="0"
      		FixFlag="yes"
      		ItemAdj="left"
      		ItemFill="20"
      		LenDataFlag="no"
      		LengthBytes=""
      		LengthDlmt="">
        <LengthExpr><![CDATA[1]]></LengthExpr>
        <LenDataParseExpr><![CDATA[]]></LenDataParseExpr>
        <LenDataBuildExpr><![CDATA[]]></LenDataBuildExpr>
        <ParseExpr><![CDATA[]]></ParseExpr>
        <BuildExpr><![CDATA[]]></BuildExpr>
      </Item>
      <Item ItemSignName="iso_8583_012"
      		ItemDesc="响应代码"
      		ElemName="iso_8583_012"
      		AsciiFlag="yes"
      		DecLocale="0"
      		FixFlag="yes"
      		ItemAdj="left"
      		ItemFill="20"
      		LenDataFlag="no"
      		LengthBytes=""
      		LengthDlmt="">
        <LengthExpr><![CDATA[4]]></LengthExpr>
        <LenDataParseExpr><![CDATA[]]></LenDataParseExpr>
        <LenDataBuildExpr><![CDATA[]]></LenDataBuildExpr>
        <ParseExpr><![CDATA[]]></ParseExpr>
        <BuildExpr><![CDATA[]]></BuildExpr>
      </Item>
      <Item ItemSignName="iso_8583_013"
      		ItemDesc="返回信息"
      		ElemName="iso_8583_013"
      		AsciiFlag="yes"
      		DecLocale="0"
      		FixFlag="yes"
      		ItemAdj="left"
      		ItemFill="20"
      		LenDataFlag="no"
      		LengthBytes=""
      		LengthDlmt="">
        <LengthExpr><![CDATA[50]]></LengthExpr>
        <LenDataParseExpr><![CDATA[]]></LenDataParseExpr>
        <LenDataBuildExpr><![CDATA[]]></LenDataBuildExpr>
        <ParseExpr><![CDATA[]]></ParseExpr>
        <BuildExpr><![CDATA[]]></BuildExpr>
      </Item>
      <Item ItemSignName="iso_8583_014"
      		ItemDesc="授权码"
      		ElemName="iso_8583_014"
      		AsciiFlag="yes"
      		DecLocale="0"
      		FixFlag="yes"
      		ItemAdj="left"
      		ItemFill="20"
      		LenDataFlag="no"
      		LengthBytes=""
      		LengthDlmt="">
        <LengthExpr><![CDATA[8]]></LengthExpr>
        <LenDataParseExpr><![CDATA[]]></LenDataParseExpr>
        <LenDataBuildExpr><![CDATA[]]></LenDataBuildExpr>
        <ParseExpr><![CDATA[]]></ParseExpr>
        <BuildExpr><![CDATA[]]></BuildExpr>
      </Item>
      <Item ItemSignName="iso_8583_015"
      		ItemDesc="会计代码结构"
      		ElemName="iso_8583_015"
      		AsciiFlag="yes"
      		DecLocale="0"
      		FixFlag="no"
      		ItemAdj=""
      		ItemFill=""
      		LenDataFlag="yes"
      		LengthBytes="3"
      		LengthDlmt="">
        <LengthExpr><![CDATA[]]></LengthExpr>
        <LenDataParseExpr><![CDATA[]]></LenDataParseExpr>
        <LenDataBuildExpr><![CDATA[]]></LenDataBuildExpr>
        <ParseExpr><![CDATA[]]></ParseExpr>
        <BuildExpr><![CDATA[]]></BuildExpr>
      </Item>
      <Item ItemSignName="iso_8583_016"
      		ItemDesc="交易代码"
      		ElemName="iso_8583_016"
      		AsciiFlag="yes"
      		DecLocale="0"
      		FixFlag="yes"
      		ItemAdj="left"
      		ItemFill="20"
      		LenDataFlag="no"
      		LengthBytes=""
      		LengthDlmt="">
        <LengthExpr><![CDATA[4]]></LengthExpr>
        <LenDataParseExpr><![CDATA[]]></LenDataParseExpr>
        <LenDataBuildExpr><![CDATA[]]></LenDataBuildExpr>
        <ParseExpr><![CDATA[]]></ParseExpr>
        <BuildExpr><![CDATA[]]></BuildExpr>
      </Item>
      <Item ItemSignName="iso_8583_017"
      		ItemDesc="流水笔次"
      		ElemName="iso_8583_017"
      		AsciiFlag="yes"
      		DecLocale="0"
      		FixFlag="yes"
      		ItemAdj="left"
      		ItemFill="20"
      		LenDataFlag="no"
      		LengthBytes=""
      		LengthDlmt="">
        <LengthExpr><![CDATA[6]]></LengthExpr>
        <LenDataParseExpr><![CDATA[]]></LenDataParseExpr>
        <LenDataBuildExpr><![CDATA[]]></LenDataBuildExpr>
        <ParseExpr><![CDATA[]]></ParseExpr>
        <BuildExpr><![CDATA[]]></BuildExpr>
      </Item>
      <Item ItemSignName="iso_8583_018"
      		ItemDesc="子交易代码"
      		ElemName="iso_8583_018"
      		AsciiFlag="yes"
      		DecLocale="0"
      		FixFlag="yes"
      		ItemAdj="left"
      		ItemFill="20"
      		LenDataFlag="no"
      		LengthBytes=""
      		LengthDlmt="">
        <LengthExpr><![CDATA[4]]></LengthExpr>
        <LenDataParseExpr><![CDATA[]]></LenDataParseExpr>
        <LenDataBuildExpr><![CDATA[]]></LenDataBuildExpr>
        <ParseExpr><![CDATA[]]></ParseExpr>
        <BuildExpr><![CDATA[]]></BuildExpr>
      </Item>
      <Item ItemSignName="iso_8583_019"
      		ItemDesc="交易控制结构"
      		ElemName="iso_8583_019"
      		AsciiFlag="yes"
      		DecLocale="0"
      		FixFlag="no"
      		ItemAdj=""
      		ItemFill=""
      		LenDataFlag="yes"
      		LengthBytes="3"
      		LengthDlmt="">
        <LengthExpr><![CDATA[]]></LengthExpr>
        <LenDataParseExpr><![CDATA[]]></LenDataParseExpr>
        <LenDataBuildExpr><![CDATA[]]></LenDataBuildExpr>
        <ParseExpr><![CDATA[]]></ParseExpr>
        <BuildExpr><![CDATA[]]></BuildExpr>
      </Item>
      <Item ItemSignName="iso_8583_020"
      		ItemDesc="备用"
      		ElemName="iso_8583_020"
      		AsciiFlag="yes"
      		DecLocale="0"
      		FixFlag="yes"
      		ItemAdj="left"
      		ItemFill="20"
      		LenDataFlag="no"
      		LengthBytes=""
      		LengthDlmt="">
        <LengthExpr><![CDATA[1]]></LengthExpr>
        <LenDataParseExpr><![CDATA[]]></LenDataParseExpr>
        <LenDataBuildExpr><![CDATA[]]></LenDataBuildExpr>
        <ParseExpr><![CDATA[]]></ParseExpr>
        <BuildExpr><![CDATA[]]></BuildExpr>
      </Item>
      <Item ItemSignName="iso_8583_021"
      		ItemDesc="币种"
      		ElemName="iso_8583_021"
      		AsciiFlag="yes"
      		DecLocale="0"
      		FixFlag="yes"
      		ItemAdj="left"
      		ItemFill="20"
      		LenDataFlag="no"
      		LengthBytes=""
      		LengthDlmt="">
        <LengthExpr><![CDATA[2]]></LengthExpr>
        <LenDataParseExpr><![CDATA[]]></LenDataParseExpr>
        <LenDataBuildExpr><![CDATA[]]></LenDataBuildExpr>
        <ParseExpr><![CDATA[]]></ParseExpr>
        <BuildExpr><![CDATA[]]></BuildExpr>
      </Item>
      <Item ItemSignName="iso_8583_022"
      		ItemDesc="币种"
      		ElemName="iso_8583_022"
      		AsciiFlag="yes"
      		DecLocale="0"
      		FixFlag="yes"
      		ItemAdj="left"
      		ItemFill="20"
      		LenDataFlag="no"
      		LengthBytes=""
      		LengthDlmt="">
        <LengthExpr><![CDATA[2]]></LengthExpr>
        <LenDataParseExpr><![CDATA[]]></LenDataParseExpr>
        <LenDataBuildExpr><![CDATA[]]></LenDataBuildExpr>
        <ParseExpr><![CDATA[]]></ParseExpr>
        <BuildExpr><![CDATA[]]></BuildExpr>
      </Item>
      <Item ItemSignName="iso_8583_023"
      		ItemDesc="产品编号"
      		ElemName="iso_8583_023"
      		AsciiFlag="yes"
      		DecLocale="0"
      		FixFlag="yes"
      		ItemAdj="left"
      		ItemFill="20"
      		LenDataFlag="no"
      		LengthBytes=""
      		LengthDlmt="">
        <LengthExpr><![CDATA[3]]></LengthExpr>
        <LenDataParseExpr><![CDATA[]]></LenDataParseExpr>
        <LenDataBuildExpr><![CDATA[]]></LenDataBuildExpr>
        <ParseExpr><![CDATA[]]></ParseExpr>
        <BuildExpr><![CDATA[]]></BuildExpr>
      </Item>
      <Item ItemSignName="iso_8583_024"
      		ItemDesc="产品编号"
      		ElemName="iso_8583_024"
      		AsciiFlag="yes"
      		DecLocale="0"
      		FixFlag="yes"
      		ItemAdj="left"
      		ItemFill="20"
      		LenDataFlag="no"
      		LengthBytes=""
      		LengthDlmt="">
        <LengthExpr><![CDATA[3]]></LengthExpr>
        <LenDataParseExpr><![CDATA[]]></LenDataParseExpr>
        <LenDataBuildExpr><![CDATA[]]></LenDataBuildExpr>
        <ParseExpr><![CDATA[]]></ParseExpr>
        <BuildExpr><![CDATA[]]></BuildExpr>
      </Item>
      <Item ItemSignName="iso_8583_025"
      		ItemDesc="姓名"
      		ElemName="iso_8583_025"
      		AsciiFlag="yes"
      		DecLocale="0"
      		FixFlag="yes"
      		ItemAdj="left"
      		ItemFill="20"
      		LenDataFlag="no"
      		LengthBytes=""
      		LengthDlmt="">
        <LengthExpr><![CDATA[60]]></LengthExpr>
        <LenDataParseExpr><![CDATA[]]></LenDataParseExpr>
        <LenDataBuildExpr><![CDATA[]]></LenDataBuildExpr>
        <ParseExpr><![CDATA[]]></ParseExpr>
        <BuildExpr><![CDATA[]]></BuildExpr>
      </Item>
      <Item ItemSignName="iso_8583_026"
      		ItemDesc="姓名"
      		ElemName="iso_8583_026"
      		AsciiFlag="yes"
      		DecLocale="0"
      		FixFlag="yes"
      		ItemAdj="left"
      		ItemFill="20"
      		LenDataFlag="no"
      		LengthBytes=""
      		LengthDlmt="">
        <LengthExpr><![CDATA[60]]></LengthExpr>
        <LenDataParseExpr><![CDATA[]]></LenDataParseExpr>
        <LenDataBuildExpr><![CDATA[]]></LenDataBuildExpr>
        <ParseExpr><![CDATA[]]></ParseExpr>
        <BuildExpr><![CDATA[]]></BuildExpr>
      </Item>
      <Item ItemSignName="iso_8583_027"
      		ItemDesc="姓名"
      		ElemName="iso_8583_027"
      		AsciiFlag="yes"
      		DecLocale="0"
      		FixFlag="yes"
      		ItemAdj="left"
      		ItemFill="20"
      		LenDataFlag="no"
      		LengthBytes=""
      		LengthDlmt="">
        <LengthExpr><![CDATA[60]]></LengthExpr>
        <LenDataParseExpr><![CDATA[]]></LenDataParseExpr>
        <LenDataBuildExpr><![CDATA[]]></LenDataBuildExpr>
        <ParseExpr><![CDATA[]]></ParseExpr>
        <BuildExpr><![CDATA[]]></BuildExpr>
      </Item>
      <Item ItemSignName="iso_8583_028"
      		ItemDesc="客户号"
      		ElemName="iso_8583_028"
      		AsciiFlag="yes"
      		DecLocale="0"
      		FixFlag="yes"
      		ItemAdj="left"
      		ItemFill="20"
      		LenDataFlag="no"
      		LengthBytes=""
      		LengthDlmt="">
        <LengthExpr><![CDATA[8]]></LengthExpr>
        <LenDataParseExpr><![CDATA[]]></LenDataParseExpr>
        <LenDataBuildExpr><![CDATA[]]></LenDataBuildExpr>
        <ParseExpr><![CDATA[]]></ParseExpr>
        <BuildExpr><![CDATA[]]></BuildExpr>
      </Item>
      <Item ItemSignName="iso_8583_029"
      		ItemDesc="客户号"
      		ElemName="iso_8583_029"
      		AsciiFlag="yes"
      		DecLocale="0"
      		FixFlag="yes"
      		ItemAdj="left"
      		ItemFill="20"
      		LenDataFlag="no"
      		LengthBytes=""
      		LengthDlmt="">
        <LengthExpr><![CDATA[8]]></LengthExpr>
        <LenDataParseExpr><![CDATA[]]></LenDataParseExpr>
        <LenDataBuildExpr><![CDATA[]]></LenDataBuildExpr>
        <ParseExpr><![CDATA[]]></ParseExpr>
        <BuildExpr><![CDATA[]]></BuildExpr>
      </Item>
      <Item ItemSignName="iso_8583_030"
      		ItemDesc="账号"
      		ElemName="iso_8583_030"
      		AsciiFlag="yes"
      		DecLocale="0"
      		FixFlag="yes"
      		ItemAdj="left"
      		ItemFill="20"
      		LenDataFlag="no"
      		LengthBytes=""
      		LengthDlmt="">
        <LengthExpr><![CDATA[24]]></LengthExpr>
        <LenDataParseExpr><![CDATA[]]></LenDataParseExpr>
        <LenDataBuildExpr><![CDATA[]]></LenDataBuildExpr>
        <ParseExpr><![CDATA[]]></ParseExpr>
        <BuildExpr><![CDATA[]]></BuildExpr>
      </Item>
      <Item ItemSignName="iso_8583_031"
      		ItemDesc="账号"
      		ElemName="iso_8583_031"
      		AsciiFlag="yes"
      		DecLocale="0"
      		FixFlag="yes"
      		ItemAdj="left"
      		ItemFill="20"
      		LenDataFlag="no"
      		LengthBytes=""
      		LengthDlmt="">
        <LengthExpr><![CDATA[24]]></LengthExpr>
        <LenDataParseExpr><![CDATA[]]></LenDataParseExpr>
        <LenDataBuildExpr><![CDATA[]]></LenDataBuildExpr>
        <ParseExpr><![CDATA[]]></ParseExpr>
        <BuildExpr><![CDATA[]]></BuildExpr>
      </Item>
      <Item ItemSignName="iso_8583_032"
      		ItemDesc="账号"
      		ElemName="iso_8583_032"
      		AsciiFlag="yes"
      		DecLocale="0"
      		FixFlag="yes"
      		ItemAdj="left"
      		ItemFill="20"
      		LenDataFlag="no"
      		LengthBytes=""
      		LengthDlmt="">
        <LengthExpr><![CDATA[24]]></LengthExpr>
        <LenDataParseExpr><![CDATA[]]></LenDataParseExpr>
        <LenDataBuildExpr><![CDATA[]]></LenDataBuildExpr>
        <ParseExpr><![CDATA[]]></ParseExpr>
        <BuildExpr><![CDATA[]]></BuildExpr>
      </Item>
      <Item ItemSignName="iso_8583_033"
      		ItemDesc="账号2"
      		ElemName="iso_8583_033"
      		AsciiFlag="yes"
      		DecLocale="0"
      		FixFlag="yes"
      		ItemAdj="left"
      		ItemFill="20"
      		LenDataFlag="no"
      		LengthBytes=""
      		LengthDlmt="">
        <LengthExpr><![CDATA[24]]></LengthExpr>
        <LenDataParseExpr><![CDATA[]]></LenDataParseExpr>
        <LenDataBuildExpr><![CDATA[]]></LenDataBuildExpr>
        <ParseExpr><![CDATA[]]></ParseExpr>
        <BuildExpr><![CDATA[]]></BuildExpr>
      </Item>
      <Item ItemSignName="iso_8583_034"
      		ItemDesc="账户序号"
      		ElemName="iso_8583_034"
      		AsciiFlag="yes"
      		DecLocale="0"
      		FixFlag="yes"
      		ItemAdj="left"
      		ItemFill="20"
      		LenDataFlag="no"
      		LengthBytes=""
      		LengthDlmt="">
        <LengthExpr><![CDATA[4]]></LengthExpr>
        <LenDataParseExpr><![CDATA[]]></LenDataParseExpr>
        <LenDataBuildExpr><![CDATA[]]></LenDataBuildExpr>
        <ParseExpr><![CDATA[]]></ParseExpr>
        <BuildExpr><![CDATA[]]></BuildExpr>
      </Item>
      <Item ItemSignName="iso_8583_035"
      		ItemDesc="账户序号"
      		ElemName="iso_8583_035"
      		AsciiFlag="yes"
      		DecLocale="0"
      		FixFlag="yes"
      		ItemAdj="left"
      		ItemFill="20"
      		LenDataFlag="no"
      		LengthBytes=""
      		LengthDlmt="">
        <LengthExpr><![CDATA[4]]></LengthExpr>
        <LenDataParseExpr><![CDATA[]]></LenDataParseExpr>
        <LenDataBuildExpr><![CDATA[]]></LenDataBuildExpr>
        <ParseExpr><![CDATA[]]></ParseExpr>
        <BuildExpr><![CDATA[]]></BuildExpr>
      </Item>
      <Item ItemSignName="iso_8583_036"
      		ItemDesc="账户序号"
      		ElemName="iso_8583_036"
      		AsciiFlag="yes"
      		DecLocale="0"
      		FixFlag="yes"
      		ItemAdj="left"
      		ItemFill="20"
      		LenDataFlag="no"
      		LengthBytes=""
      		LengthDlmt="">
        <LengthExpr><![CDATA[4]]></LengthExpr>
        <LenDataParseExpr><![CDATA[]]></LenDataParseExpr>
        <LenDataBuildExpr><![CDATA[]]></LenDataBuildExpr>
        <ParseExpr><![CDATA[]]></ParseExpr>
        <BuildExpr><![CDATA[]]></BuildExpr>
      </Item>
      <Item ItemSignName="iso_8583_037"
      		ItemDesc="卡号"
      		ElemName="iso_8583_037"
      		AsciiFlag="yes"
      		DecLocale="0"
      		FixFlag="yes"
      		ItemAdj="left"
      		ItemFill="20"
      		LenDataFlag="no"
      		LengthBytes=""
      		LengthDlmt="">
        <LengthExpr><![CDATA[20]]></LengthExpr>
        <LenDataParseExpr><![CDATA[]]></LenDataParseExpr>
        <LenDataBuildExpr><![CDATA[]]></LenDataBuildExpr>
        <ParseExpr><![CDATA[]]></ParseExpr>
        <BuildExpr><![CDATA[]]></BuildExpr>
      </Item>
      <Item ItemSignName="iso_8583_038"
      		ItemDesc="卡号"
      		ElemName="iso_8583_038"
      		AsciiFlag="yes"
      		DecLocale="0"
      		FixFlag="yes"
      		ItemAdj="left"
      		ItemFill="20"
      		LenDataFlag="no"
      		LengthBytes=""
      		LengthDlmt="">
        <LengthExpr><![CDATA[20]]></LengthExpr>
        <LenDataParseExpr><![CDATA[]]></LenDataParseExpr>
        <LenDataBuildExpr><![CDATA[]]></LenDataBuildExpr>
        <ParseExpr><![CDATA[]]></ParseExpr>
        <BuildExpr><![CDATA[]]></BuildExpr>
      </Item>
      <Item ItemSignName="iso_8583_039"
      		ItemDesc="金额３"
      		ElemName="iso_8583_039"
      		AsciiFlag="yes"
      		DecLocale="0"
      		FixFlag="yes"
      		ItemAdj="right"
      		ItemFill="30"
      		LenDataFlag="no"
      		LengthBytes=""
      		LengthDlmt="">
        <LengthExpr><![CDATA[16]]></LengthExpr>
        <LenDataParseExpr><![CDATA[]]></LenDataParseExpr>
        <LenDataBuildExpr><![CDATA[]]></LenDataBuildExpr>
        <ParseExpr><![CDATA[]]></ParseExpr>
        <BuildExpr><![CDATA[]]></BuildExpr>
      </Item>
      <Item ItemSignName="iso_8583_040"
      		ItemDesc="金额"
      		ElemName="iso_8583_040"
      		AsciiFlag="yes"
      		DecLocale="0"
      		FixFlag="yes"
      		ItemAdj="right"
      		ItemFill="30"
      		LenDataFlag="no"
      		LengthBytes=""
      		LengthDlmt="">
        <LengthExpr><![CDATA[16]]></LengthExpr>
        <LenDataParseExpr><![CDATA[]]></LenDataParseExpr>
        <LenDataBuildExpr><![CDATA[]]></LenDataBuildExpr>
        <ParseExpr><![CDATA[]]></ParseExpr>
        <BuildExpr><![CDATA[]]></BuildExpr>
      </Item>
      <Item ItemSignName="iso_8583_041"
      		ItemDesc="批量笔数"
      		ElemName="iso_8583_041"
      		AsciiFlag="yes"
      		DecLocale="0"
      		FixFlag="yes"
      		ItemAdj="right"
      		ItemFill="30"
      		LenDataFlag="no"
      		LengthBytes=""
      		LengthDlmt="">
        <LengthExpr><![CDATA[16]]></LengthExpr>
        <LenDataParseExpr><![CDATA[]]></LenDataParseExpr>
        <LenDataBuildExpr><![CDATA[]]></LenDataBuildExpr>
        <ParseExpr><![CDATA[]]></ParseExpr>
        <BuildExpr><![CDATA[]]></BuildExpr>
      </Item>
      <Item ItemSignName="iso_8583_042"
      		ItemDesc="批量笔数"
      		ElemName="iso_8583_042"
      		AsciiFlag="yes"
      		DecLocale="0"
      		FixFlag="yes"
      		ItemAdj="right"
      		ItemFill="30"
      		LenDataFlag="no"
      		LengthBytes=""
      		LengthDlmt="">
        <LengthExpr><![CDATA[16]]></LengthExpr>
        <LenDataParseExpr><![CDATA[]]></LenDataParseExpr>
        <LenDataBuildExpr><![CDATA[]]></LenDataBuildExpr>
        <ParseExpr><![CDATA[]]></ParseExpr>
        <BuildExpr><![CDATA[]]></BuildExpr>
      </Item>
      <Item ItemSignName="iso_8583_043"
      		ItemDesc="批量笔数"
      		ElemName="iso_8583_043"
      		AsciiFlag="yes"
      		DecLocale="0"
      		FixFlag="yes"
      		ItemAdj="right"
      		ItemFill="30"
      		LenDataFlag="no"
      		LengthBytes=""
      		LengthDlmt="">
        <LengthExpr><![CDATA[16]]></LengthExpr>
        <LenDataParseExpr><![CDATA[]]></LenDataParseExpr>
        <LenDataBuildExpr><![CDATA[]]></LenDataBuildExpr>
        <ParseExpr><![CDATA[]]></ParseExpr>
        <BuildExpr><![CDATA[]]></BuildExpr>
      </Item>
      <Item ItemSignName="iso_8583_044"
      		ItemDesc="日期1"
      		ElemName="iso_8583_044"
      		AsciiFlag="yes"
      		DecLocale="0"
      		FixFlag="yes"
      		ItemAdj="left"
      		ItemFill="20"
      		LenDataFlag="no"
      		LengthBytes=""
      		LengthDlmt="">
        <LengthExpr><![CDATA[8]]></LengthExpr>
        <LenDataParseExpr><![CDATA[]]></LenDataParseExpr>
        <LenDataBuildExpr><![CDATA[]]></LenDataBuildExpr>
        <ParseExpr><![CDATA[]]></ParseExpr>
        <BuildExpr><![CDATA[]]></BuildExpr>
      </Item>
      <Item ItemSignName="iso_8583_045"
      		ItemDesc="日期2"
      		ElemName="iso_8583_045"
      		AsciiFlag="yes"
      		DecLocale="0"
      		FixFlag="yes"
      		ItemAdj="left"
      		ItemFill="20"
      		LenDataFlag="no"
      		LengthBytes=""
      		LengthDlmt="">
        <LengthExpr><![CDATA[8]]></LengthExpr>
        <LenDataParseExpr><![CDATA[]]></LenDataParseExpr>
        <LenDataBuildExpr><![CDATA[]]></LenDataBuildExpr>
        <ParseExpr><![CDATA[]]></ParseExpr>
        <BuildExpr><![CDATA[]]></BuildExpr>
      </Item>
      <Item ItemSignName="iso_8583_046"
      		ItemDesc="日期"
      		ElemName="iso_8583_046"
      		AsciiFlag="yes"
      		DecLocale="0"
      		FixFlag="yes"
      		ItemAdj="left"
      		ItemFill="20"
      		LenDataFlag="no"
      		LengthBytes=""
      		LengthDlmt="">
        <LengthExpr><![CDATA[8]]></LengthExpr>
        <LenDataParseExpr><![CDATA[]]></LenDataParseExpr>
        <LenDataBuildExpr><![CDATA[]]></LenDataBuildExpr>
        <ParseExpr><![CDATA[]]></ParseExpr>
        <BuildExpr><![CDATA[]]></BuildExpr>
      </Item>
      <Item ItemSignName="iso_8583_047"
      		ItemDesc="日期"
      		ElemName="iso_8583_047"
      		AsciiFlag="yes"
      		DecLocale="0"
      		FixFlag="yes"
      		ItemAdj="left"
      		ItemFill="20"
      		LenDataFlag="no"
      		LengthBytes=""
      		LengthDlmt="">
        <LengthExpr><![CDATA[8]]></LengthExpr>
        <LenDataParseExpr><![CDATA[]]></LenDataParseExpr>
        <LenDataBuildExpr><![CDATA[]]></LenDataBuildExpr>
        <ParseExpr><![CDATA[]]></ParseExpr>
        <BuildExpr><![CDATA[]]></BuildExpr>
      </Item>
      <Item ItemSignName="iso_8583_048"
      		ItemDesc="短整数2"
      		ElemName="iso_8583_048"
      		AsciiFlag="yes"
      		DecLocale="0"
      		FixFlag="yes"
      		ItemAdj="right"
      		ItemFill="30"
      		LenDataFlag="no"
      		LengthBytes=""
      		LengthDlmt="">
        <LengthExpr><![CDATA[4]]></LengthExpr>
        <LenDataParseExpr><![CDATA[]]></LenDataParseExpr>
        <LenDataBuildExpr><![CDATA[]]></LenDataBuildExpr>
        <ParseExpr><![CDATA[]]></ParseExpr>
        <BuildExpr><![CDATA[]]></BuildExpr>
      </Item>
      <Item ItemSignName="iso_8583_049"
      		ItemDesc="序号"
      		ElemName="iso_8583_049"
      		AsciiFlag="yes"
      		DecLocale="0"
      		FixFlag="yes"
      		ItemAdj="right"
      		ItemFill="30"
      		LenDataFlag="no"
      		LengthBytes=""
      		LengthDlmt="">
        <LengthExpr><![CDATA[4]]></LengthExpr>
        <LenDataParseExpr><![CDATA[]]></LenDataParseExpr>
        <LenDataBuildExpr><![CDATA[]]></LenDataBuildExpr>
        <ParseExpr><![CDATA[]]></ParseExpr>
        <BuildExpr><![CDATA[]]></BuildExpr>
      </Item>
      <Item ItemSignName="iso_8583_050"
      		ItemDesc="短整数1"
      		ElemName="iso_8583_050"
      		AsciiFlag="yes"
      		DecLocale="0"
      		FixFlag="yes"
      		ItemAdj="right"
      		ItemFill="30"
      		LenDataFlag="no"
      		LengthBytes=""
      		LengthDlmt="">
        <LengthExpr><![CDATA[3]]></LengthExpr>
        <LenDataParseExpr><![CDATA[]]></LenDataParseExpr>
        <LenDataBuildExpr><![CDATA[]]></LenDataBuildExpr>
        <ParseExpr><![CDATA[]]></ParseExpr>
        <BuildExpr><![CDATA[]]></BuildExpr>
      </Item>
      <Item ItemSignName="iso_8583_051"
      		ItemDesc="短整数1"
      		ElemName="iso_8583_051"
      		AsciiFlag="yes"
      		DecLocale="0"
      		FixFlag="yes"
      		ItemAdj="right"
      		ItemFill="30"
      		LenDataFlag="no"
      		LengthBytes=""
      		LengthDlmt="">
        <LengthExpr><![CDATA[3]]></LengthExpr>
        <LenDataParseExpr><![CDATA[]]></LenDataParseExpr>
        <LenDataBuildExpr><![CDATA[]]></LenDataBuildExpr>
        <ParseExpr><![CDATA[]]></ParseExpr>
        <BuildExpr><![CDATA[]]></BuildExpr>
      </Item>
      <Item ItemSignName="iso_8583_052"
      		ItemDesc="整数１"
      		ElemName="iso_8583_052"
      		AsciiFlag="yes"
      		DecLocale="0"
      		FixFlag="yes"
      		ItemAdj="right"
      		ItemFill="30"
      		LenDataFlag="no"
      		LengthBytes=""
      		LengthDlmt="">
        <LengthExpr><![CDATA[12]]></LengthExpr>
        <LenDataParseExpr><![CDATA[]]></LenDataParseExpr>
        <LenDataBuildExpr><![CDATA[]]></LenDataBuildExpr>
        <ParseExpr><![CDATA[]]></ParseExpr>
        <BuildExpr><![CDATA[]]></BuildExpr>
      </Item>
      <Item ItemSignName="iso_8583_053"
      		ItemDesc="整数2"
      		ElemName="iso_8583_053"
      		AsciiFlag="yes"
      		DecLocale="0"
      		FixFlag="yes"
      		ItemAdj="right"
      		ItemFill="30"
      		LenDataFlag="no"
      		LengthBytes=""
      		LengthDlmt="">
        <LengthExpr><![CDATA[10]]></LengthExpr>
        <LenDataParseExpr><![CDATA[]]></LenDataParseExpr>
        <LenDataBuildExpr><![CDATA[]]></LenDataBuildExpr>
        <ParseExpr><![CDATA[]]></ParseExpr>
        <BuildExpr><![CDATA[]]></BuildExpr>
      </Item>
      <Item ItemSignName="iso_8583_054"
      		ItemDesc="整数3"
      		ElemName="iso_8583_054"
      		AsciiFlag="yes"
      		DecLocale="0"
      		FixFlag="yes"
      		ItemAdj="right"
      		ItemFill="30"
      		LenDataFlag="no"
      		LengthBytes=""
      		LengthDlmt="">
        <LengthExpr><![CDATA[10]]></LengthExpr>
        <LenDataParseExpr><![CDATA[]]></LenDataParseExpr>
        <LenDataBuildExpr><![CDATA[]]></LenDataBuildExpr>
        <ParseExpr><![CDATA[]]></ParseExpr>
        <BuildExpr><![CDATA[]]></BuildExpr>
      </Item>
      <Item ItemSignName="iso_8583_055"
      		ItemDesc="整数4"
      		ElemName="iso_8583_055"
      		AsciiFlag="yes"
      		DecLocale="0"
      		FixFlag="yes"
      		ItemAdj="right"
      		ItemFill="30"
      		LenDataFlag="no"
      		LengthBytes=""
      		LengthDlmt="">
        <LengthExpr><![CDATA[10]]></LengthExpr>
        <LenDataParseExpr><![CDATA[]]></LenDataParseExpr>
        <LenDataBuildExpr><![CDATA[]]></LenDataBuildExpr>
        <ParseExpr><![CDATA[]]></ParseExpr>
        <BuildExpr><![CDATA[]]></BuildExpr>
      </Item>
      <Item ItemSignName="iso_8583_056"
      		ItemDesc="利息/积数1"
      		ElemName="iso_8583_056"
      		AsciiFlag="yes"
      		DecLocale="0"
      		FixFlag="yes"
      		ItemAdj="right"
      		ItemFill="30"
      		LenDataFlag="no"
      		LengthBytes=""
      		LengthDlmt="">
        <LengthExpr><![CDATA[19]]></LengthExpr>
        <LenDataParseExpr><![CDATA[]]></LenDataParseExpr>
        <LenDataBuildExpr><![CDATA[]]></LenDataBuildExpr>
        <ParseExpr><![CDATA[]]></ParseExpr>
        <BuildExpr><![CDATA[]]></BuildExpr>
      </Item>
      <Item ItemSignName="iso_8583_057"
      		ItemDesc="利息/积数2"
      		ElemName="iso_8583_057"
      		AsciiFlag="yes"
      		DecLocale="0"
      		FixFlag="yes"
      		ItemAdj="right"
      		ItemFill="30"
      		LenDataFlag="no"
      		LengthBytes=""
      		LengthDlmt="">
        <LengthExpr><![CDATA[19]]></LengthExpr>
        <LenDataParseExpr><![CDATA[]]></LenDataParseExpr>
        <LenDataBuildExpr><![CDATA[]]></LenDataBuildExpr>
        <ParseExpr><![CDATA[]]></ParseExpr>
        <BuildExpr><![CDATA[]]></BuildExpr>
      </Item>
      <Item ItemSignName="iso_8583_058"
      		ItemDesc="凭证号"
      		ElemName="iso_8583_058"
      		AsciiFlag="yes"
      		DecLocale="0"
      		FixFlag="yes"
      		ItemAdj="left"
      		ItemFill="20"
      		LenDataFlag="no"
      		LengthBytes=""
      		LengthDlmt="">
        <LengthExpr><![CDATA[16]]></LengthExpr>
        <LenDataParseExpr><![CDATA[]]></LenDataParseExpr>
        <LenDataBuildExpr><![CDATA[]]></LenDataBuildExpr>
        <ParseExpr><![CDATA[]]></ParseExpr>
        <BuildExpr><![CDATA[]]></BuildExpr>
      </Item>
      <Item ItemSignName="iso_8583_059"
      		ItemDesc="凭证号1"
      		ElemName="iso_8583_059"
      		AsciiFlag="yes"
      		DecLocale="0"
      		FixFlag="yes"
      		ItemAdj="left"
      		ItemFill="20"
      		LenDataFlag="no"
      		LengthBytes=""
      		LengthDlmt="">
        <LengthExpr><![CDATA[16]]></LengthExpr>
        <LenDataParseExpr><![CDATA[]]></LenDataParseExpr>
        <LenDataBuildExpr><![CDATA[]]></LenDataBuildExpr>
        <ParseExpr><![CDATA[]]></ParseExpr>
        <BuildExpr><![CDATA[]]></BuildExpr>
      </Item>
      <Item ItemSignName="iso_8583_060"
      		ItemDesc="凭证号1"
      		ElemName="iso_8583_060"
      		AsciiFlag="yes"
      		DecLocale="0"
      		FixFlag="yes"
      		ItemAdj="left"
      		ItemFill="20"
      		LenDataFlag="no"
      		LengthBytes=""
      		LengthDlmt="">
        <LengthExpr><![CDATA[16]]></LengthExpr>
        <LenDataParseExpr><![CDATA[]]></LenDataParseExpr>
        <LenDataBuildExpr><![CDATA[]]></LenDataBuildExpr>
        <ParseExpr><![CDATA[]]></ParseExpr>
        <BuildExpr><![CDATA[]]></BuildExpr>
      </Item>
      <Item ItemSignName="iso_8583_061"
      		ItemDesc="凭证号2"
      		ElemName="iso_8583_061"
      		AsciiFlag="yes"
      		DecLocale="0"
      		FixFlag="yes"
      		ItemAdj="left"
      		ItemFill="20"
      		LenDataFlag="no"
      		LengthBytes=""
      		LengthDlmt="">
        <LengthExpr><![CDATA[16]]></LengthExpr>
        <LenDataParseExpr><![CDATA[]]></LenDataParseExpr>
        <LenDataBuildExpr><![CDATA[]]></LenDataBuildExpr>
        <ParseExpr><![CDATA[]]></ParseExpr>
        <BuildExpr><![CDATA[]]></BuildExpr>
      </Item>
      <Item ItemSignName="iso_8583_062"
      		ItemDesc="证件号码"
      		ElemName="iso_8583_062"
      		AsciiFlag="yes"
      		DecLocale="0"
      		FixFlag="yes"
      		ItemAdj="left"
      		ItemFill="20"
      		LenDataFlag="no"
      		LengthBytes=""
      		LengthDlmt="">
        <LengthExpr><![CDATA[20]]></LengthExpr>
        <LenDataParseExpr><![CDATA[]]></LenDataParseExpr>
        <LenDataBuildExpr><![CDATA[]]></LenDataBuildExpr>
        <ParseExpr><![CDATA[]]></ParseExpr>
        <BuildExpr><![CDATA[]]></BuildExpr>
      </Item>
      <Item ItemSignName="iso_8583_063"
      		ItemDesc="有效证件"
      		ElemName="iso_8583_063"
      		AsciiFlag="yes"
      		DecLocale="0"
      		FixFlag="yes"
      		ItemAdj="left"
      		ItemFill="20"
      		LenDataFlag="no"
      		LengthBytes=""
      		LengthDlmt="">
        <LengthExpr><![CDATA[20]]></LengthExpr>
        <LenDataParseExpr><![CDATA[]]></LenDataParseExpr>
        <LenDataBuildExpr><![CDATA[]]></LenDataBuildExpr>
        <ParseExpr><![CDATA[]]></ParseExpr>
        <BuildExpr><![CDATA[]]></BuildExpr>
      </Item>
      <Item ItemSignName="iso_8583_064"
      		ItemDesc="科目号1"
      		ElemName="iso_8583_064"
      		AsciiFlag="yes"
      		DecLocale="0"
      		FixFlag="yes"
      		ItemAdj="left"
      		ItemFill="20"
      		LenDataFlag="no"
      		LengthBytes=""
      		LengthDlmt="">
        <LengthExpr><![CDATA[8]]></LengthExpr>
        <LenDataParseExpr><![CDATA[]]></LenDataParseExpr>
        <LenDataBuildExpr><![CDATA[]]></LenDataBuildExpr>
        <ParseExpr><![CDATA[]]></ParseExpr>
        <BuildExpr><![CDATA[]]></BuildExpr>
      </Item>
      <Item ItemSignName="iso_8583_065"
      		ItemDesc="科目号2"
      		ElemName="iso_8583_065"
      		AsciiFlag="yes"
      		DecLocale="0"
      		FixFlag="yes"
      		ItemAdj="left"
      		ItemFill="20"
      		LenDataFlag="no"
      		LengthBytes=""
      		LengthDlmt="">
        <LengthExpr><![CDATA[8]]></LengthExpr>
        <LenDataParseExpr><![CDATA[]]></LenDataParseExpr>
        <LenDataBuildExpr><![CDATA[]]></LenDataBuildExpr>
        <ParseExpr><![CDATA[]]></ParseExpr>
        <BuildExpr><![CDATA[]]></BuildExpr>
      </Item>
      <Item ItemSignName="iso_8583_066"
      		ItemDesc="借/贷标志"
      		ElemName="iso_8583_066"
      		AsciiFlag="yes"
      		DecLocale="0"
      		FixFlag="yes"
      		ItemAdj="left"
      		ItemFill="20"
      		LenDataFlag="no"
      		LengthBytes=""
      		LengthDlmt="">
        <LengthExpr><![CDATA[1]]></LengthExpr>
        <LenDataParseExpr><![CDATA[]]></LenDataParseExpr>
        <LenDataBuildExpr><![CDATA[]]></LenDataBuildExpr>
        <ParseExpr><![CDATA[]]></ParseExpr>
        <BuildExpr><![CDATA[]]></BuildExpr>
      </Item>
      <Item ItemSignName="iso_8583_067"
      		ItemDesc="标志1"
      		ElemName="iso_8583_067"
      		AsciiFlag="yes"
      		DecLocale="0"
      		FixFlag="yes"
      		ItemAdj="left"
      		ItemFill="20"
      		LenDataFlag="no"
      		LengthBytes=""
      		LengthDlmt="">
        <LengthExpr><![CDATA[1]]></LengthExpr>
        <LenDataParseExpr><![CDATA[]]></LenDataParseExpr>
        <LenDataBuildExpr><![CDATA[]]></LenDataBuildExpr>
        <ParseExpr><![CDATA[]]></ParseExpr>
        <BuildExpr><![CDATA[]]></BuildExpr>
      </Item>
      <Item ItemSignName="iso_8583_068"
      		ItemDesc="标志2"
      		ElemName="iso_8583_068"
      		AsciiFlag="yes"
      		DecLocale="0"
      		FixFlag="yes"
      		ItemAdj="left"
      		ItemFill="4e"
      		LenDataFlag="no"
      		LengthBytes=""
      		LengthDlmt="">
        <LengthExpr><![CDATA[1]]></LengthExpr>
        <LenDataParseExpr><![CDATA[]]></LenDataParseExpr>
        <LenDataBuildExpr><![CDATA[]]></LenDataBuildExpr>
        <ParseExpr><![CDATA[]]></ParseExpr>
        <BuildExpr><![CDATA[]]></BuildExpr>
      </Item>
      <Item ItemSignName="iso_8583_069"
      		ItemDesc="标志3"
      		ElemName="iso_8583_069"
      		AsciiFlag="yes"
      		DecLocale="0"
      		FixFlag="yes"
      		ItemAdj="left"
      		ItemFill="20"
      		LenDataFlag="no"
      		LengthBytes=""
      		LengthDlmt="">
        <LengthExpr><![CDATA[1]]></LengthExpr>
        <LenDataParseExpr><![CDATA[]]></LenDataParseExpr>
        <LenDataBuildExpr><![CDATA[]]></LenDataBuildExpr>
        <ParseExpr><![CDATA[]]></ParseExpr>
        <BuildExpr><![CDATA[]]></BuildExpr>
      </Item>
      <Item ItemSignName="iso_8583_070"
      		ItemDesc="标志3"
      		ElemName="iso_8583_070"
      		AsciiFlag="yes"
      		DecLocale="0"
      		FixFlag="yes"
      		ItemAdj="left"
      		ItemFill="20"
      		LenDataFlag="no"
      		LengthBytes=""
      		LengthDlmt="">
        <LengthExpr><![CDATA[1]]></LengthExpr>
        <LenDataParseExpr><![CDATA[]]></LenDataParseExpr>
        <LenDataBuildExpr><![CDATA[]]></LenDataBuildExpr>
        <ParseExpr><![CDATA[]]></ParseExpr>
        <BuildExpr><![CDATA[]]></BuildExpr>
      </Item>
      <Item ItemSignName="iso_8583_071"
      		ItemDesc="标志4"
      		ElemName="iso_8583_071"
      		AsciiFlag="yes"
      		DecLocale="0"
      		FixFlag="yes"
      		ItemAdj="left"
      		ItemFill="20"
      		LenDataFlag="no"
      		LengthBytes=""
      		LengthDlmt="">
        <LengthExpr><![CDATA[1]]></LengthExpr>
        <LenDataParseExpr><![CDATA[]]></LenDataParseExpr>
        <LenDataBuildExpr><![CDATA[]]></LenDataBuildExpr>
        <ParseExpr><![CDATA[]]></ParseExpr>
        <BuildExpr><![CDATA[]]></BuildExpr>
      </Item>
      <Item ItemSignName="iso_8583_072"
      		ItemDesc="标志5"
      		ElemName="iso_8583_072"
      		AsciiFlag="yes"
      		DecLocale="0"
      		FixFlag="yes"
      		ItemAdj="left"
      		ItemFill="20"
      		LenDataFlag="no"
      		LengthBytes=""
      		LengthDlmt="">
        <LengthExpr><![CDATA[1]]></LengthExpr>
        <LenDataParseExpr><![CDATA[]]></LenDataParseExpr>
        <LenDataBuildExpr><![CDATA[]]></LenDataBuildExpr>
        <ParseExpr><![CDATA[]]></ParseExpr>
        <BuildExpr><![CDATA[]]></BuildExpr>
      </Item>
      <Item ItemSignName="iso_8583_073"
      		ItemDesc="控制标志"
      		ElemName="iso_8583_073"
      		AsciiFlag="yes"
      		DecLocale="0"
      		FixFlag="yes"
      		ItemAdj="left"
      		ItemFill="20"
      		LenDataFlag="no"
      		LengthBytes=""
      		LengthDlmt="">
        <LengthExpr><![CDATA[10]]></LengthExpr>
        <LenDataParseExpr><![CDATA[]]></LenDataParseExpr>
        <LenDataBuildExpr><![CDATA[]]></LenDataBuildExpr>
        <ParseExpr><![CDATA[]]></ParseExpr>
        <BuildExpr><![CDATA[]]></BuildExpr>
      </Item>
      <Item ItemSignName="iso_8583_074"
      		ItemDesc="76位通用字符串"
      		ElemName="iso_8583_074"
      		AsciiFlag="yes"
      		DecLocale="0"
      		FixFlag="yes"
      		ItemAdj="left"
      		ItemFill="20"
      		LenDataFlag="no"
      		LengthBytes=""
      		LengthDlmt="">
        <LengthExpr><![CDATA[76]]></LengthExpr>
        <LenDataParseExpr><![CDATA[]]></LenDataParseExpr>
        <LenDataBuildExpr><![CDATA[]]></LenDataBuildExpr>
        <ParseExpr><![CDATA[]]></ParseExpr>
        <BuildExpr><![CDATA[]]></BuildExpr>
      </Item>
      <Item ItemSignName="iso_8583_075"
      		ItemDesc="第二磁道数据"
      		ElemName="iso_8583_075"
      		AsciiFlag="yes"
      		DecLocale="0"
      		FixFlag="yes"
      		ItemAdj="left"
      		ItemFill="20"
      		LenDataFlag="no"
      		LengthBytes=""
      		LengthDlmt="">
        <LengthExpr><![CDATA[37]]></LengthExpr>
        <LenDataParseExpr><![CDATA[]]></LenDataParseExpr>
        <LenDataBuildExpr><![CDATA[]]></LenDataBuildExpr>
        <ParseExpr><![CDATA[]]></ParseExpr>
        <BuildExpr><![CDATA[]]></BuildExpr>
      </Item>
      <Item ItemSignName="iso_8583_076"
      		ItemDesc="141位的通用字符串"
      		ElemName="iso_8583_076"
      		AsciiFlag="yes"
      		DecLocale="0"
      		FixFlag="yes"
      		ItemAdj="left"
      		ItemFill="20"
      		LenDataFlag="no"
      		LengthBytes=""
      		LengthDlmt="">
        <LengthExpr><![CDATA[141]]></LengthExpr>
        <LenDataParseExpr><![CDATA[]]></LenDataParseExpr>
        <LenDataBuildExpr><![CDATA[]]></LenDataBuildExpr>
        <ParseExpr><![CDATA[]]></ParseExpr>
        <BuildExpr><![CDATA[]]></BuildExpr>
      </Item>
      <Item ItemSignName="iso_8583_077"
      		ItemDesc="POS流水号"
      		ElemName="iso_8583_077"
      		AsciiFlag="yes"
      		DecLocale="0"
      		FixFlag="yes"
      		ItemAdj="left"
      		ItemFill="20"
      		LenDataFlag="no"
      		LengthBytes=""
      		LengthDlmt="">
        <LengthExpr><![CDATA[5]]></LengthExpr>
        <LenDataParseExpr><![CDATA[]]></LenDataParseExpr>
        <LenDataBuildExpr><![CDATA[]]></LenDataBuildExpr>
        <ParseExpr><![CDATA[]]></ParseExpr>
        <BuildExpr><![CDATA[]]></BuildExpr>
      </Item>
      <Item ItemSignName="iso_8583_078"
      		ItemDesc="被冲POS流水号"
      		ElemName="iso_8583_078"
      		AsciiFlag="yes"
      		DecLocale="0"
      		FixFlag="yes"
      		ItemAdj="left"
      		ItemFill="20"
      		LenDataFlag="no"
      		LengthBytes=""
      		LengthDlmt="">
        <LengthExpr><![CDATA[8]]></LengthExpr>
        <LenDataParseExpr><![CDATA[]]></LenDataParseExpr>
        <LenDataBuildExpr><![CDATA[]]></LenDataBuildExpr>
        <ParseExpr><![CDATA[]]></ParseExpr>
        <BuildExpr><![CDATA[]]></BuildExpr>
      </Item>
      <Item ItemSignName="iso_8583_079"
      		ItemDesc="密码"
      		ElemName="iso_8583_079"
      		AsciiFlag="yes"
      		DecLocale="0"
      		FixFlag="yes"
      		ItemAdj="left"
      		ItemFill="20"
      		LenDataFlag="no"
      		LengthBytes=""
      		LengthDlmt="">
        <LengthExpr><![CDATA[16]]></LengthExpr>
        <LenDataParseExpr><![CDATA[]]></LenDataParseExpr>
        <LenDataBuildExpr><![CDATA[]]></LenDataBuildExpr>
        <ParseExpr><![CDATA[]]></ParseExpr>
        <BuildExpr><![CDATA[]]></BuildExpr>
      </Item>
      <Item ItemSignName="iso_8583_080"
      		ItemDesc="客户密码"
      		ElemName="iso_8583_080"
      		AsciiFlag="yes"
      		DecLocale="0"
      		FixFlag="yes"
      		ItemAdj="left"
      		ItemFill="20"
      		LenDataFlag="no"
      		LengthBytes=""
      		LengthDlmt="">
        <LengthExpr><![CDATA[16]]></LengthExpr>
        <LenDataParseExpr><![CDATA[]]></LenDataParseExpr>
        <LenDataBuildExpr><![CDATA[]]></LenDataBuildExpr>
        <ParseExpr><![CDATA[]]></ParseExpr>
        <BuildExpr><![CDATA[]]></BuildExpr>
      </Item>
      <Item ItemSignName="iso_8583_081"
      		ItemDesc="备注1"
      		ElemName="iso_8583_081"
      		AsciiFlag="yes"
      		DecLocale="0"
      		FixFlag="yes"
      		ItemAdj="left"
      		ItemFill="20"
      		LenDataFlag="no"
      		LengthBytes=""
      		LengthDlmt="">
        <LengthExpr><![CDATA[50]]></LengthExpr>
        <LenDataParseExpr><![CDATA[]]></LenDataParseExpr>
        <LenDataBuildExpr><![CDATA[]]></LenDataBuildExpr>
        <ParseExpr><![CDATA[]]></ParseExpr>
        <BuildExpr><![CDATA[]]></BuildExpr>
      </Item>
      <Item ItemSignName="iso_8583_082"
      		ItemDesc="备注2"
      		ElemName="iso_8583_082"
      		AsciiFlag="yes"
      		DecLocale="0"
      		FixFlag="yes"
      		ItemAdj="left"
      		ItemFill="20"
      		LenDataFlag="no"
      		LengthBytes=""
      		LengthDlmt="">
        <LengthExpr><![CDATA[50]]></LengthExpr>
        <LenDataParseExpr><![CDATA[]]></LenDataParseExpr>
        <LenDataBuildExpr><![CDATA[]]></LenDataBuildExpr>
        <ParseExpr><![CDATA[]]></ParseExpr>
        <BuildExpr><![CDATA[]]></BuildExpr>
      </Item>
      <Item ItemSignName="iso_8583_083"
      		ItemDesc="备注2"
      		ElemName="iso_8583_083"
      		AsciiFlag="yes"
      		DecLocale="0"
      		FixFlag="yes"
      		ItemAdj="left"
      		ItemFill="20"
      		LenDataFlag="no"
      		LengthBytes=""
      		LengthDlmt="">
        <LengthExpr><![CDATA[50]]></LengthExpr>
        <LenDataParseExpr><![CDATA[]]></LenDataParseExpr>
        <LenDataBuildExpr><![CDATA[]]></LenDataBuildExpr>
        <ParseExpr><![CDATA[]]></ParseExpr>
        <BuildExpr><![CDATA[]]></BuildExpr>
      </Item>
      <Item ItemSignName="iso_8583_084"
      		ItemDesc="利率"
      		ElemName="iso_8583_084"
      		AsciiFlag="yes"
      		DecLocale="0"
      		FixFlag="yes"
      		ItemAdj="left"
      		ItemFill="20"
      		LenDataFlag="no"
      		LengthBytes=""
      		LengthDlmt="">
        <LengthExpr><![CDATA[8]]></LengthExpr>
        <LenDataParseExpr><![CDATA[]]></LenDataParseExpr>
        <LenDataBuildExpr><![CDATA[]]></LenDataBuildExpr>
        <ParseExpr><![CDATA[]]></ParseExpr>
        <BuildExpr><![CDATA[]]></BuildExpr>
      </Item>
      <Item ItemSignName="iso_8583_085"
      		ItemDesc="利率"
      		ElemName="iso_8583_085"
      		AsciiFlag="yes"
      		DecLocale="0"
      		FixFlag="yes"
      		ItemAdj="left"
      		ItemFill="20"
      		LenDataFlag="no"
      		LengthBytes=""
      		LengthDlmt="">
        <LengthExpr><![CDATA[8]]></LengthExpr>
        <LenDataParseExpr><![CDATA[]]></LenDataParseExpr>
        <LenDataBuildExpr><![CDATA[]]></LenDataBuildExpr>
        <ParseExpr><![CDATA[]]></ParseExpr>
        <BuildExpr><![CDATA[]]></BuildExpr>
      </Item>
      <Item ItemSignName="iso_8583_086"
      		ItemDesc="行号"
      		ElemName="iso_8583_086"
      		AsciiFlag="yes"
      		DecLocale="0"
      		FixFlag="yes"
      		ItemAdj="left"
      		ItemFill="20"
      		LenDataFlag="no"
      		LengthBytes=""
      		LengthDlmt="">
        <LengthExpr><![CDATA[10]]></LengthExpr>
        <LenDataParseExpr><![CDATA[]]></LenDataParseExpr>
        <LenDataBuildExpr><![CDATA[]]></LenDataBuildExpr>
        <ParseExpr><![CDATA[]]></ParseExpr>
        <BuildExpr><![CDATA[]]></BuildExpr>
      </Item>
      <Item ItemSignName="iso_8583_087"
      		ItemDesc="行号"
      		ElemName="iso_8583_087"
      		AsciiFlag="yes"
      		DecLocale="0"
      		FixFlag="yes"
      		ItemAdj="left"
      		ItemFill="20"
      		LenDataFlag="no"
      		LengthBytes=""
      		LengthDlmt="">
        <LengthExpr><![CDATA[10]]></LengthExpr>
        <LenDataParseExpr><![CDATA[]]></LenDataParseExpr>
        <LenDataBuildExpr><![CDATA[]]></LenDataBuildExpr>
        <ParseExpr><![CDATA[]]></ParseExpr>
        <BuildExpr><![CDATA[]]></BuildExpr>
      </Item>
      <Item ItemSignName="iso_8583_088"
      		ItemDesc="行号"
      		ElemName="iso_8583_088"
      		AsciiFlag="yes"
      		DecLocale="0"
      		FixFlag="yes"
      		ItemAdj="left"
      		ItemFill="20"
      		LenDataFlag="no"
      		LengthBytes=""
      		LengthDlmt="">
        <LengthExpr><![CDATA[10]]></LengthExpr>
        <LenDataParseExpr><![CDATA[]]></LenDataParseExpr>
        <LenDataBuildExpr><![CDATA[]]></LenDataBuildExpr>
        <ParseExpr><![CDATA[]]></ParseExpr>
        <BuildExpr><![CDATA[]]></BuildExpr>
      </Item>
      <Item ItemSignName="iso_8583_089"
      		ItemDesc="凭证种类"
      		ElemName="iso_8583_089"
      		AsciiFlag="yes"
      		DecLocale="0"
      		FixFlag="yes"
      		ItemAdj="left"
      		ItemFill="20"
      		LenDataFlag="no"
      		LengthBytes=""
      		LengthDlmt="">
        <LengthExpr><![CDATA[3]]></LengthExpr>
        <LenDataParseExpr><![CDATA[]]></LenDataParseExpr>
        <LenDataBuildExpr><![CDATA[]]></LenDataBuildExpr>
        <ParseExpr><![CDATA[]]></ParseExpr>
        <BuildExpr><![CDATA[]]></BuildExpr>
      </Item>
      <Item ItemSignName="iso_8583_090"
      		ItemDesc="凭证种类"
      		ElemName="iso_8583_090"
      		AsciiFlag="yes"
      		DecLocale="0"
      		FixFlag="yes"
      		ItemAdj="left"
      		ItemFill="20"
      		LenDataFlag="no"
      		LengthBytes=""
      		LengthDlmt="">
        <LengthExpr><![CDATA[3]]></LengthExpr>
        <LenDataParseExpr><![CDATA[]]></LenDataParseExpr>
        <LenDataBuildExpr><![CDATA[]]></LenDataBuildExpr>
        <ParseExpr><![CDATA[]]></ParseExpr>
        <BuildExpr><![CDATA[]]></BuildExpr>
      </Item>
      <Item ItemSignName="iso_8583_091"
      		ItemDesc="机构编码"
      		ElemName="iso_8583_091"
      		AsciiFlag="yes"
      		DecLocale="0"
      		FixFlag="yes"
      		ItemAdj="left"
      		ItemFill="20"
      		LenDataFlag="no"
      		LengthBytes=""
      		LengthDlmt="">
        <LengthExpr><![CDATA[5]]></LengthExpr>
        <LenDataParseExpr><![CDATA[]]></LenDataParseExpr>
        <LenDataBuildExpr><![CDATA[]]></LenDataBuildExpr>
        <ParseExpr><![CDATA[]]></ParseExpr>
        <BuildExpr><![CDATA[]]></BuildExpr>
      </Item>
      <Item ItemSignName="iso_8583_092"
      		ItemDesc="柜员"
      		ElemName="iso_8583_092"
      		AsciiFlag="yes"
      		DecLocale="0"
      		FixFlag="yes"
      		ItemAdj="left"
      		ItemFill="20"
      		LenDataFlag="no"
      		LengthBytes=""
      		LengthDlmt="">
        <LengthExpr><![CDATA[6]]></LengthExpr>
        <LenDataParseExpr><![CDATA[]]></LenDataParseExpr>
        <LenDataBuildExpr><![CDATA[]]></LenDataBuildExpr>
        <ParseExpr><![CDATA[]]></ParseExpr>
        <BuildExpr><![CDATA[]]></BuildExpr>
      </Item>
      <Item ItemSignName="iso_8583_093"
      		ItemDesc="标志"
      		ElemName="iso_8583_093"
      		AsciiFlag="yes"
      		DecLocale="0"
      		FixFlag="yes"
      		ItemAdj="left"
      		ItemFill="20"
      		LenDataFlag="no"
      		LengthBytes=""
      		LengthDlmt="">
        <LengthExpr><![CDATA[1]]></LengthExpr>
        <LenDataParseExpr><![CDATA[]]></LenDataParseExpr>
        <LenDataBuildExpr><![CDATA[]]></LenDataBuildExpr>
        <ParseExpr><![CDATA[]]></ParseExpr>
        <BuildExpr><![CDATA[]]></BuildExpr>
      </Item>
      <Item ItemSignName="iso_8583_094"
      		ItemDesc="抵质押率"
      		ElemName="iso_8583_094"
      		AsciiFlag="yes"
      		DecLocale="0"
      		FixFlag="yes"
      		ItemAdj="left"
      		ItemFill="20"
      		LenDataFlag="no"
      		LengthBytes=""
      		LengthDlmt="">
        <LengthExpr><![CDATA[8]]></LengthExpr>
        <LenDataParseExpr><![CDATA[]]></LenDataParseExpr>
        <LenDataBuildExpr><![CDATA[]]></LenDataBuildExpr>
        <ParseExpr><![CDATA[]]></ParseExpr>
        <BuildExpr><![CDATA[]]></BuildExpr>
      </Item>
      <Item ItemSignName="iso_8583_095"
      		ItemDesc="中间业务"
      		ElemName="iso_8583_095"
      		AsciiFlag="yes"
      		DecLocale="0"
      		FixFlag="yes"
      		ItemAdj="left"
      		ItemFill="20"
      		LenDataFlag="no"
      		LengthBytes=""
      		LengthDlmt="">
        <LengthExpr><![CDATA[600]]></LengthExpr>
        <LenDataParseExpr><![CDATA[]]></LenDataParseExpr>
        <LenDataBuildExpr><![CDATA[]]></LenDataBuildExpr>
        <ParseExpr><![CDATA[]]></ParseExpr>
        <BuildExpr><![CDATA[]]></BuildExpr>
      </Item>
      <Item ItemSignName="iso_8583_096"
      		ItemDesc="大额支付1"
      		ElemName="iso_8583_096"
      		AsciiFlag="yes"
      		DecLocale="0"
      		FixFlag="yes"
      		ItemAdj="left"
      		ItemFill="20"
      		LenDataFlag="no"
      		LengthBytes=""
      		LengthDlmt="">
        <LengthExpr><![CDATA[244]]></LengthExpr>
        <LenDataParseExpr><![CDATA[]]></LenDataParseExpr>
        <LenDataBuildExpr><![CDATA[]]></LenDataBuildExpr>
        <ParseExpr><![CDATA[]]></ParseExpr>
        <BuildExpr><![CDATA[]]></BuildExpr>
      </Item>
      <Item ItemSignName="iso_8583_097"
      		ItemDesc="贷款利率"
      		ElemName="iso_8583_097"
      		AsciiFlag="yes"
      		DecLocale="0"
      		FixFlag="yes"
      		ItemAdj="left"
      		ItemFill="20"
      		LenDataFlag="no"
      		LengthBytes=""
      		LengthDlmt="">
        <LengthExpr><![CDATA[8]]></LengthExpr>
        <LenDataParseExpr><![CDATA[]]></LenDataParseExpr>
        <LenDataBuildExpr><![CDATA[]]></LenDataBuildExpr>
        <ParseExpr><![CDATA[]]></ParseExpr>
        <BuildExpr><![CDATA[]]></BuildExpr>
      </Item>
      <Item ItemSignName="iso_8583_098"
      		ItemDesc="备用"
      		ElemName="iso_8583_098"
      		AsciiFlag="yes"
      		DecLocale="0"
      		FixFlag="yes"
      		ItemAdj="left"
      		ItemFill="20"
      		LenDataFlag="no"
      		LengthBytes=""
      		LengthDlmt="">
        <LengthExpr><![CDATA[1]]></LengthExpr>
        <LenDataParseExpr><![CDATA[]]></LenDataParseExpr>
        <LenDataBuildExpr><![CDATA[]]></LenDataBuildExpr>
        <ParseExpr><![CDATA[]]></ParseExpr>
        <BuildExpr><![CDATA[]]></BuildExpr>
      </Item>
      <Item ItemSignName="iso_8583_099"
      		ItemDesc="备用"
      		ElemName="iso_8583_099"
      		AsciiFlag="yes"
      		DecLocale="0"
      		FixFlag="yes"
      		ItemAdj="left"
      		ItemFill="20"
      		LenDataFlag="no"
      		LengthBytes=""
      		LengthDlmt="">
        <LengthExpr><![CDATA[1]]></LengthExpr>
        <LenDataParseExpr><![CDATA[]]></LenDataParseExpr>
        <LenDataBuildExpr><![CDATA[]]></LenDataBuildExpr>
        <ParseExpr><![CDATA[]]></ParseExpr>
        <BuildExpr><![CDATA[]]></BuildExpr>
      </Item>
      <Item ItemSignName="iso_8583_100"
      		ItemDesc="公用补充结构"
      		ElemName="iso_8583_100"
      		AsciiFlag="yes"
      		DecLocale="0"
      		FixFlag="yes"
      		ItemAdj="left"
      		ItemFill="40"
      		LenDataFlag="no"
      		LengthBytes=""
      		LengthDlmt="">
        <LengthExpr><![CDATA[112]]></LengthExpr>
        <LenDataParseExpr><![CDATA[]]></LenDataParseExpr>
        <LenDataBuildExpr><![CDATA[]]></LenDataBuildExpr>
        <ParseExpr><![CDATA[]]></ParseExpr>
        <BuildExpr><![CDATA[]]></BuildExpr>
      </Item>
      <Item ItemSignName="iso_8583_101"
      		ItemDesc="存款交易结构"
      		ElemName="iso_8583_101"
      		AsciiFlag="yes"
      		DecLocale="0"
      		FixFlag="yes"
      		ItemAdj="left"
      		ItemFill="40"
      		LenDataFlag="no"
      		LengthBytes=""
      		LengthDlmt="">
        <LengthExpr><![CDATA[195]]></LengthExpr>
        <LenDataParseExpr><![CDATA[]]></LenDataParseExpr>
        <LenDataBuildExpr><![CDATA[]]></LenDataBuildExpr>
        <ParseExpr><![CDATA[]]></ParseExpr>
        <BuildExpr><![CDATA[]]></BuildExpr>
      </Item>
      <Item ItemSignName="iso_8583_102"
      		ItemDesc="取款交易结构"
      		ElemName="iso_8583_102"
      		AsciiFlag="yes"
      		DecLocale="0"
      		FixFlag="yes"
      		ItemAdj="left"
      		ItemFill="40"
      		LenDataFlag="no"
      		LengthBytes=""
      		LengthDlmt="">
        <LengthExpr><![CDATA[415]]></LengthExpr>
        <LenDataParseExpr><![CDATA[]]></LenDataParseExpr>
        <LenDataBuildExpr><![CDATA[]]></LenDataBuildExpr>
        <ParseExpr><![CDATA[]]></ParseExpr>
        <BuildExpr><![CDATA[]]></BuildExpr>
      </Item>
      <Item ItemSignName="iso_8583_103"
      		ItemDesc="开户交易结构"
      		ElemName="iso_8583_103"
      		AsciiFlag="yes"
      		DecLocale="0"
      		FixFlag="yes"
      		ItemAdj="left"
      		ItemFill="20"
      		LenDataFlag="no"
      		LengthBytes=""
      		LengthDlmt="">
        <LengthExpr><![CDATA[169]]></LengthExpr>
        <LenDataParseExpr><![CDATA[]]></LenDataParseExpr>
        <LenDataBuildExpr><![CDATA[]]></LenDataBuildExpr>
        <ParseExpr><![CDATA[]]></ParseExpr>
        <BuildExpr><![CDATA[]]></BuildExpr>
      </Item>
      <Item ItemSignName="iso_8583_104"
      		ItemDesc="收费交易机构"
      		ElemName="iso_8583_104"
      		AsciiFlag="yes"
      		DecLocale="0"
      		FixFlag="yes"
      		ItemAdj="left"
      		ItemFill="20"
      		LenDataFlag="no"
      		LengthBytes=""
      		LengthDlmt="">
        <LengthExpr><![CDATA[0]]></LengthExpr>
        <LenDataParseExpr><![CDATA[]]></LenDataParseExpr>
        <LenDataBuildExpr><![CDATA[]]></LenDataBuildExpr>
        <ParseExpr><![CDATA[]]></ParseExpr>
        <BuildExpr><![CDATA[]]></BuildExpr>
      </Item>
      <Item ItemSignName="iso_8583_105"
      		ItemDesc="销介质交易结构"
      		ElemName="iso_8583_105"
      		AsciiFlag="yes"
      		DecLocale="0"
      		FixFlag="yes"
      		ItemAdj="left"
      		ItemFill="20"
      		LenDataFlag="no"
      		LengthBytes=""
      		LengthDlmt="">
        <LengthExpr><![CDATA[146]]></LengthExpr>
        <LenDataParseExpr><![CDATA[]]></LenDataParseExpr>
        <LenDataBuildExpr><![CDATA[]]></LenDataBuildExpr>
        <ParseExpr><![CDATA[]]></ParseExpr>
        <BuildExpr><![CDATA[]]></BuildExpr>
      </Item>
      <Item ItemSignName="iso_8583_106"
      		ItemDesc="贷款放款结构"
      		ElemName="iso_8583_106"
      		AsciiFlag="yes"
      		DecLocale="0"
      		FixFlag="yes"
      		ItemAdj="left"
      		ItemFill="20"
      		LenDataFlag="no"
      		LengthBytes=""
      		LengthDlmt="">
        <LengthExpr><![CDATA[20]]></LengthExpr>
        <LenDataParseExpr><![CDATA[]]></LenDataParseExpr>
        <LenDataBuildExpr><![CDATA[]]></LenDataBuildExpr>
        <ParseExpr><![CDATA[]]></ParseExpr>
        <BuildExpr><![CDATA[]]></BuildExpr>
      </Item>
      <Item ItemSignName="iso_8583_107"
      		ItemDesc="贷款还本结构"
      		ElemName="iso_8583_107"
      		AsciiFlag="yes"
      		DecLocale="0"
      		FixFlag="yes"
      		ItemAdj="left"
      		ItemFill="20"
      		LenDataFlag="no"
      		LengthBytes=""
      		LengthDlmt="">
        <LengthExpr><![CDATA[279]]></LengthExpr>
        <LenDataParseExpr><![CDATA[]]></LenDataParseExpr>
        <LenDataBuildExpr><![CDATA[]]></LenDataBuildExpr>
        <ParseExpr><![CDATA[]]></ParseExpr>
        <BuildExpr><![CDATA[]]></BuildExpr>
      </Item>
      <Item ItemSignName="iso_8583_108"
      		ItemDesc="贷款还息结构"
      		ElemName="iso_8583_108"
      		AsciiFlag="yes"
      		DecLocale="0"
      		FixFlag="yes"
      		ItemAdj="left"
      		ItemFill="20"
      		LenDataFlag="no"
      		LengthBytes=""
      		LengthDlmt="">
        <LengthExpr><![CDATA[359]]></LengthExpr>
        <LenDataParseExpr><![CDATA[]]></LenDataParseExpr>
        <LenDataBuildExpr><![CDATA[]]></LenDataBuildExpr>
        <ParseExpr><![CDATA[]]></ParseExpr>
        <BuildExpr><![CDATA[]]></BuildExpr>
      </Item>
      <Item ItemSignName="iso_8583_109"
      		ItemDesc="按揭还款结构"
      		ElemName="iso_8583_109"
      		AsciiFlag="yes"
      		DecLocale="0"
      		FixFlag="yes"
      		ItemAdj="left"
      		ItemFill="20"
      		LenDataFlag="no"
      		LengthBytes=""
      		LengthDlmt="">
        <LengthExpr><![CDATA[270]]></LengthExpr>
        <LenDataParseExpr><![CDATA[]]></LenDataParseExpr>
        <LenDataBuildExpr><![CDATA[]]></LenDataBuildExpr>
        <ParseExpr><![CDATA[]]></ParseExpr>
        <BuildExpr><![CDATA[]]></BuildExpr>
      </Item>
      <Item ItemSignName="iso_8583_110"
      		ItemDesc="透支发生结构"
      		ElemName="iso_8583_110"
      		AsciiFlag="yes"
      		DecLocale="0"
      		FixFlag="yes"
      		ItemAdj="left"
      		ItemFill="20"
      		LenDataFlag="no"
      		LengthBytes=""
      		LengthDlmt="">
        <LengthExpr><![CDATA[0]]></LengthExpr>
        <LenDataParseExpr><![CDATA[]]></LenDataParseExpr>
        <LenDataBuildExpr><![CDATA[]]></LenDataBuildExpr>
        <ParseExpr><![CDATA[]]></ParseExpr>
        <BuildExpr><![CDATA[]]></BuildExpr>
      </Item>
      <Item ItemSignName="iso_8583_111"
      		ItemDesc="透支归还结构"
      		ElemName="iso_8583_111"
      		AsciiFlag="yes"
      		DecLocale="0"
      		FixFlag="yes"
      		ItemAdj="left"
      		ItemFill="20"
      		LenDataFlag="no"
      		LengthBytes=""
      		LengthDlmt="">
        <LengthExpr><![CDATA[0]]></LengthExpr>
        <LenDataParseExpr><![CDATA[]]></LenDataParseExpr>
        <LenDataBuildExpr><![CDATA[]]></LenDataBuildExpr>
        <ParseExpr><![CDATA[]]></ParseExpr>
        <BuildExpr><![CDATA[]]></BuildExpr>
      </Item>
      <Item ItemSignName="iso_8583_112"
      		ItemDesc="内部账开户结构"
      		ElemName="iso_8583_112"
      		AsciiFlag="yes"
      		DecLocale="0"
      		FixFlag="yes"
      		ItemAdj="left"
      		ItemFill="20"
      		LenDataFlag="no"
      		LengthBytes=""
      		LengthDlmt="">
        <LengthExpr><![CDATA[152]]></LengthExpr>
        <LenDataParseExpr><![CDATA[]]></LenDataParseExpr>
        <LenDataBuildExpr><![CDATA[]]></LenDataBuildExpr>
        <ParseExpr><![CDATA[]]></ParseExpr>
        <BuildExpr><![CDATA[]]></BuildExpr>
      </Item>
      <Item ItemSignName="iso_8583_113"
      		ItemDesc="同城提出子交易"
      		ElemName="iso_8583_113"
      		AsciiFlag="yes"
      		DecLocale="0"
      		FixFlag="yes"
      		ItemAdj="left"
      		ItemFill="20"
      		LenDataFlag="no"
      		LengthBytes=""
      		LengthDlmt="">
        <LengthExpr><![CDATA[63]]></LengthExpr>
        <LenDataParseExpr><![CDATA[]]></LenDataParseExpr>
        <LenDataBuildExpr><![CDATA[]]></LenDataBuildExpr>
        <ParseExpr><![CDATA[]]></ParseExpr>
        <BuildExpr><![CDATA[]]></BuildExpr>
      </Item>
      <Item ItemSignName="iso_8583_114"
      		ItemDesc="支取方式校验结构"
      		ElemName="iso_8583_114"
      		AsciiFlag="yes"
      		DecLocale="0"
      		FixFlag="yes"
      		ItemAdj="left"
      		ItemFill="20"
      		LenDataFlag="no"
      		LengthBytes=""
      		LengthDlmt="">
        <LengthExpr><![CDATA[59]]></LengthExpr>
        <LenDataParseExpr><![CDATA[]]></LenDataParseExpr>
        <LenDataBuildExpr><![CDATA[]]></LenDataBuildExpr>
        <ParseExpr><![CDATA[]]></ParseExpr>
        <BuildExpr><![CDATA[]]></BuildExpr>
      </Item>
      <Item ItemSignName="iso_8583_115"
      		ItemDesc="支取方式设定结构"
      		ElemName="iso_8583_115"
      		AsciiFlag="yes"
      		DecLocale="0"
      		FixFlag="yes"
      		ItemAdj="left"
      		ItemFill="20"
      		LenDataFlag="no"
      		LengthBytes=""
      		LengthDlmt="">
        <LengthExpr><![CDATA[59]]></LengthExpr>
        <LenDataParseExpr><![CDATA[]]></LenDataParseExpr>
        <LenDataBuildExpr><![CDATA[]]></LenDataBuildExpr>
        <ParseExpr><![CDATA[]]></ParseExpr>
        <BuildExpr><![CDATA[]]></BuildExpr>
      </Item>
      <Item ItemSignName="iso_8583_116"
      		ItemDesc="开介质结构"
      		ElemName="iso_8583_116"
      		AsciiFlag="yes"
      		DecLocale="0"
      		FixFlag="yes"
      		ItemAdj="left"
      		ItemFill="20"
      		LenDataFlag="no"
      		LengthBytes=""
      		LengthDlmt="">
        <LengthExpr><![CDATA[152]]></LengthExpr>
        <LenDataParseExpr><![CDATA[]]></LenDataParseExpr>
        <LenDataBuildExpr><![CDATA[]]></LenDataBuildExpr>
        <ParseExpr><![CDATA[]]></ParseExpr>
        <BuildExpr><![CDATA[]]></BuildExpr>
      </Item>
      <Item ItemSignName="iso_8583_117"
      		ItemDesc="现转结构"
      		ElemName="iso_8583_117"
      		AsciiFlag="yes"
      		DecLocale="0"
      		FixFlag="yes"
      		ItemAdj="left"
      		ItemFill="20"
      		LenDataFlag="no"
      		LengthBytes=""
      		LengthDlmt="">
        <LengthExpr><![CDATA[17]]></LengthExpr>
        <LenDataParseExpr><![CDATA[]]></LenDataParseExpr>
        <LenDataBuildExpr><![CDATA[]]></LenDataBuildExpr>
        <ParseExpr><![CDATA[]]></ParseExpr>
        <BuildExpr><![CDATA[]]></BuildExpr>
      </Item>
      <Item ItemSignName="iso_8583_118"
      		ItemDesc="现金收入结构"
      		ElemName="iso_8583_118"
      		AsciiFlag="yes"
      		DecLocale="0"
      		FixFlag="yes"
      		ItemAdj="left"
      		ItemFill="20"
      		LenDataFlag="no"
      		LengthBytes=""
      		LengthDlmt="">
        <LengthExpr><![CDATA[90]]></LengthExpr>
        <LenDataParseExpr><![CDATA[]]></LenDataParseExpr>
        <LenDataBuildExpr><![CDATA[]]></LenDataBuildExpr>
        <ParseExpr><![CDATA[]]></ParseExpr>
        <BuildExpr><![CDATA[]]></BuildExpr>
      </Item>
      <Item ItemSignName="iso_8583_119"
      		ItemDesc="现金付出结构"
      		ElemName="iso_8583_119"
      		AsciiFlag="yes"
      		DecLocale="0"
      		FixFlag="yes"
      		ItemAdj="left"
      		ItemFill="20"
      		LenDataFlag="no"
      		LengthBytes=""
      		LengthDlmt="">
        <LengthExpr><![CDATA[90]]></LengthExpr>
        <LenDataParseExpr><![CDATA[]]></LenDataParseExpr>
        <LenDataBuildExpr><![CDATA[]]></LenDataBuildExpr>
        <ParseExpr><![CDATA[]]></ParseExpr>
        <BuildExpr><![CDATA[]]></BuildExpr>
      </Item>
      <Item ItemSignName="iso_8583_120"
      		ItemDesc="内部账借方记账"
      		ElemName="iso_8583_120"
      		AsciiFlag="yes"
      		DecLocale="0"
      		FixFlag="yes"
      		ItemAdj="left"
      		ItemFill="20"
      		LenDataFlag="no"
      		LengthBytes=""
      		LengthDlmt="">
        <LengthExpr><![CDATA[158]]></LengthExpr>
        <LenDataParseExpr><![CDATA[]]></LenDataParseExpr>
        <LenDataBuildExpr><![CDATA[]]></LenDataBuildExpr>
        <ParseExpr><![CDATA[]]></ParseExpr>
        <BuildExpr><![CDATA[]]></BuildExpr>
      </Item>
      <Item ItemSignName="iso_8583_121"
      		ItemDesc="内部账贷方记账"
      		ElemName="iso_8583_121"
      		AsciiFlag="yes"
      		DecLocale="0"
      		FixFlag="yes"
      		ItemAdj="left"
      		ItemFill="20"
      		LenDataFlag="no"
      		LengthBytes=""
      		LengthDlmt="">
        <LengthExpr><![CDATA[158]]></LengthExpr>
        <LenDataParseExpr><![CDATA[]]></LenDataParseExpr>
        <LenDataBuildExpr><![CDATA[]]></LenDataBuildExpr>
        <ParseExpr><![CDATA[]]></ParseExpr>
        <BuildExpr><![CDATA[]]></BuildExpr>
      </Item>
      <Item ItemSignName="iso_8583_122"
      		ItemDesc="232位通用字符串"
      		ElemName="iso_8583_122"
      		AsciiFlag="yes"
      		DecLocale="0"
      		FixFlag="yes"
      		ItemAdj="left"
      		ItemFill="20"
      		LenDataFlag="no"
      		LengthBytes=""
      		LengthDlmt="">
        <LengthExpr><![CDATA[232]]></LengthExpr>
        <LenDataParseExpr><![CDATA[]]></LenDataParseExpr>
        <LenDataBuildExpr><![CDATA[]]></LenDataBuildExpr>
        <ParseExpr><![CDATA[]]></ParseExpr>
        <BuildExpr><![CDATA[]]></BuildExpr>
      </Item>
      <Item ItemSignName="iso_8583_123"
      		ItemDesc="大额支付"
      		ElemName="iso_8583_123"
      		AsciiFlag="yes"
      		DecLocale="0"
      		FixFlag="yes"
      		ItemAdj="left"
      		ItemFill="20"
      		LenDataFlag="no"
      		LengthBytes=""
      		LengthDlmt="">
        <LengthExpr><![CDATA[106]]></LengthExpr>
        <LenDataParseExpr><![CDATA[]]></LenDataParseExpr>
        <LenDataBuildExpr><![CDATA[]]></LenDataBuildExpr>
        <ParseExpr><![CDATA[]]></ParseExpr>
        <BuildExpr><![CDATA[]]></BuildExpr>
      </Item>
      <Item ItemSignName="iso_8583_124"
      		ItemDesc="收费返回结构"
      		ElemName="iso_8583_124"
      		AsciiFlag="yes"
      		DecLocale="0"
      		FixFlag="yes"
      		ItemAdj="left"
      		ItemFill="20"
      		LenDataFlag="no"
      		LengthBytes=""
      		LengthDlmt="">
        <LengthExpr><![CDATA[226]]></LengthExpr>
        <LenDataParseExpr><![CDATA[]]></LenDataParseExpr>
        <LenDataBuildExpr><![CDATA[]]></LenDataBuildExpr>
        <ParseExpr><![CDATA[]]></ParseExpr>
        <BuildExpr><![CDATA[]]></BuildExpr>
      </Item>
      <Item ItemSignName="iso_8583_125"
      		ItemDesc="备用"
      		ElemName="iso_8583_125"
      		AsciiFlag="yes"
      		DecLocale="0"
      		FixFlag="yes"
      		ItemAdj="left"
      		ItemFill="20"
      		LenDataFlag="no"
      		LengthBytes=""
      		LengthDlmt="">
        <LengthExpr><![CDATA[281]]></LengthExpr>
        <LenDataParseExpr><![CDATA[]]></LenDataParseExpr>
        <LenDataBuildExpr><![CDATA[]]></LenDataBuildExpr>
        <ParseExpr><![CDATA[]]></ParseExpr>
        <BuildExpr><![CDATA[]]></BuildExpr>
      </Item>
      <Item ItemSignName="iso_8583_126"
      		ItemDesc="流水号"
      		ElemName="iso_8583_126"
      		AsciiFlag="yes"
      		DecLocale="0"
      		FixFlag="yes"
      		ItemAdj="left"
      		ItemFill="20"
      		LenDataFlag="no"
      		LengthBytes=""
      		LengthDlmt="">
        <LengthExpr><![CDATA[40]]></LengthExpr>
        <LenDataParseExpr><![CDATA[]]></LenDataParseExpr>
        <LenDataBuildExpr><![CDATA[]]></LenDataBuildExpr>
        <ParseExpr><![CDATA[]]></ParseExpr>
        <BuildExpr><![CDATA[]]></BuildExpr>
      </Item>
      <Item ItemSignName="iso_8583_127"
      		ItemDesc="备用"
      		ElemName="iso_8583_127"
      		AsciiFlag="yes"
      		DecLocale="0"
      		FixFlag="yes"
      		ItemAdj="left"
      		ItemFill="20"
      		LenDataFlag="no"
      		LengthBytes=""
      		LengthDlmt="">
        <LengthExpr><![CDATA[1]]></LengthExpr>
        <LenDataParseExpr><![CDATA[]]></LenDataParseExpr>
        <LenDataBuildExpr><![CDATA[]]></LenDataBuildExpr>
        <ParseExpr><![CDATA[]]></ParseExpr>
        <BuildExpr><![CDATA[]]></BuildExpr>
      </Item>
      <Item ItemSignName="iso_8583_128"
      		ItemDesc="备用"
      		ElemName="iso_8583_128"
      		AsciiFlag="yes"
      		DecLocale="0"
      		FixFlag="yes"
      		ItemAdj="left"
      		ItemFill="20"
      		LenDataFlag="no"
      		LengthBytes=""
      		LengthDlmt="">
        <LengthExpr><![CDATA[8]]></LengthExpr>
        <LenDataParseExpr><![CDATA[]]></LenDataParseExpr>
        <LenDataBuildExpr><![CDATA[]]></LenDataBuildExpr>
        <ParseExpr><![CDATA[]]></ParseExpr>
        <BuildExpr><![CDATA[]]></BuildExpr>
      </Item>
    </ItemTab>
  </Sign>
</SignTab>
