<?xml version="1.0" encoding="UTF-8"?>

<SvcDependTab SrcType="B"
		SrcName="MNG_SVR">
  <SvcDepend SrcSvcName="SWITCH">
    <ItemList>
      <Item DestType="C"
      		DestName="CHK"
      		SvcName="SCHK00010105"/>
      <Item DestType="C"
      		DestName="CHK"
      		SvcName="SCHK00010001"/>
      <Item DestType="C"
      		DestName="QRY"
      		SvcName="SQRY00610005"/>
      <Item DestType="C"
      		DestName="QRY"
      		SvcName="SQRY00610004"/>
      <Item DestType="C"
      		DestName="QRY"
      		SvcName="SQRY00610002"/>
      <Item DestType="C"
      		DestName="CHK"
      		SvcName="SCHK00010004"/>
      <Item DestType="C"
      		DestName="CHK"
      		SvcName="SCHK00010005"/>
      <Item DestType="C"
      		DestName="CHK"
      		SvcName="SCHK00010114"/>
      <Item DestType="C"
      		DestName="CHK"
      		SvcName="SCHK00010117"/>
      <Item DestType="C"
      		DestName="CHK"
      		SvcName="SCHK00010118"/>
      <Item DestType="C"
      		DestName="CHK"
      		SvcName="SCHK00010007"/>
    </ItemList>
  </SvcDepend>
</SvcDependTab>
