<?xml version="1.0" encoding="UTF-8"?>

<BusCompTab>
  <CompTab RecNum="2">
    <CompCon BusName="CARD"
    		ConnectionSrc="HOST_CLI"
    		ConnectionDest="CARD"
    		Type="0"/>
    <CompCon BusName="CARD"
    		ConnectionSrc="CARD"
    		ConnectionDest="CARD_CLI"
    		Type="1"/>
  </CompTab>
  <SubCompTab RecNum="1">
    <SubComp BusName="CARD"
    		SeqNo="0"
    		SubBusName="CARD"
    		SubBusDesc="微信饭卡充值"
    		DesignComment="null"
    		RelateBusName=""/>
  </SubCompTab>
  <ImageTab RecNum="1">
    <Image DesignType="C"
    		DesignImagePath="\images\DesignImage.xml"
    		DesignJpgImagePath="\images\DesignJpgImage.jpg"
    		DesignDiagramImagePath="\images\DesignDiagramImage.xml"/>
  </ImageTab>
</BusCompTab>
