<?xml version="1.0" encoding="UTF-8"?>

<TaskTab RecNum="1">
  <Task TaskCol="auto"
  		TaskLogic="GW9903"
  		TaskDesc="对账"
  		ALAName="CARD"
  		TaskCyc="day"
  		TaskInterval=""
  		TaskBeginDate=""
  		MastMachine="Yes"
  		Serial="Yes"
  		IsQueue="Yes"
  		Cancel="No"
  		IsStartExecute="No"
  		TaskChkRet="No"
  		RetryInterval="0"
  		RetryTimes="0"
  		NodeClassName="未分类"
  		NodeClassDesc="未分类">
    <TimeTab RecNum="1">
      <Time TaskBeginTime="16:08:22"
      		TaskEndTime="23:59:59">
        <TrrigerTab RecNum="1">
          <Trriger><![CDATA[22 8 16 ? * 2,3,4,5,6,7,1]]></Trriger>
        </TrrigerTab>
      </Time>
    </TimeTab>
    <TaskDay Type="Week"
    		WeekType="Every"
    		WeekBitMap="1111111"/>
    <TaskErrExpr><![CDATA[]]></TaskErrExpr>
  </Task>
</TaskTab>
