<?xml version="1.0" encoding="UTF-8"?>

<FormatTab RecNum="8">
  <Format FmtName="PFMT_NETBK_CLI_IN"
  		FmtDesc="协议报文"
  		IOType="buf"
  		Compress=""
  		FmtType="string"
  		SignName=""
  		BitMapType=""
  		VarityLen="no"
  		LengthBytes="0"
  		LengthDlmt=""
  		FileFmtType=""
  		EnCoding="GB2312"
  		Comment=""
  		ElemName="__GDTA_FORMAT"
  		XMLType="Standard">
    <FileName><![CDATA[]]></FileName>
    <FilePath><![CDATA[]]></FilePath>
    <LengthParseExpr><![CDATA[]]></LengthParseExpr>
    <LengthBuildExpr><![CDATA[]]></LengthBuildExpr>
    <ParseExpr><![CDATA[]]></ParseExpr>
    <BuildExpr><![CDATA[]]></BuildExpr>
    <NodeClass Name="未分类"
    		Desc="未分类"/>
    <ItemTab RecNum="2">
      <Item ItemType="item"
      		ItemSignName=""
      		ItemIgnr="no"
      		ItemDesc="报文长度"
      		ElemName="__GDTA_ITEMDATA_LENGTH"
      		ItemDlmt=""
      		AsciiFlag="yes"
      		DecLocale="0"
      		FixFlag="yes"
      		ItemAdj="right"
      		ItemFill="30"
      		LenDataFlag="no"
      		LenDataBytes=""
      		SubName=""
      		SubNodeName=""
      		RecNum=""
      		NotNull="yes"
      		PlatElemFlag="no"
      		EnCoding="UTF-8"
      		CDATAFlag="no">
        <ConstData><![CDATA[]]></ConstData>
        <ItemParseExpr><![CDATA[]]></ItemParseExpr>
        <ItemBuildExpr><![CDATA[]]></ItemBuildExpr>
        <LenDataParseExpr><![CDATA[]]></LenDataParseExpr>
        <LenDataBuildExpr><![CDATA[]]></LenDataBuildExpr>
        <LengthExpr><![CDATA[8]]></LengthExpr>
        <SubExpr><![CDATA[]]></SubExpr>
        <BeginTag><![CDATA[]]></BeginTag>
        <EndTag><![CDATA[]]></EndTag>
      </Item>
      <Item ItemType="item"
      		ItemSignName=""
      		ItemIgnr="no"
      		ItemDesc="报文数据"
      		ElemName="__GDTA_ITEMDATA"
      		ItemDlmt=""
      		AsciiFlag="yes"
      		DecLocale="0"
      		FixFlag="yes"
      		ItemAdj="no"
      		ItemFill=""
      		LenDataFlag="no"
      		LenDataBytes=""
      		SubName=""
      		SubNodeName=""
      		RecNum=""
      		NotNull="yes"
      		PlatElemFlag="no"
      		EnCoding="UTF-8"
      		CDATAFlag="no">
        <ConstData><![CDATA[]]></ConstData>
        <ItemParseExpr><![CDATA[]]></ItemParseExpr>
        <ItemBuildExpr><![CDATA[]]></ItemBuildExpr>
        <LenDataParseExpr><![CDATA[]]></LenDataParseExpr>
        <LenDataBuildExpr><![CDATA[]]></LenDataBuildExpr>
        <LengthExpr><![CDATA[$__GDTA_FORMAT.__GDTA_ITEMDATA_LENGTH]]></LengthExpr>
        <SubExpr><![CDATA[]]></SubExpr>
        <BeginTag><![CDATA[]]></BeginTag>
        <EndTag><![CDATA[]]></EndTag>
      </Item>
    </ItemTab>
    <PlatElemMapTab RecNum="0"/>
  </Format>
  <Format FmtName="PFMT_NETBK_CLI_OUT"
  		FmtDesc="协议报文"
  		IOType="buf"
  		Compress=""
  		FmtType="string"
  		SignName=""
  		BitMapType=""
  		VarityLen="no"
  		LengthBytes="0"
  		LengthDlmt=""
  		FileFmtType=""
  		EnCoding="GB2312"
  		Comment=""
  		ElemName="__GDTA_FORMAT"
  		XMLType="Standard">
    <FileName><![CDATA[]]></FileName>
    <FilePath><![CDATA[]]></FilePath>
    <LengthParseExpr><![CDATA[]]></LengthParseExpr>
    <LengthBuildExpr><![CDATA[]]></LengthBuildExpr>
    <ParseExpr><![CDATA[]]></ParseExpr>
    <BuildExpr><![CDATA[]]></BuildExpr>
    <NodeClass Name="未分类"
    		Desc="未分类"/>
    <ItemTab RecNum="2">
      <Item ItemType="item"
      		ItemSignName=""
      		ItemIgnr="no"
      		ItemDesc="报文长度"
      		ElemName="__GDTA_ITEMDATA_LENGTH"
      		ItemDlmt=""
      		AsciiFlag="yes"
      		DecLocale="0"
      		FixFlag="yes"
      		ItemAdj="right"
      		ItemFill="30"
      		LenDataFlag="no"
      		LenDataBytes=""
      		SubName=""
      		SubNodeName=""
      		RecNum=""
      		NotNull="yes"
      		PlatElemFlag="no"
      		EnCoding="UTF-8"
      		CDATAFlag="no">
        <ConstData><![CDATA[]]></ConstData>
        <ItemParseExpr><![CDATA[]]></ItemParseExpr>
        <ItemBuildExpr><![CDATA[]]></ItemBuildExpr>
        <LenDataParseExpr><![CDATA[]]></LenDataParseExpr>
        <LenDataBuildExpr><![CDATA[]]></LenDataBuildExpr>
        <LengthExpr><![CDATA[8]]></LengthExpr>
        <SubExpr><![CDATA[]]></SubExpr>
        <BeginTag><![CDATA[]]></BeginTag>
        <EndTag><![CDATA[]]></EndTag>
      </Item>
      <Item ItemType="item"
      		ItemSignName=""
      		ItemIgnr="no"
      		ItemDesc="报文数据"
      		ElemName="__GDTA_ITEMDATA"
      		ItemDlmt=""
      		AsciiFlag="yes"
      		DecLocale="0"
      		FixFlag="yes"
      		ItemAdj="no"
      		ItemFill=""
      		LenDataFlag="no"
      		LenDataBytes=""
      		SubName=""
      		SubNodeName=""
      		RecNum=""
      		NotNull="yes"
      		PlatElemFlag="no"
      		EnCoding="UTF-8"
      		CDATAFlag="no">
        <ConstData><![CDATA[]]></ConstData>
        <ItemParseExpr><![CDATA[]]></ItemParseExpr>
        <ItemBuildExpr><![CDATA[]]></ItemBuildExpr>
        <LenDataParseExpr><![CDATA[]]></LenDataParseExpr>
        <LenDataBuildExpr><![CDATA[]]></LenDataBuildExpr>
        <LengthExpr><![CDATA[$__GDTA_FORMAT.__GDTA_ITEMDATA_LENGTH]]></LengthExpr>
        <SubExpr><![CDATA[]]></SubExpr>
        <BeginTag><![CDATA[]]></BeginTag>
        <EndTag><![CDATA[]]></EndTag>
      </Item>
    </ItemTab>
    <PlatElemMapTab RecNum="0"/>
  </Format>
  <Format FmtName="FMT_NETBK_CLI_ZH0001_REQ_body"
  		FmtDesc="网络签约"
  		IOType="buf"
  		Compress=""
  		FmtType="xml"
  		SignName=""
  		BitMapType=""
  		VarityLen="no"
  		LengthBytes="0"
  		LengthDlmt=""
  		FileFmtType=""
  		EnCoding="GBK"
  		Comment=""
  		ElemName="OBJ_NETBK_ZH0001_REQ_body"
  		XMLType="Standard">
    <FileName><![CDATA[]]></FileName>
    <FilePath><![CDATA[]]></FilePath>
    <LengthParseExpr><![CDATA[]]></LengthParseExpr>
    <LengthBuildExpr><![CDATA[]]></LengthBuildExpr>
    <ParseExpr><![CDATA[]]></ParseExpr>
    <BuildExpr><![CDATA[]]></BuildExpr>
    <NodeClass Name="未分类"
    		Desc="未分类"/>
    <ItemTab RecNum="9">
      <Item ItemType="item"
      		ItemSignName=""
      		ItemIgnr="no"
      		ItemDesc="协议号"
      		ElemName="SgnNo"
      		ItemDlmt=""
      		AsciiFlag="yes"
      		DecLocale="0"
      		FixFlag="no"
      		ItemAdj="no"
      		ItemFill=""
      		LenDataFlag="no"
      		LenDataBytes=""
      		SubName=""
      		SubNodeName=""
      		RecNum=""
      		NotNull="yes"
      		PlatElemFlag="no"
      		EnCoding="GBK"
      		CDATAFlag="no">
        <ConstData><![CDATA[]]></ConstData>
        <ItemParseExpr><![CDATA[]]></ItemParseExpr>
        <ItemBuildExpr><![CDATA[]]></ItemBuildExpr>
        <LenDataParseExpr><![CDATA[]]></LenDataParseExpr>
        <LenDataBuildExpr><![CDATA[]]></LenDataBuildExpr>
        <LengthExpr><![CDATA[]]></LengthExpr>
        <SubExpr><![CDATA[]]></SubExpr>
        <BeginTag><![CDATA[]]></BeginTag>
        <EndTag><![CDATA[]]></EndTag>
      </Item>
      <Item ItemType="item"
      		ItemSignName=""
      		ItemIgnr="no"
      		ItemDesc="签约方账户所属机构标识"
      		ElemName="SgnAcctIssrId"
      		ItemDlmt=""
      		AsciiFlag="yes"
      		DecLocale="0"
      		FixFlag="no"
      		ItemAdj="no"
      		ItemFill=""
      		LenDataFlag="no"
      		LenDataBytes=""
      		SubName=""
      		SubNodeName=""
      		RecNum=""
      		NotNull="yes"
      		PlatElemFlag="no"
      		EnCoding="GBK"
      		CDATAFlag="no">
        <ConstData><![CDATA[]]></ConstData>
        <ItemParseExpr><![CDATA[]]></ItemParseExpr>
        <ItemBuildExpr><![CDATA[]]></ItemBuildExpr>
        <LenDataParseExpr><![CDATA[]]></LenDataParseExpr>
        <LenDataBuildExpr><![CDATA[]]></LenDataBuildExpr>
        <LengthExpr><![CDATA[]]></LengthExpr>
        <SubExpr><![CDATA[]]></SubExpr>
        <BeginTag><![CDATA[]]></BeginTag>
        <EndTag><![CDATA[]]></EndTag>
      </Item>
      <Item ItemType="item"
      		ItemSignName=""
      		ItemIgnr="no"
      		ItemDesc="账户类型"
      		ElemName="SgnAcctTp"
      		ItemDlmt=""
      		AsciiFlag="yes"
      		DecLocale="0"
      		FixFlag="no"
      		ItemAdj="no"
      		ItemFill=""
      		LenDataFlag="no"
      		LenDataBytes=""
      		SubName=""
      		SubNodeName=""
      		RecNum=""
      		NotNull="yes"
      		PlatElemFlag="no"
      		EnCoding="GBK"
      		CDATAFlag="no">
        <ConstData><![CDATA[]]></ConstData>
        <ItemParseExpr><![CDATA[]]></ItemParseExpr>
        <ItemBuildExpr><![CDATA[]]></ItemBuildExpr>
        <LenDataParseExpr><![CDATA[]]></LenDataParseExpr>
        <LenDataBuildExpr><![CDATA[]]></LenDataBuildExpr>
        <LengthExpr><![CDATA[]]></LengthExpr>
        <SubExpr><![CDATA[]]></SubExpr>
        <BeginTag><![CDATA[]]></BeginTag>
        <EndTag><![CDATA[]]></EndTag>
      </Item>
      <Item ItemType="item"
      		ItemSignName=""
      		ItemIgnr="no"
      		ItemDesc="账号"
      		ElemName="SgnAcctId"
      		ItemDlmt=""
      		AsciiFlag="yes"
      		DecLocale="0"
      		FixFlag="no"
      		ItemAdj="no"
      		ItemFill=""
      		LenDataFlag="no"
      		LenDataBytes=""
      		SubName=""
      		SubNodeName=""
      		RecNum=""
      		NotNull="yes"
      		PlatElemFlag="no"
      		EnCoding="GBK"
      		CDATAFlag="no">
        <ConstData><![CDATA[]]></ConstData>
        <ItemParseExpr><![CDATA[]]></ItemParseExpr>
        <ItemBuildExpr><![CDATA[]]></ItemBuildExpr>
        <LenDataParseExpr><![CDATA[]]></LenDataParseExpr>
        <LenDataBuildExpr><![CDATA[]]></LenDataBuildExpr>
        <LengthExpr><![CDATA[]]></LengthExpr>
        <SubExpr><![CDATA[]]></SubExpr>
        <BeginTag><![CDATA[]]></BeginTag>
        <EndTag><![CDATA[]]></EndTag>
      </Item>
      <Item ItemType="item"
      		ItemSignName=""
      		ItemIgnr="no"
      		ItemDesc="账户名"
      		ElemName="SgnAcctNm"
      		ItemDlmt=""
      		AsciiFlag="yes"
      		DecLocale="0"
      		FixFlag="no"
      		ItemAdj="no"
      		ItemFill=""
      		LenDataFlag="no"
      		LenDataBytes=""
      		SubName=""
      		SubNodeName=""
      		RecNum=""
      		NotNull="yes"
      		PlatElemFlag="no"
      		EnCoding="GBK"
      		CDATAFlag="no">
        <ConstData><![CDATA[]]></ConstData>
        <ItemParseExpr><![CDATA[]]></ItemParseExpr>
        <ItemBuildExpr><![CDATA[]]></ItemBuildExpr>
        <LenDataParseExpr><![CDATA[]]></LenDataParseExpr>
        <LenDataBuildExpr><![CDATA[]]></LenDataBuildExpr>
        <LengthExpr><![CDATA[]]></LengthExpr>
        <SubExpr><![CDATA[]]></SubExpr>
        <BeginTag><![CDATA[]]></BeginTag>
        <EndTag><![CDATA[]]></EndTag>
      </Item>
      <Item ItemType="item"
      		ItemSignName=""
      		ItemIgnr="no"
      		ItemDesc="证件类型"
      		ElemName="IdTp"
      		ItemDlmt=""
      		AsciiFlag="yes"
      		DecLocale="0"
      		FixFlag="no"
      		ItemAdj="no"
      		ItemFill=""
      		LenDataFlag="no"
      		LenDataBytes=""
      		SubName=""
      		SubNodeName=""
      		RecNum=""
      		NotNull="yes"
      		PlatElemFlag="no"
      		EnCoding="GBK"
      		CDATAFlag="no">
        <ConstData><![CDATA[]]></ConstData>
        <ItemParseExpr><![CDATA[]]></ItemParseExpr>
        <ItemBuildExpr><![CDATA[]]></ItemBuildExpr>
        <LenDataParseExpr><![CDATA[]]></LenDataParseExpr>
        <LenDataBuildExpr><![CDATA[]]></LenDataBuildExpr>
        <LengthExpr><![CDATA[]]></LengthExpr>
        <SubExpr><![CDATA[]]></SubExpr>
        <BeginTag><![CDATA[]]></BeginTag>
        <EndTag><![CDATA[]]></EndTag>
      </Item>
      <Item ItemType="item"
      		ItemSignName=""
      		ItemIgnr="no"
      		ItemDesc="证件号"
      		ElemName="IdNo"
      		ItemDlmt=""
      		AsciiFlag="yes"
      		DecLocale="0"
      		FixFlag="no"
      		ItemAdj="no"
      		ItemFill=""
      		LenDataFlag="no"
      		LenDataBytes=""
      		SubName=""
      		SubNodeName=""
      		RecNum=""
      		NotNull="yes"
      		PlatElemFlag="no"
      		EnCoding="GBK"
      		CDATAFlag="no">
        <ConstData><![CDATA[]]></ConstData>
        <ItemParseExpr><![CDATA[]]></ItemParseExpr>
        <ItemBuildExpr><![CDATA[]]></ItemBuildExpr>
        <LenDataParseExpr><![CDATA[]]></LenDataParseExpr>
        <LenDataBuildExpr><![CDATA[]]></LenDataBuildExpr>
        <LengthExpr><![CDATA[]]></LengthExpr>
        <SubExpr><![CDATA[]]></SubExpr>
        <BeginTag><![CDATA[]]></BeginTag>
        <EndTag><![CDATA[]]></EndTag>
      </Item>
      <Item ItemType="item"
      		ItemSignName=""
      		ItemIgnr="no"
      		ItemDesc="手机号"
      		ElemName="MobNo"
      		ItemDlmt=""
      		AsciiFlag="yes"
      		DecLocale="0"
      		FixFlag="no"
      		ItemAdj="no"
      		ItemFill=""
      		LenDataFlag="no"
      		LenDataBytes=""
      		SubName=""
      		SubNodeName=""
      		RecNum=""
      		NotNull="yes"
      		PlatElemFlag="no"
      		EnCoding="GBK"
      		CDATAFlag="no">
        <ConstData><![CDATA[]]></ConstData>
        <ItemParseExpr><![CDATA[]]></ItemParseExpr>
        <ItemBuildExpr><![CDATA[]]></ItemBuildExpr>
        <LenDataParseExpr><![CDATA[]]></LenDataParseExpr>
        <LenDataBuildExpr><![CDATA[]]></LenDataBuildExpr>
        <LengthExpr><![CDATA[]]></LengthExpr>
        <SubExpr><![CDATA[]]></SubExpr>
        <BeginTag><![CDATA[]]></BeginTag>
        <EndTag><![CDATA[]]></EndTag>
      </Item>
      <Item ItemType="item"
      		ItemSignName=""
      		ItemIgnr="no"
      		ItemDesc="签约人支付机构账户编号"
      		ElemName="InstgAcct"
      		ItemDlmt=""
      		AsciiFlag="yes"
      		DecLocale="0"
      		FixFlag="no"
      		ItemAdj="no"
      		ItemFill=""
      		LenDataFlag="no"
      		LenDataBytes=""
      		SubName=""
      		SubNodeName=""
      		RecNum=""
      		NotNull="yes"
      		PlatElemFlag="no"
      		EnCoding="GBK"
      		CDATAFlag="no">
        <ConstData><![CDATA[]]></ConstData>
        <ItemParseExpr><![CDATA[]]></ItemParseExpr>
        <ItemBuildExpr><![CDATA[]]></ItemBuildExpr>
        <LenDataParseExpr><![CDATA[]]></LenDataParseExpr>
        <LenDataBuildExpr><![CDATA[]]></LenDataBuildExpr>
        <LengthExpr><![CDATA[]]></LengthExpr>
        <SubExpr><![CDATA[]]></SubExpr>
        <BeginTag><![CDATA[]]></BeginTag>
        <EndTag><![CDATA[]]></EndTag>
      </Item>
    </ItemTab>
    <PlatElemMapTab RecNum="0"/>
  </Format>
  <Format FmtName="FMT_NETBK_CLI_ZH0001_REQ_header"
  		FmtDesc="网络签约"
  		IOType="buf"
  		Compress=""
  		FmtType="xml"
  		SignName=""
  		BitMapType=""
  		VarityLen="no"
  		LengthBytes="0"
  		LengthDlmt=""
  		FileFmtType=""
  		EnCoding="GBK"
  		Comment=""
  		ElemName="OBJ_NETBK_ZH0001_REQ_header"
  		XMLType="Standard">
    <FileName><![CDATA[]]></FileName>
    <FilePath><![CDATA[]]></FilePath>
    <LengthParseExpr><![CDATA[]]></LengthParseExpr>
    <LengthBuildExpr><![CDATA[]]></LengthBuildExpr>
    <ParseExpr><![CDATA[]]></ParseExpr>
    <BuildExpr><![CDATA[]]></BuildExpr>
    <NodeClass Name="未分类"
    		Desc="未分类"/>
    <ItemTab RecNum="4">
      <Item ItemType="item"
      		ItemSignName=""
      		ItemIgnr="no"
      		ItemDesc="签约日期"
      		ElemName="SgnDate"
      		ItemDlmt=""
      		AsciiFlag="yes"
      		DecLocale="0"
      		FixFlag="no"
      		ItemAdj="no"
      		ItemFill=""
      		LenDataFlag="no"
      		LenDataBytes=""
      		SubName=""
      		SubNodeName=""
      		RecNum=""
      		NotNull="yes"
      		PlatElemFlag="no"
      		EnCoding="GBK"
      		CDATAFlag="no">
        <ConstData><![CDATA[]]></ConstData>
        <ItemParseExpr><![CDATA[]]></ItemParseExpr>
        <ItemBuildExpr><![CDATA[]]></ItemBuildExpr>
        <LenDataParseExpr><![CDATA[]]></LenDataParseExpr>
        <LenDataBuildExpr><![CDATA[]]></LenDataBuildExpr>
        <LengthExpr><![CDATA[]]></LengthExpr>
        <SubExpr><![CDATA[]]></SubExpr>
        <BeginTag><![CDATA[]]></BeginTag>
        <EndTag><![CDATA[]]></EndTag>
      </Item>
      <Item ItemType="item"
      		ItemSignName=""
      		ItemIgnr="no"
      		ItemDesc="源方代码"
      		ElemName="OrgNo"
      		ItemDlmt=""
      		AsciiFlag="yes"
      		DecLocale="0"
      		FixFlag="no"
      		ItemAdj="no"
      		ItemFill=""
      		LenDataFlag="no"
      		LenDataBytes=""
      		SubName=""
      		SubNodeName=""
      		RecNum=""
      		NotNull="yes"
      		PlatElemFlag="no"
      		EnCoding="GBK"
      		CDATAFlag="no">
        <ConstData><![CDATA[]]></ConstData>
        <ItemParseExpr><![CDATA[]]></ItemParseExpr>
        <ItemBuildExpr><![CDATA[]]></ItemBuildExpr>
        <LenDataParseExpr><![CDATA[]]></LenDataParseExpr>
        <LenDataBuildExpr><![CDATA[]]></LenDataBuildExpr>
        <LengthExpr><![CDATA[]]></LengthExpr>
        <SubExpr><![CDATA[]]></SubExpr>
        <BeginTag><![CDATA[]]></BeginTag>
        <EndTag><![CDATA[]]></EndTag>
      </Item>
      <Item ItemType="item"
      		ItemSignName=""
      		ItemIgnr="no"
      		ItemDesc="支付机构编号"
      		ElemName="InstgId"
      		ItemDlmt=""
      		AsciiFlag="yes"
      		DecLocale="0"
      		FixFlag="no"
      		ItemAdj="no"
      		ItemFill=""
      		LenDataFlag="no"
      		LenDataBytes=""
      		SubName=""
      		SubNodeName=""
      		RecNum=""
      		NotNull="yes"
      		PlatElemFlag="no"
      		EnCoding="GBK"
      		CDATAFlag="no">
        <ConstData><![CDATA[]]></ConstData>
        <ItemParseExpr><![CDATA[]]></ItemParseExpr>
        <ItemBuildExpr><![CDATA[]]></ItemBuildExpr>
        <LenDataParseExpr><![CDATA[]]></LenDataParseExpr>
        <LenDataBuildExpr><![CDATA[]]></LenDataBuildExpr>
        <LengthExpr><![CDATA[]]></LengthExpr>
        <SubExpr><![CDATA[]]></SubExpr>
        <BeginTag><![CDATA[]]></BeginTag>
        <EndTag><![CDATA[]]></EndTag>
      </Item>
      <Item ItemType="item"
      		ItemSignName=""
      		ItemIgnr="no"
      		ItemDesc="签约标志"
      		ElemName="TxCode"
      		ItemDlmt=""
      		AsciiFlag="yes"
      		DecLocale="0"
      		FixFlag="no"
      		ItemAdj="no"
      		ItemFill=""
      		LenDataFlag="no"
      		LenDataBytes=""
      		SubName=""
      		SubNodeName=""
      		RecNum=""
      		NotNull="yes"
      		PlatElemFlag="no"
      		EnCoding="GBK"
      		CDATAFlag="no">
        <ConstData><![CDATA[]]></ConstData>
        <ItemParseExpr><![CDATA[]]></ItemParseExpr>
        <ItemBuildExpr><![CDATA[]]></ItemBuildExpr>
        <LenDataParseExpr><![CDATA[]]></LenDataParseExpr>
        <LenDataBuildExpr><![CDATA[]]></LenDataBuildExpr>
        <LengthExpr><![CDATA[]]></LengthExpr>
        <SubExpr><![CDATA[]]></SubExpr>
        <BeginTag><![CDATA[]]></BeginTag>
        <EndTag><![CDATA[]]></EndTag>
      </Item>
    </ItemTab>
    <PlatElemMapTab RecNum="0"/>
  </Format>
  <Format FmtName="FMT_NETBK_CLI_ZH0001_REQ"
  		FmtDesc="网络签约"
  		IOType="buf"
  		Compress=""
  		FmtType="xml"
  		SignName=""
  		BitMapType=""
  		VarityLen="no"
  		LengthBytes="0"
  		LengthDlmt=""
  		FileFmtType=""
  		EnCoding="GBK"
  		Comment=""
  		ElemName="OBJ_NETBK_ZH0001_REQ"
  		XMLType="Standard">
    <FileName><![CDATA[]]></FileName>
    <FilePath><![CDATA[]]></FilePath>
    <LengthParseExpr><![CDATA[]]></LengthParseExpr>
    <LengthBuildExpr><![CDATA[]]></LengthBuildExpr>
    <ParseExpr><![CDATA[]]></ParseExpr>
    <BuildExpr><![CDATA[]]></BuildExpr>
    <NodeClass Name="未分类"
    		Desc="未分类"/>
    <ItemTab RecNum="2">
      <Item ItemType="fmt"
      		ItemSignName=""
      		ItemIgnr="no"
      		ItemDesc="网络签约"
      		ElemName=""
      		ItemDlmt=""
      		AsciiFlag="yes"
      		DecLocale="0"
      		FixFlag="no"
      		ItemAdj="no"
      		ItemFill=""
      		LenDataFlag="no"
      		LenDataBytes=""
      		SubName="FMT_NETBK_CLI_ZH0001_REQ_header"
      		SubNodeName="header"
      		RecNum=""
      		NotNull="no"
      		PlatElemFlag="no"
      		EnCoding="UTF-8"
      		CDATAFlag="no">
        <ConstData><![CDATA[]]></ConstData>
        <ItemParseExpr><![CDATA[]]></ItemParseExpr>
        <ItemBuildExpr><![CDATA[]]></ItemBuildExpr>
        <LenDataParseExpr><![CDATA[]]></LenDataParseExpr>
        <LenDataBuildExpr><![CDATA[]]></LenDataBuildExpr>
        <LengthExpr><![CDATA[]]></LengthExpr>
        <SubExpr><![CDATA[]]></SubExpr>
        <BeginTag><![CDATA[]]></BeginTag>
        <EndTag><![CDATA[]]></EndTag>
      </Item>
      <Item ItemType="fmt"
      		ItemSignName=""
      		ItemIgnr="no"
      		ItemDesc="网络签约"
      		ElemName=""
      		ItemDlmt=""
      		AsciiFlag="yes"
      		DecLocale="0"
      		FixFlag="no"
      		ItemAdj="no"
      		ItemFill=""
      		LenDataFlag="no"
      		LenDataBytes=""
      		SubName="FMT_NETBK_CLI_ZH0001_REQ_body"
      		SubNodeName="body"
      		RecNum=""
      		NotNull="no"
      		PlatElemFlag="no"
      		EnCoding="UTF-8"
      		CDATAFlag="no">
        <ConstData><![CDATA[]]></ConstData>
        <ItemParseExpr><![CDATA[]]></ItemParseExpr>
        <ItemBuildExpr><![CDATA[]]></ItemBuildExpr>
        <LenDataParseExpr><![CDATA[]]></LenDataParseExpr>
        <LenDataBuildExpr><![CDATA[]]></LenDataBuildExpr>
        <LengthExpr><![CDATA[]]></LengthExpr>
        <SubExpr><![CDATA[]]></SubExpr>
        <BeginTag><![CDATA[]]></BeginTag>
        <EndTag><![CDATA[]]></EndTag>
      </Item>
    </ItemTab>
    <PlatElemMapTab RecNum="0"/>
  </Format>
  <Format FmtName="FMT_NETBK_CLI_ZH0001_RES_body"
  		FmtDesc="网络签约"
  		IOType="buf"
  		Compress=""
  		FmtType="xml"
  		SignName=""
  		BitMapType=""
  		VarityLen="no"
  		LengthBytes="0"
  		LengthDlmt=""
  		FileFmtType=""
  		EnCoding="GBK"
  		Comment=""
  		ElemName="OBJ_NETBK_ZH0001_RES_body"
  		XMLType="Standard">
    <FileName><![CDATA[]]></FileName>
    <FilePath><![CDATA[]]></FilePath>
    <LengthParseExpr><![CDATA[]]></LengthParseExpr>
    <LengthBuildExpr><![CDATA[]]></LengthBuildExpr>
    <ParseExpr><![CDATA[]]></ParseExpr>
    <BuildExpr><![CDATA[]]></BuildExpr>
    <NodeClass Name="未分类"
    		Desc="未分类"/>
    <ItemTab RecNum="2">
      <Item ItemType="item"
      		ItemSignName=""
      		ItemIgnr="no"
      		ItemDesc="响应码"
      		ElemName="RespCode"
      		ItemDlmt=""
      		AsciiFlag="yes"
      		DecLocale="0"
      		FixFlag="no"
      		ItemAdj="no"
      		ItemFill=""
      		LenDataFlag="no"
      		LenDataBytes=""
      		SubName=""
      		SubNodeName=""
      		RecNum=""
      		NotNull="yes"
      		PlatElemFlag="no"
      		EnCoding="GBK"
      		CDATAFlag="no">
        <ConstData><![CDATA[]]></ConstData>
        <ItemParseExpr><![CDATA[]]></ItemParseExpr>
        <ItemBuildExpr><![CDATA[]]></ItemBuildExpr>
        <LenDataParseExpr><![CDATA[]]></LenDataParseExpr>
        <LenDataBuildExpr><![CDATA[]]></LenDataBuildExpr>
        <LengthExpr><![CDATA[]]></LengthExpr>
        <SubExpr><![CDATA[]]></SubExpr>
        <BeginTag><![CDATA[]]></BeginTag>
        <EndTag><![CDATA[]]></EndTag>
      </Item>
      <Item ItemType="item"
      		ItemSignName=""
      		ItemIgnr="no"
      		ItemDesc="应答描述"
      		ElemName="RespMessage"
      		ItemDlmt=""
      		AsciiFlag="yes"
      		DecLocale="0"
      		FixFlag="no"
      		ItemAdj="no"
      		ItemFill=""
      		LenDataFlag="no"
      		LenDataBytes=""
      		SubName=""
      		SubNodeName=""
      		RecNum=""
      		NotNull="yes"
      		PlatElemFlag="no"
      		EnCoding="GBK"
      		CDATAFlag="no">
        <ConstData><![CDATA[]]></ConstData>
        <ItemParseExpr><![CDATA[]]></ItemParseExpr>
        <ItemBuildExpr><![CDATA[]]></ItemBuildExpr>
        <LenDataParseExpr><![CDATA[]]></LenDataParseExpr>
        <LenDataBuildExpr><![CDATA[]]></LenDataBuildExpr>
        <LengthExpr><![CDATA[]]></LengthExpr>
        <SubExpr><![CDATA[]]></SubExpr>
        <BeginTag><![CDATA[]]></BeginTag>
        <EndTag><![CDATA[]]></EndTag>
      </Item>
    </ItemTab>
    <PlatElemMapTab RecNum="0"/>
  </Format>
  <Format FmtName="FMT_NETBK_CLI_ZH0001_RES_header"
  		FmtDesc="网络签约"
  		IOType="buf"
  		Compress=""
  		FmtType="xml"
  		SignName=""
  		BitMapType=""
  		VarityLen="no"
  		LengthBytes="0"
  		LengthDlmt=""
  		FileFmtType=""
  		EnCoding="GBK"
  		Comment=""
  		ElemName="OBJ_NETBK_ZH0001_RES_header"
  		XMLType="Standard">
    <FileName><![CDATA[]]></FileName>
    <FilePath><![CDATA[]]></FilePath>
    <LengthParseExpr><![CDATA[]]></LengthParseExpr>
    <LengthBuildExpr><![CDATA[]]></LengthBuildExpr>
    <ParseExpr><![CDATA[]]></ParseExpr>
    <BuildExpr><![CDATA[]]></BuildExpr>
    <NodeClass Name="未分类"
    		Desc="未分类"/>
    <ItemTab RecNum="4">
      <Item ItemType="item"
      		ItemSignName=""
      		ItemIgnr="no"
      		ItemDesc="签约日期"
      		ElemName="SgnDate"
      		ItemDlmt=""
      		AsciiFlag="yes"
      		DecLocale="0"
      		FixFlag="no"
      		ItemAdj="no"
      		ItemFill=""
      		LenDataFlag="no"
      		LenDataBytes=""
      		SubName=""
      		SubNodeName=""
      		RecNum=""
      		NotNull="yes"
      		PlatElemFlag="no"
      		EnCoding="GBK"
      		CDATAFlag="no">
        <ConstData><![CDATA[]]></ConstData>
        <ItemParseExpr><![CDATA[]]></ItemParseExpr>
        <ItemBuildExpr><![CDATA[]]></ItemBuildExpr>
        <LenDataParseExpr><![CDATA[]]></LenDataParseExpr>
        <LenDataBuildExpr><![CDATA[]]></LenDataBuildExpr>
        <LengthExpr><![CDATA[]]></LengthExpr>
        <SubExpr><![CDATA[]]></SubExpr>
        <BeginTag><![CDATA[]]></BeginTag>
        <EndTag><![CDATA[]]></EndTag>
      </Item>
      <Item ItemType="item"
      		ItemSignName=""
      		ItemIgnr="no"
      		ItemDesc="源方代码"
      		ElemName="OrgNo"
      		ItemDlmt=""
      		AsciiFlag="yes"
      		DecLocale="0"
      		FixFlag="no"
      		ItemAdj="no"
      		ItemFill=""
      		LenDataFlag="no"
      		LenDataBytes=""
      		SubName=""
      		SubNodeName=""
      		RecNum=""
      		NotNull="yes"
      		PlatElemFlag="no"
      		EnCoding="GBK"
      		CDATAFlag="no">
        <ConstData><![CDATA[]]></ConstData>
        <ItemParseExpr><![CDATA[]]></ItemParseExpr>
        <ItemBuildExpr><![CDATA[]]></ItemBuildExpr>
        <LenDataParseExpr><![CDATA[]]></LenDataParseExpr>
        <LenDataBuildExpr><![CDATA[]]></LenDataBuildExpr>
        <LengthExpr><![CDATA[]]></LengthExpr>
        <SubExpr><![CDATA[]]></SubExpr>
        <BeginTag><![CDATA[]]></BeginTag>
        <EndTag><![CDATA[]]></EndTag>
      </Item>
      <Item ItemType="item"
      		ItemSignName=""
      		ItemIgnr="no"
      		ItemDesc="支付机构编号"
      		ElemName="InstgId"
      		ItemDlmt=""
      		AsciiFlag="yes"
      		DecLocale="0"
      		FixFlag="no"
      		ItemAdj="no"
      		ItemFill=""
      		LenDataFlag="no"
      		LenDataBytes=""
      		SubName=""
      		SubNodeName=""
      		RecNum=""
      		NotNull="yes"
      		PlatElemFlag="no"
      		EnCoding="GBK"
      		CDATAFlag="no">
        <ConstData><![CDATA[]]></ConstData>
        <ItemParseExpr><![CDATA[]]></ItemParseExpr>
        <ItemBuildExpr><![CDATA[]]></ItemBuildExpr>
        <LenDataParseExpr><![CDATA[]]></LenDataParseExpr>
        <LenDataBuildExpr><![CDATA[]]></LenDataBuildExpr>
        <LengthExpr><![CDATA[]]></LengthExpr>
        <SubExpr><![CDATA[]]></SubExpr>
        <BeginTag><![CDATA[]]></BeginTag>
        <EndTag><![CDATA[]]></EndTag>
      </Item>
      <Item ItemType="item"
      		ItemSignName=""
      		ItemIgnr="no"
      		ItemDesc="签约标志"
      		ElemName="TxCode"
      		ItemDlmt=""
      		AsciiFlag="yes"
      		DecLocale="0"
      		FixFlag="no"
      		ItemAdj="no"
      		ItemFill=""
      		LenDataFlag="no"
      		LenDataBytes=""
      		SubName=""
      		SubNodeName=""
      		RecNum=""
      		NotNull="yes"
      		PlatElemFlag="no"
      		EnCoding="GBK"
      		CDATAFlag="no">
        <ConstData><![CDATA[]]></ConstData>
        <ItemParseExpr><![CDATA[]]></ItemParseExpr>
        <ItemBuildExpr><![CDATA[]]></ItemBuildExpr>
        <LenDataParseExpr><![CDATA[]]></LenDataParseExpr>
        <LenDataBuildExpr><![CDATA[]]></LenDataBuildExpr>
        <LengthExpr><![CDATA[]]></LengthExpr>
        <SubExpr><![CDATA[]]></SubExpr>
        <BeginTag><![CDATA[]]></BeginTag>
        <EndTag><![CDATA[]]></EndTag>
      </Item>
    </ItemTab>
    <PlatElemMapTab RecNum="0"/>
  </Format>
  <Format FmtName="FMT_NETBK_CLI_ZH0001_RES"
  		FmtDesc="网络签约"
  		IOType="buf"
  		Compress=""
  		FmtType="xml"
  		SignName=""
  		BitMapType=""
  		VarityLen="no"
  		LengthBytes="0"
  		LengthDlmt=""
  		FileFmtType=""
  		EnCoding="GBK"
  		Comment=""
  		ElemName="OBJ_NETBK_ZH0001_RES"
  		XMLType="Standard">
    <FileName><![CDATA[]]></FileName>
    <FilePath><![CDATA[]]></FilePath>
    <LengthParseExpr><![CDATA[]]></LengthParseExpr>
    <LengthBuildExpr><![CDATA[]]></LengthBuildExpr>
    <ParseExpr><![CDATA[]]></ParseExpr>
    <BuildExpr><![CDATA[]]></BuildExpr>
    <NodeClass Name="未分类"
    		Desc="未分类"/>
    <ItemTab RecNum="2">
      <Item ItemType="fmt"
      		ItemSignName=""
      		ItemIgnr="no"
      		ItemDesc="网络签约"
      		ElemName=""
      		ItemDlmt=""
      		AsciiFlag="yes"
      		DecLocale="0"
      		FixFlag="no"
      		ItemAdj="no"
      		ItemFill=""
      		LenDataFlag="no"
      		LenDataBytes=""
      		SubName="FMT_NETBK_CLI_ZH0001_RES_header"
      		SubNodeName="header"
      		RecNum=""
      		NotNull="no"
      		PlatElemFlag="no"
      		EnCoding="UTF-8"
      		CDATAFlag="no">
        <ConstData><![CDATA[]]></ConstData>
        <ItemParseExpr><![CDATA[]]></ItemParseExpr>
        <ItemBuildExpr><![CDATA[]]></ItemBuildExpr>
        <LenDataParseExpr><![CDATA[]]></LenDataParseExpr>
        <LenDataBuildExpr><![CDATA[]]></LenDataBuildExpr>
        <LengthExpr><![CDATA[]]></LengthExpr>
        <SubExpr><![CDATA[]]></SubExpr>
        <BeginTag><![CDATA[]]></BeginTag>
        <EndTag><![CDATA[]]></EndTag>
      </Item>
      <Item ItemType="fmt"
      		ItemSignName=""
      		ItemIgnr="no"
      		ItemDesc="网络签约"
      		ElemName=""
      		ItemDlmt=""
      		AsciiFlag="yes"
      		DecLocale="0"
      		FixFlag="no"
      		ItemAdj="no"
      		ItemFill=""
      		LenDataFlag="no"
      		LenDataBytes=""
      		SubName="FMT_NETBK_CLI_ZH0001_RES_body"
      		SubNodeName="body"
      		RecNum=""
      		NotNull="no"
      		PlatElemFlag="no"
      		EnCoding="UTF-8"
      		CDATAFlag="no">
        <ConstData><![CDATA[]]></ConstData>
        <ItemParseExpr><![CDATA[]]></ItemParseExpr>
        <ItemBuildExpr><![CDATA[]]></ItemBuildExpr>
        <LenDataParseExpr><![CDATA[]]></LenDataParseExpr>
        <LenDataBuildExpr><![CDATA[]]></LenDataBuildExpr>
        <LengthExpr><![CDATA[]]></LengthExpr>
        <SubExpr><![CDATA[]]></SubExpr>
        <BeginTag><![CDATA[]]></BeginTag>
        <EndTag><![CDATA[]]></EndTag>
      </Item>
    </ItemTab>
    <PlatElemMapTab RecNum="0"/>
  </Format>
</FormatTab>
