<?xml version="1.0" encoding="UTF-8"?>

<DataElementTab RecNum="1">
  <DataElement DataType="Struct"
  		ElemName="T_QRP_BOOK"
  		ElemDesc="二维码登记簿"
  		NodeClassName="未分类"
  		NodeClassDesc="未分类"
  		XmlNodeName="T_QRP_BOOK">
    <ItemTab RecNum="86">
      <Item ItemName="PLAT_DATE"
      		ItemDesc="平台日期"
      		ItemType="DataDict"
      		TypeName="str_10bit"
      		ItemDeft=""
      		ElemType="No"
      		Array="No"
      		NodeType="Node"
      		Security="No"
      		EnumName =""
      		EnumKvp =""
      		RelateItemName ="">
        <ScopeExpr><![CDATA[]]></ScopeExpr>
      </Item>
      <Item ItemName="SEQ_NO"
      		ItemDesc="平台流水号"
      		ItemType="DataDict"
      		TypeName="int_10bit"
      		ItemDeft=""
      		ElemType="No"
      		Array="No"
      		NodeType="Node"
      		Security="No"
      		EnumName =""
      		EnumKvp =""
      		RelateItemName ="">
        <ScopeExpr><![CDATA[]]></ScopeExpr>
      </Item>
      <Item ItemName="ACQ_CODE"
      		ItemDesc="收款方机构代码"
      		ItemType="DataDict"
      		TypeName="str_11bit"
      		ItemDeft=""
      		ElemType="No"
      		Array="No"
      		NodeType="Node"
      		Security="No"
      		EnumName =""
      		EnumKvp =""
      		RelateItemName ="">
        <ScopeExpr><![CDATA[]]></ScopeExpr>
      </Item>
      <Item ItemName="ADDN_COND_CURRENCY"
      		ItemDesc="附加处理条件-币种"
      		ItemType="DataDict"
      		TypeName="str_3bit"
      		ItemDeft=""
      		ElemType="No"
      		Array="No"
      		NodeType="Node"
      		Security="No"
      		EnumName =""
      		EnumKvp =""
      		RelateItemName ="">
        <ScopeExpr><![CDATA[]]></ScopeExpr>
      </Item>
      <Item ItemName="ADDN_COND_PINFREE"
      		ItemDesc="附加处理条件-免密金额"
      		ItemType="DataDict"
      		TypeName="double_16_2"
      		ItemDeft=""
      		ElemType="No"
      		Array="No"
      		NodeType="Node"
      		Security="No"
      		EnumName =""
      		EnumKvp =""
      		RelateItemName ="">
        <ScopeExpr><![CDATA[]]></ScopeExpr>
      </Item>
      <Item ItemName="ADDN_COND_MAXAMONT"
      		ItemDesc="附加处理条件-最高交易金额"
      		ItemType="DataDict"
      		TypeName="double_16_2"
      		ItemDeft=""
      		ElemType="No"
      		Array="No"
      		NodeType="Node"
      		Security="No"
      		EnumName =""
      		EnumKvp =""
      		RelateItemName ="">
        <ScopeExpr><![CDATA[]]></ScopeExpr>
      </Item>
      <Item ItemName="ADDN_OPURL"
      		ItemDesc="附加处理服务器地址"
      		ItemType="DataDict"
      		TypeName="str_200bit"
      		ItemDeft=""
      		ElemType="No"
      		Array="No"
      		NodeType="Node"
      		Security="No"
      		EnumName =""
      		EnumKvp =""
      		RelateItemName ="">
        <ScopeExpr><![CDATA[]]></ScopeExpr>
      </Item>
      <Item ItemName="BACK_URL"
      		ItemDesc="交易通知地址"
      		ItemType="DataDict"
      		TypeName="str_200bit"
      		ItemDeft=""
      		ElemType="No"
      		Array="No"
      		NodeType="Node"
      		Security="No"
      		EnumName =""
      		EnumKvp =""
      		RelateItemName ="">
        <ScopeExpr><![CDATA[]]></ScopeExpr>
      </Item>
      <Item ItemName="CERT_ID"
      		ItemDesc="证书编号"
      		ItemType="DataDict"
      		TypeName="str_128bit"
      		ItemDeft=""
      		ElemType="No"
      		Array="No"
      		NodeType="Node"
      		Security="No"
      		EnumName =""
      		EnumKvp =""
      		RelateItemName ="">
        <ScopeExpr><![CDATA[]]></ScopeExpr>
      </Item>
      <Item ItemName="COM_INFO"
      		ItemDesc="银行对账流水信息"
      		ItemType="DataDict"
      		TypeName="str_500bit"
      		ItemDeft=""
      		ElemType="No"
      		Array="No"
      		NodeType="Node"
      		Security="No"
      		EnumName =""
      		EnumKvp =""
      		RelateItemName ="">
        <ScopeExpr><![CDATA[]]></ScopeExpr>
      </Item>
      <Item ItemName="COUPON_INFO"
      		ItemDesc="优惠信息"
      		ItemType="DataDict"
      		TypeName="str_500bit"
      		ItemDeft=""
      		ElemType="No"
      		Array="No"
      		NodeType="Node"
      		Security="No"
      		EnumName =""
      		EnumKvp =""
      		RelateItemName ="">
        <ScopeExpr><![CDATA[]]></ScopeExpr>
      </Item>
      <Item ItemName="COUPON_INFO_TYPE"
      		ItemDesc="优惠信息-项目类型"
      		ItemType="DataDict"
      		TypeName="str_4bit"
      		ItemDeft=""
      		ElemType="No"
      		Array="No"
      		NodeType="Node"
      		Security="No"
      		EnumName =""
      		EnumKvp =""
      		RelateItemName ="">
        <ScopeExpr><![CDATA[]]></ScopeExpr>
      </Item>
      <Item ItemName="COUPON_INFO_SPNSR_ID"
      		ItemDesc="优惠信息-出资方"
      		ItemType="DataDict"
      		TypeName="str_20bit"
      		ItemDeft=""
      		ElemType="No"
      		Array="No"
      		NodeType="Node"
      		Security="No"
      		EnumName =""
      		EnumKvp =""
      		RelateItemName ="">
        <ScopeExpr><![CDATA[]]></ScopeExpr>
      </Item>
      <Item ItemName="COUPON_INFO_OFFST_AMT"
      		ItemDesc="优惠信息-抵消交易金额"
      		ItemType="DataDict"
      		TypeName="double_16_2"
      		ItemDeft=""
      		ElemType="No"
      		Array="No"
      		NodeType="Node"
      		Security="No"
      		EnumName =""
      		EnumKvp =""
      		RelateItemName ="">
        <ScopeExpr><![CDATA[]]></ScopeExpr>
      </Item>
      <Item ItemName="COUPON_INFO_ID"
      		ItemDesc="优惠信息-项目编号"
      		ItemType="DataDict"
      		TypeName="str_40bit"
      		ItemDeft=""
      		ElemType="No"
      		Array="No"
      		NodeType="Node"
      		Security="No"
      		EnumName =""
      		EnumKvp =""
      		RelateItemName ="">
        <ScopeExpr><![CDATA[]]></ScopeExpr>
      </Item>
      <Item ItemName="COUPON_INFO_DESC"
      		ItemDesc="优惠信息-项目简称"
      		ItemType="DataDict"
      		TypeName="str_40bit"
      		ItemDeft=""
      		ElemType="No"
      		Array="No"
      		NodeType="Node"
      		Security="No"
      		EnumName =""
      		EnumKvp =""
      		RelateItemName ="">
        <ScopeExpr><![CDATA[]]></ScopeExpr>
      </Item>
      <Item ItemName="COUPON_INFO_ADDNINFO"
      		ItemDesc="优惠信息-附加信息"
      		ItemType="DataDict"
      		TypeName="str_100bit"
      		ItemDeft=""
      		ElemType="No"
      		Array="No"
      		NodeType="Node"
      		Security="No"
      		EnumName =""
      		EnumKvp =""
      		RelateItemName ="">
        <ScopeExpr><![CDATA[]]></ScopeExpr>
      </Item>
      <Item ItemName="CURRENCY_CODE"
      		ItemDesc="交易币种"
      		ItemType="DataDict"
      		TypeName="str_50bit"
      		ItemDeft=""
      		ElemType="No"
      		Array="No"
      		NodeType="Node"
      		Security="No"
      		EnumName =""
      		EnumKvp =""
      		RelateItemName ="">
        <ScopeExpr><![CDATA[]]></ScopeExpr>
      </Item>
      <Item ItemName="ENCRYPT_CERT_ID"
      		ItemDesc="加密证书编号"
      		ItemType="DataDict"
      		TypeName="str_50bit"
      		ItemDeft=""
      		ElemType="No"
      		Array="No"
      		NodeType="Node"
      		Security="No"
      		EnumName =""
      		EnumKvp =""
      		RelateItemName ="">
        <ScopeExpr><![CDATA[]]></ScopeExpr>
      </Item>
      <Item ItemName="INVOICE_INFO_ID"
      		ItemDesc="发票信息-编号"
      		ItemType="DataDict"
      		TypeName="str_20bit"
      		ItemDeft=""
      		ElemType="No"
      		Array="No"
      		NodeType="Node"
      		Security="No"
      		EnumName =""
      		EnumKvp =""
      		RelateItemName ="">
        <ScopeExpr><![CDATA[]]></ScopeExpr>
      </Item>
      <Item ItemName="INVOICE_INFO_AMOUNT"
      		ItemDesc="发票信息-金额"
      		ItemType="DataDict"
      		TypeName="double_16_2"
      		ItemDeft=""
      		ElemType="No"
      		Array="No"
      		NodeType="Node"
      		Security="No"
      		EnumName =""
      		EnumKvp =""
      		RelateItemName ="">
        <ScopeExpr><![CDATA[]]></ScopeExpr>
      </Item>
      <Item ItemName="INVOICE_ST"
      		ItemDesc="支持发票"
      		ItemType="DataDict"
      		TypeName="int_1bit"
      		ItemDeft=""
      		ElemType="No"
      		Array="No"
      		NodeType="Node"
      		Security="No"
      		EnumName =""
      		EnumKvp =""
      		RelateItemName ="">
        <ScopeExpr><![CDATA[]]></ScopeExpr>
      </Item>
      <Item ItemName="ISS_CODE"
      		ItemDesc="付款方机构代码"
      		ItemType="DataDict"
      		TypeName="str_11bit"
      		ItemDeft=""
      		ElemType="No"
      		Array="No"
      		NodeType="Node"
      		Security="No"
      		EnumName =""
      		EnumKvp =""
      		RelateItemName ="">
        <ScopeExpr><![CDATA[]]></ScopeExpr>
      </Item>
      <Item ItemName="LIMIT_COUNT"
      		ItemDesc="限制支付次数"
      		ItemType="DataDict"
      		TypeName="int_10bit"
      		ItemDeft=""
      		ElemType="No"
      		Array="No"
      		NodeType="Node"
      		Security="No"
      		EnumName =""
      		EnumKvp =""
      		RelateItemName ="">
        <ScopeExpr><![CDATA[]]></ScopeExpr>
      </Item>
      <Item ItemName="MERCAT_CODE"
      		ItemDesc="商户类别"
      		ItemType="DataDict"
      		TypeName="int_4bit"
      		ItemDeft=""
      		ElemType="No"
      		Array="No"
      		NodeType="Node"
      		Security="No"
      		EnumName =""
      		EnumKvp =""
      		RelateItemName ="">
        <ScopeExpr><![CDATA[]]></ScopeExpr>
      </Item>
      <Item ItemName="MER_ID"
      		ItemDesc="商户代码"
      		ItemType="DataDict"
      		TypeName="str_15bit"
      		ItemDeft=""
      		ElemType="No"
      		Array="No"
      		NodeType="Node"
      		Security="No"
      		EnumName =""
      		EnumKvp =""
      		RelateItemName ="">
        <ScopeExpr><![CDATA[]]></ScopeExpr>
      </Item>
      <Item ItemName="MER_NAME"
      		ItemDesc="商户名称"
      		ItemType="DataDict"
      		TypeName="str_60bit"
      		ItemDeft=""
      		ElemType="No"
      		Array="No"
      		NodeType="Node"
      		Security="No"
      		EnumName =""
      		EnumKvp =""
      		RelateItemName ="">
        <ScopeExpr><![CDATA[]]></ScopeExpr>
      </Item>
      <Item ItemName="ORDER_DETAILS"
      		ItemDesc="订单详情"
      		ItemType="DataDict"
      		TypeName="str_200bit"
      		ItemDeft=""
      		ElemType="No"
      		Array="No"
      		NodeType="Node"
      		Security="No"
      		EnumName =""
      		EnumKvp =""
      		RelateItemName ="">
        <ScopeExpr><![CDATA[]]></ScopeExpr>
      </Item>
      <Item ItemName="ORDER_NO"
      		ItemDesc="订单号"
      		ItemType="DataDict"
      		TypeName="str_40bit"
      		ItemDeft=""
      		ElemType="No"
      		Array="No"
      		NodeType="Node"
      		Security="No"
      		EnumName =""
      		EnumKvp =""
      		RelateItemName ="">
        <ScopeExpr><![CDATA[]]></ScopeExpr>
      </Item>
      <Item ItemName="ORDER_TIME"
      		ItemDesc="订单时间"
      		ItemType="DataDict"
      		TypeName="str_14bit"
      		ItemDeft=""
      		ElemType="No"
      		Array="No"
      		NodeType="Node"
      		Security="No"
      		EnumName =""
      		EnumKvp =""
      		RelateItemName ="">
        <ScopeExpr><![CDATA[]]></ScopeExpr>
      </Item>
      <Item ItemName="ORDER_TYPE"
      		ItemDesc="订单类型"
      		ItemType="DataDict"
      		TypeName="str_50bit"
      		ItemDeft=""
      		ElemType="No"
      		Array="No"
      		NodeType="Node"
      		Security="No"
      		EnumName =""
      		EnumKvp =""
      		RelateItemName ="">
        <ScopeExpr><![CDATA[]]></ScopeExpr>
      </Item>
      <Item ItemName="ORIG_ORDER_NO"
      		ItemDesc="原始订单号"
      		ItemType="DataDict"
      		TypeName="str_50bit"
      		ItemDeft=""
      		ElemType="No"
      		Array="No"
      		NodeType="Node"
      		Security="No"
      		EnumName =""
      		EnumKvp =""
      		RelateItemName ="">
        <ScopeExpr><![CDATA[]]></ScopeExpr>
      </Item>
      <Item ItemName="ORIG_ORDER_TIME"
      		ItemDesc="原始订单时间"
      		ItemType="DataDict"
      		TypeName="str_50bit"
      		ItemDeft=""
      		ElemType="No"
      		Array="No"
      		NodeType="Node"
      		Security="No"
      		EnumName =""
      		EnumKvp =""
      		RelateItemName ="">
        <ScopeExpr><![CDATA[]]></ScopeExpr>
      </Item>
      <Item ItemName="ORIG_REQ_TYPE"
      		ItemDesc="原交易类型"
      		ItemType="DataDict"
      		TypeName="str_50bit"
      		ItemDeft=""
      		ElemType="No"
      		Array="No"
      		NodeType="Node"
      		Security="No"
      		EnumName =""
      		EnumKvp =""
      		RelateItemName ="">
        <ScopeExpr><![CDATA[]]></ScopeExpr>
      </Item>
      <Item ItemName="ORIG_RESP_CODE"
      		ItemDesc="原交易应答码"
      		ItemType="DataDict"
      		TypeName="str_50bit"
      		ItemDeft=""
      		ElemType="No"
      		Array="No"
      		NodeType="Node"
      		Security="No"
      		EnumName =""
      		EnumKvp =""
      		RelateItemName ="">
        <ScopeExpr><![CDATA[]]></ScopeExpr>
      </Item>
      <Item ItemName="ORIG_RESP_MSG"
      		ItemDesc="原交易应答信息"
      		ItemType="DataDict"
      		TypeName="str_50bit"
      		ItemDeft=""
      		ElemType="No"
      		Array="No"
      		NodeType="Node"
      		Security="No"
      		EnumName =""
      		EnumKvp =""
      		RelateItemName ="">
        <ScopeExpr><![CDATA[]]></ScopeExpr>
      </Item>
      <Item ItemName="ORIG_TXN_AMT"
      		ItemDesc="初始交易金额"
      		ItemType="DataDict"
      		TypeName="double_16_2"
      		ItemDeft=""
      		ElemType="No"
      		Array="No"
      		NodeType="Node"
      		Security="No"
      		EnumName =""
      		EnumKvp =""
      		RelateItemName ="">
        <ScopeExpr><![CDATA[]]></ScopeExpr>
      </Item>
      <Item ItemName="PAYEE_COMMENTS"
      		ItemDesc="收款方附言"
      		ItemType="DataDict"
      		TypeName="str_100bit"
      		ItemDeft=""
      		ElemType="No"
      		Array="No"
      		NodeType="Node"
      		Security="No"
      		EnumName =""
      		EnumKvp =""
      		RelateItemName ="">
        <ScopeExpr><![CDATA[]]></ScopeExpr>
      </Item>
      <Item ItemName="PAYEE_INFO_MERCAT_CODE"
      		ItemDesc="收款方信息-类别"
      		ItemType="DataDict"
      		TypeName="int_4bit"
      		ItemDeft=""
      		ElemType="No"
      		Array="No"
      		NodeType="Node"
      		Security="No"
      		EnumName =""
      		EnumKvp =""
      		RelateItemName ="">
        <ScopeExpr><![CDATA[]]></ScopeExpr>
      </Item>
      <Item ItemName="PAYEE_INFO_ID"
      		ItemDesc="收款方信息-代码"
      		ItemType="DataDict"
      		TypeName="str_20bit"
      		ItemDeft=""
      		ElemType="No"
      		Array="No"
      		NodeType="Node"
      		Security="No"
      		EnumName =""
      		EnumKvp =""
      		RelateItemName ="">
        <ScopeExpr><![CDATA[]]></ScopeExpr>
      </Item>
      <Item ItemName="PAYEE_INFO_NAME"
      		ItemDesc="收款方信息-名称"
      		ItemType="DataDict"
      		TypeName="str_100bit"
      		ItemDeft=""
      		ElemType="No"
      		Array="No"
      		NodeType="Node"
      		Security="No"
      		EnumName =""
      		EnumKvp =""
      		RelateItemName ="">
        <ScopeExpr><![CDATA[]]></ScopeExpr>
      </Item>
      <Item ItemName="PAYEE_INFO_TERM_ID"
      		ItemDesc="收款方信息-终端号"
      		ItemType="DataDict"
      		TypeName="str_8bit"
      		ItemDeft=""
      		ElemType="No"
      		Array="No"
      		NodeType="Node"
      		Security="No"
      		EnumName =""
      		EnumKvp =""
      		RelateItemName ="">
        <ScopeExpr><![CDATA[]]></ScopeExpr>
      </Item>
      <Item ItemName="PAYEE_INFO_ACC_NO"
      		ItemDesc="收款方信息-卡号"
      		ItemType="DataDict"
      		TypeName="str_40bit"
      		ItemDeft=""
      		ElemType="No"
      		Array="No"
      		NodeType="Node"
      		Security="No"
      		EnumName =""
      		EnumKvp =""
      		RelateItemName ="">
        <ScopeExpr><![CDATA[]]></ScopeExpr>
      </Item>
      <Item ItemName="PAYEE_INFO_SUB_ID"
      		ItemDesc="收款方信息-二级代码"
      		ItemType="DataDict"
      		TypeName="str_20bit"
      		ItemDeft=""
      		ElemType="No"
      		Array="No"
      		NodeType="Node"
      		Security="No"
      		EnumName =""
      		EnumKvp =""
      		RelateItemName ="">
        <ScopeExpr><![CDATA[]]></ScopeExpr>
      </Item>
      <Item ItemName="PAYEE_INFO_SUB_NAME"
      		ItemDesc="收款方信息-二级名称"
      		ItemType="DataDict"
      		TypeName="str_100bit"
      		ItemDeft=""
      		ElemType="No"
      		Array="No"
      		NodeType="Node"
      		Security="No"
      		EnumName =""
      		EnumKvp =""
      		RelateItemName ="">
        <ScopeExpr><![CDATA[]]></ScopeExpr>
      </Item>
      <Item ItemName="PAYER_COMMENTS"
      		ItemDesc="付款方附言"
      		ItemType="DataDict"
      		TypeName="str_100bit"
      		ItemDeft=""
      		ElemType="No"
      		Array="No"
      		NodeType="Node"
      		Security="No"
      		EnumName =""
      		EnumKvp =""
      		RelateItemName ="">
        <ScopeExpr><![CDATA[]]></ScopeExpr>
      </Item>
      <Item ItemName="PAYER_INFO_ACC_NO"
      		ItemDesc="付款方信息-付款账号"
      		ItemType="DataDict"
      		TypeName="str_40bit"
      		ItemDeft=""
      		ElemType="No"
      		Array="No"
      		NodeType="Node"
      		Security="No"
      		EnumName =""
      		EnumKvp =""
      		RelateItemName ="">
        <ScopeExpr><![CDATA[]]></ScopeExpr>
      </Item>
      <Item ItemName="PAYER_INFO_NAME"
      		ItemDesc="付款方信息-付款方名称"
      		ItemType="DataDict"
      		TypeName="str_100bit"
      		ItemDeft=""
      		ElemType="No"
      		Array="No"
      		NodeType="Node"
      		Security="No"
      		EnumName =""
      		EnumKvp =""
      		RelateItemName ="">
        <ScopeExpr><![CDATA[]]></ScopeExpr>
      </Item>
      <Item ItemName="PAYER_INFO_PAYER_BANK_INFO"
      		ItemDesc="付款方信息-付款银行信息"
      		ItemType="DataDict"
      		TypeName="str_100bit"
      		ItemDeft=""
      		ElemType="No"
      		Array="No"
      		NodeType="Node"
      		Security="No"
      		EnumName =""
      		EnumKvp =""
      		RelateItemName ="">
        <ScopeExpr><![CDATA[]]></ScopeExpr>
      </Item>
      <Item ItemName="PAYER_INFO_ISS_CODE"
      		ItemDesc="付款方信息-发卡机构代码"
      		ItemType="DataDict"
      		TypeName="str_11bit"
      		ItemDeft=""
      		ElemType="No"
      		Array="No"
      		NodeType="Node"
      		Security="No"
      		EnumName =""
      		EnumKvp =""
      		RelateItemName ="">
        <ScopeExpr><![CDATA[]]></ScopeExpr>
      </Item>
      <Item ItemName="PAYER_INFO_ACCT_CLASS"
      		ItemDesc="付款方信息-账户类型"
      		ItemType="DataDict"
      		TypeName="int_1bit"
      		ItemDeft=""
      		ElemType="No"
      		Array="No"
      		NodeType="Node"
      		Security="No"
      		EnumName =""
      		EnumKvp =""
      		RelateItemName ="">
        <ScopeExpr><![CDATA[]]></ScopeExpr>
      </Item>
      <Item ItemName="PAYER_INFO_CERTIF_TP"
      		ItemDesc="付款方信息-证件类型"
      		ItemType="DataDict"
      		TypeName="str_2bit"
      		ItemDeft=""
      		ElemType="No"
      		Array="No"
      		NodeType="Node"
      		Security="No"
      		EnumName =""
      		EnumKvp =""
      		RelateItemName ="">
        <ScopeExpr><![CDATA[]]></ScopeExpr>
      </Item>
      <Item ItemName="PAYER_INFO_CERTIF_ID"
      		ItemDesc="付款方信息-证件号码"
      		ItemType="DataDict"
      		TypeName="str_20bit"
      		ItemDeft=""
      		ElemType="No"
      		Array="No"
      		NodeType="Node"
      		Security="No"
      		EnumName =""
      		EnumKvp =""
      		RelateItemName ="">
        <ScopeExpr><![CDATA[]]></ScopeExpr>
      </Item>
      <Item ItemName="PAYER_INFO_CVN2"
      		ItemDesc="付款方信息-CVN2"
      		ItemType="DataDict"
      		TypeName="str_3bit"
      		ItemDeft=""
      		ElemType="No"
      		Array="No"
      		NodeType="Node"
      		Security="No"
      		EnumName =""
      		EnumKvp =""
      		RelateItemName ="">
        <ScopeExpr><![CDATA[]]></ScopeExpr>
      </Item>
      <Item ItemName="PAYER_INFO_EXPIRED"
      		ItemDesc="付款方信息-卡有效期"
      		ItemType="DataDict"
      		TypeName="str_4bit"
      		ItemDeft=""
      		ElemType="No"
      		Array="No"
      		NodeType="Node"
      		Security="No"
      		EnumName =""
      		EnumKvp =""
      		RelateItemName ="">
        <ScopeExpr><![CDATA[]]></ScopeExpr>
      </Item>
      <Item ItemName="PAYER_INFO_CARD_ATTR"
      		ItemDesc="付款方信息-卡属性"
      		ItemType="DataDict"
      		TypeName="str_2bit"
      		ItemDeft=""
      		ElemType="No"
      		Array="No"
      		NodeType="Node"
      		Security="No"
      		EnumName =""
      		EnumKvp =""
      		RelateItemName ="">
        <ScopeExpr><![CDATA[]]></ScopeExpr>
      </Item>
      <Item ItemName="PAYER_INFO_MOBILE"
      		ItemDesc="付款方信息-手机号"
      		ItemType="DataDict"
      		TypeName="str_20bit"
      		ItemDeft=""
      		ElemType="No"
      		Array="No"
      		NodeType="Node"
      		Security="No"
      		EnumName =""
      		EnumKvp =""
      		RelateItemName ="">
        <ScopeExpr><![CDATA[]]></ScopeExpr>
      </Item>
      <Item ItemName="PAYMENT_VALID_TIME"
      		ItemDesc="支付有效时间"
      		ItemType="DataDict"
      		TypeName="int_10bit"
      		ItemDeft=""
      		ElemType="No"
      		Array="No"
      		NodeType="Node"
      		Security="No"
      		EnumName =""
      		EnumKvp =""
      		RelateItemName ="">
        <ScopeExpr><![CDATA[]]></ScopeExpr>
      </Item>
      <Item ItemName="QR_CODE"
      		ItemDesc="二维码/C2B码"
      		ItemType="DataDict"
      		TypeName="str_300bit"
      		ItemDeft=""
      		ElemType="No"
      		Array="No"
      		NodeType="Node"
      		Security="No"
      		EnumName =""
      		EnumKvp =""
      		RelateItemName ="">
        <ScopeExpr><![CDATA[]]></ScopeExpr>
      </Item>
      <Item ItemName="QR_TYPE"
      		ItemDesc="C2B码请求类型"
      		ItemType="DataDict"
      		TypeName="str_50bit"
      		ItemDeft=""
      		ElemType="No"
      		Array="No"
      		NodeType="Node"
      		Security="No"
      		EnumName =""
      		EnumKvp =""
      		RelateItemName ="">
        <ScopeExpr><![CDATA[]]></ScopeExpr>
      </Item>
      <Item ItemName="QR_VALID_TIME"
      		ItemDesc="二维码有效时间"
      		ItemType="DataDict"
      		TypeName="int_10bit"
      		ItemDeft=""
      		ElemType="No"
      		Array="No"
      		NodeType="Node"
      		Security="No"
      		EnumName =""
      		EnumKvp =""
      		RelateItemName ="">
        <ScopeExpr><![CDATA[]]></ScopeExpr>
      </Item>
      <Item ItemName="REQ_RESERVED"
      		ItemDesc="请求方自定义域"
      		ItemType="DataDict"
      		TypeName="str_50bit"
      		ItemDeft=""
      		ElemType="No"
      		Array="No"
      		NodeType="Node"
      		Security="No"
      		EnumName =""
      		EnumKvp =""
      		RelateItemName ="">
        <ScopeExpr><![CDATA[]]></ScopeExpr>
      </Item>
      <Item ItemName="RISK_INFO"
      		ItemDesc="风险控制信息"
      		ItemType="DataDict"
      		TypeName="str_1024bit"
      		ItemDeft=""
      		ElemType="No"
      		Array="No"
      		NodeType="Node"
      		Security="No"
      		EnumName =""
      		EnumKvp =""
      		RelateItemName ="">
        <ScopeExpr><![CDATA[]]></ScopeExpr>
      </Item>
      <Item ItemName="REQ_TYPE"
      		ItemDesc="交易类型"
      		ItemType="DataDict"
      		TypeName="str_50bit"
      		ItemDeft=""
      		ElemType="No"
      		Array="No"
      		NodeType="Node"
      		Security="No"
      		EnumName =""
      		EnumKvp =""
      		RelateItemName ="">
        <ScopeExpr><![CDATA[]]></ScopeExpr>
      </Item>
      <Item ItemName="STAT"
      		ItemDesc="交易状态"
      		ItemType="DataDict"
      		TypeName="str_4bit"
      		ItemDeft=""
      		ElemType="No"
      		Array="No"
      		NodeType="Node"
      		Security="No"
      		EnumName =""
      		EnumKvp =""
      		RelateItemName ="">
        <ScopeExpr><![CDATA[]]></ScopeExpr>
      </Item>
      <Item ItemName="RESP_CODE"
      		ItemDesc="应答码"
      		ItemType="DataDict"
      		TypeName="str_50bit"
      		ItemDeft=""
      		ElemType="No"
      		Array="No"
      		NodeType="Node"
      		Security="No"
      		EnumName =""
      		EnumKvp =""
      		RelateItemName ="">
        <ScopeExpr><![CDATA[]]></ScopeExpr>
      </Item>
      <Item ItemName="RESP_MSG"
      		ItemDesc="应答信息"
      		ItemType="DataDict"
      		TypeName="str_50bit"
      		ItemDeft=""
      		ElemType="No"
      		Array="No"
      		NodeType="Node"
      		Security="No"
      		EnumName =""
      		EnumKvp =""
      		RelateItemName ="">
        <ScopeExpr><![CDATA[]]></ScopeExpr>
      </Item>
      <Item ItemName="SPEC_FEE_INFO"
      		ItemDesc="特殊计费标识"
      		ItemType="DataDict"
      		TypeName="str_50bit"
      		ItemDeft=""
      		ElemType="No"
      		Array="No"
      		NodeType="Node"
      		Security="No"
      		EnumName =""
      		EnumKvp =""
      		RelateItemName ="">
        <ScopeExpr><![CDATA[]]></ScopeExpr>
      </Item>
      <Item ItemName="SETTLE_DATE"
      		ItemDesc="清算日期"
      		ItemType="DataDict"
      		TypeName="str_50bit"
      		ItemDeft=""
      		ElemType="No"
      		Array="No"
      		NodeType="Node"
      		Security="No"
      		EnumName =""
      		EnumKvp =""
      		RelateItemName ="">
        <ScopeExpr><![CDATA[]]></ScopeExpr>
      </Item>
      <Item ItemName="SETTLE_KEY"
      		ItemDesc="清算主键"
      		ItemType="DataDict"
      		TypeName="str_50bit"
      		ItemDeft=""
      		ElemType="No"
      		Array="No"
      		NodeType="Node"
      		Security="No"
      		EnumName =""
      		EnumKvp =""
      		RelateItemName ="">
        <ScopeExpr><![CDATA[]]></ScopeExpr>
      </Item>
      <Item ItemName="SIGN_CHK_FLAG"
      		ItemDesc="签名验证状态"
      		ItemType="DataDict"
      		TypeName="str_50bit"
      		ItemDeft=""
      		ElemType="No"
      		Array="No"
      		NodeType="Node"
      		Security="No"
      		EnumName =""
      		EnumKvp =""
      		RelateItemName ="">
        <ScopeExpr><![CDATA[]]></ScopeExpr>
      </Item>
      <Item ItemName="TERM_ID"
      		ItemDesc="终端号"
      		ItemType="DataDict"
      		TypeName="str_50bit"
      		ItemDeft=""
      		ElemType="No"
      		Array="No"
      		NodeType="Node"
      		Security="No"
      		EnumName =""
      		EnumKvp =""
      		RelateItemName ="">
        <ScopeExpr><![CDATA[]]></ScopeExpr>
      </Item>
      <Item ItemName="TRANS_ADDN_INFO_MER_ID"
      		ItemDesc="交易附加信息-商户ID"
      		ItemType="DataDict"
      		TypeName="str_15bit"
      		ItemDeft=""
      		ElemType="No"
      		Array="No"
      		NodeType="Node"
      		Security="No"
      		EnumName =""
      		EnumKvp =""
      		RelateItemName ="">
        <ScopeExpr><![CDATA[]]></ScopeExpr>
      </Item>
      <Item ItemName="TRANS_ADDN_INFO_MER_NAME"
      		ItemDesc="交易附加信息-商户名称"
      		ItemType="DataDict"
      		TypeName="str_40bit"
      		ItemDeft=""
      		ElemType="No"
      		Array="No"
      		NodeType="Node"
      		Security="No"
      		EnumName =""
      		EnumKvp =""
      		RelateItemName ="">
        <ScopeExpr><![CDATA[]]></ScopeExpr>
      </Item>
      <Item ItemName="TRANS_ADDN_INFO_ACQ_CODE"
      		ItemDesc="交易附加信息-收单机构ID"
      		ItemType="DataDict"
      		TypeName="str_12bit"
      		ItemDeft=""
      		ElemType="No"
      		Array="No"
      		NodeType="Node"
      		Security="No"
      		EnumName =""
      		EnumKvp =""
      		RelateItemName ="">
        <ScopeExpr><![CDATA[]]></ScopeExpr>
      </Item>
      <Item ItemName="TXN_AMT"
      		ItemDesc="交易金额"
      		ItemType="DataDict"
      		TypeName="double_16_2"
      		ItemDeft=""
      		ElemType="No"
      		Array="No"
      		NodeType="Node"
      		Security="No"
      		EnumName =""
      		EnumKvp =""
      		RelateItemName ="">
        <ScopeExpr><![CDATA[]]></ScopeExpr>
      </Item>
      <Item ItemName="TXN_NO"
      		ItemDesc="交易序列号"
      		ItemType="DataDict"
      		TypeName="str_50bit"
      		ItemDeft=""
      		ElemType="No"
      		Array="No"
      		NodeType="Node"
      		Security="No"
      		EnumName =""
      		EnumKvp =""
      		RelateItemName ="">
        <ScopeExpr><![CDATA[]]></ScopeExpr>
      </Item>
      <Item ItemName="UP_RESERVED"
      		ItemDesc="银联保留域"
      		ItemType="DataDict"
      		TypeName="str_50bit"
      		ItemDeft=""
      		ElemType="No"
      		Array="No"
      		NodeType="Node"
      		Security="No"
      		EnumName =""
      		EnumKvp =""
      		RelateItemName ="">
        <ScopeExpr><![CDATA[]]></ScopeExpr>
      </Item>
      <Item ItemName="VERSION"
      		ItemDesc="版本号"
      		ItemType="DataDict"
      		TypeName="str_50bit"
      		ItemDeft=""
      		ElemType="No"
      		Array="No"
      		NodeType="Node"
      		Security="No"
      		EnumName =""
      		EnumKvp =""
      		RelateItemName ="">
        <ScopeExpr><![CDATA[]]></ScopeExpr>
      </Item>
      <Item ItemName="VOUCHER_NUM"
      		ItemDesc="付款凭证号"
      		ItemType="DataDict"
      		TypeName="str_50bit"
      		ItemDeft=""
      		ElemType="No"
      		Array="No"
      		NodeType="Node"
      		Security="No"
      		EnumName =""
      		EnumKvp =""
      		RelateItemName ="">
        <ScopeExpr><![CDATA[]]></ScopeExpr>
      </Item>
      <Item ItemName="AMT1"
      		ItemDesc="备用金额1"
      		ItemType="DataDict"
      		TypeName="double_16_2"
      		ItemDeft=""
      		ElemType="No"
      		Array="No"
      		NodeType="Node"
      		Security="No"
      		EnumName =""
      		EnumKvp =""
      		RelateItemName ="">
        <ScopeExpr><![CDATA[]]></ScopeExpr>
      </Item>
      <Item ItemName="AMT2"
      		ItemDesc="备用金额2"
      		ItemType="DataDict"
      		TypeName="double_16_2"
      		ItemDeft=""
      		ElemType="No"
      		Array="No"
      		NodeType="Node"
      		Security="No"
      		EnumName =""
      		EnumKvp =""
      		RelateItemName ="">
        <ScopeExpr><![CDATA[]]></ScopeExpr>
      </Item>
      <Item ItemName="RMRK"
      		ItemDesc="备用字段"
      		ItemType="DataDict"
      		TypeName="str_60bit"
      		ItemDeft=""
      		ElemType="No"
      		Array="No"
      		NodeType="Node"
      		Security="No"
      		EnumName =""
      		EnumKvp =""
      		RelateItemName ="">
        <ScopeExpr><![CDATA[]]></ScopeExpr>
      </Item>
      <Item ItemName="RMRK1"
      		ItemDesc="备用字段1"
      		ItemType="DataDict"
      		TypeName="str_100bit"
      		ItemDeft=""
      		ElemType="No"
      		Array="No"
      		NodeType="Node"
      		Security="No"
      		EnumName =""
      		EnumKvp =""
      		RelateItemName ="">
        <ScopeExpr><![CDATA[]]></ScopeExpr>
      </Item>
      <Item ItemName="RMRK2"
      		ItemDesc="备用字段2"
      		ItemType="DataDict"
      		TypeName="str_200bit"
      		ItemDeft=""
      		ElemType="No"
      		Array="No"
      		NodeType="Node"
      		Security="No"
      		EnumName =""
      		EnumKvp =""
      		RelateItemName ="">
        <ScopeExpr><![CDATA[]]></ScopeExpr>
      </Item>
      <Item ItemName="AREAINFO"
      		ItemDesc="20位的通用字符串"
      		ItemType="DataDict"
      		TypeName="str_20bit"
      		ItemDeft=""
      		ElemType="No"
      		Array="No"
      		NodeType="Node"
      		Security="No"
      		EnumName =""
      		EnumKvp =""
      		RelateItemName ="">
        <ScopeExpr><![CDATA[]]></ScopeExpr>
      </Item>
    </ItemTab>
  </DataElement>
</DataElementTab>
