<?xml version="1.0" encoding="UTF-8"?>

<BusCompTab>
  <CompTab RecNum="3">
    <CompCon BusName="QRPS"
    		ConnectionSrc="HOST_CLI"
    		ConnectionDest="QR"
    		Type="0"/>
    <CompCon BusName="QRPS"
    		ConnectionSrc="CRED_CLI"
    		ConnectionDest="QR"
    		Type="0"/>
    <CompCon BusName="QRPS"
    		ConnectionSrc="QR"
    		ConnectionDest="QRUP_CLI"
    		Type="1"/>
  </CompTab>
  <SubCompTab RecNum="1">
    <SubComp BusName="QRPS"
    		SeqNo="0"
    		SubBusName="QR"
    		SubBusDesc="二维码业务"
    		DesignComment="null"
    		RelateBusName=""/>
  </SubCompTab>
  <ImageTab RecNum="1">
    <Image DesignType="C"
    		DesignImagePath="\images\DesignImage.xml"
    		DesignJpgImagePath="\images\DesignJpgImage.jpg"
    		DesignDiagramImagePath="\images\DesignDiagramImage.xml"/>
  </ImageTab>
</BusCompTab>
