<?xml version="1.0" encoding="UTF-8"?>

<Logic Name="AUTO_PUB_DAY_002"
		Desc="平台日终"
		LogicType="TaskLogic"
		PrioParm="0"
		TimeOut="0"
		RevsFlag="no"
		Transaction="No"
		DestTimeOut="yes"
		RevsSeq="Asc"
		RevsSvcName=""
		RevsDtaType=""
		RevsDtaName=""
		CompsSeq="Asc"
		CompsFlag="no"
		CompsSvcName=""
		CompsDtaType=""
		CompsDtaName=""
		InElemName=""
		OutElemName=""
		LocalCall="no"
		RemoteCall="yes"
		Merged="no"
		DsAlias="">
  <NodeClass Name="未分类"
  		Desc="未分类"/>
  <RevsInit><![CDATA[]]></RevsInit>
  <RevsSucc><![CDATA[]]></RevsSucc>
  <RevsFail><![CDATA[]]></RevsFail>
  <CompsInit><![CDATA[]]></CompsInit>
  <CompsSucc><![CDATA[]]></CompsSucc>
  <CompsFail><![CDATA[]]></CompsFail>
  <SvcSuccProc><![CDATA[]]></SvcSuccProc>
  <SvcLostProc><![CDATA[]]></SvcLostProc>
  <SvcPreProc><![CDATA[]]></SvcPreProc>
  <SvcTermEnd><![CDATA[]]></SvcTermEnd>
  <SqlTab RecNum="4">
    <Sql id="selectListT_PLAT_PARA"/>
    <Sql id="selectOneui_t_end_step"/>
    <Sql id="updateui_t_end_step"/>
    <Sql id="updateDayendFlag"/>
  </SqlTab>
  <RouteExpr><![CDATA[]]></RouteExpr>
  <EntranceTab RecNum="0"/>
  <Flow> 
    <Container Transaction="no"
    		DsAlias=""
    		Name="Sequence"
    		FlowDesc="Sequence">
      <EvtBefore><![CDATA[]]></EvtBefore>
      <EvtFailedAfter><![CDATA[]]></EvtFailedAfter>
      <EvtSuccessAfter><![CDATA[]]></EvtSuccessAfter>
      <DataBase DsAlias=""
      		StartIndex="__PLAT_SQL.__ELEM_POS"
      		StartRecordNum="__PLAT_SQL.__BEGIN_REC"
      		InElement="T_PLAT_PARA"
      		OutElement="T_PLAT_PARA"
      		SelectMaxNum="__PLAT_SQL.__MAX_REC"
      		RecordElement="__PLAT_SQL.__RECORD_REC"
      		SqlName="selectListT_PLAT_PARA"
      		Page="no"
      		Name="查询系统参数表t_plat_para"
      		FlowDesc="查询系统参数表t_plat_para">
        <EvtBefore><![CDATA[]]></EvtBefore>
        <EvtFailedAfter><![CDATA[]]></EvtFailedAfter>
        <EvtSuccessAfter><![CDATA[]]></EvtSuccessAfter>
      </DataBase>
      <If Name="判断日终步骤号"
      		FlowDesc="判断日终步骤号">
        <EvtBefore><![CDATA[]]></EvtBefore>
        <EvtFailedAfter><![CDATA[]]></EvtFailedAfter>
        <EvtSuccessAfter><![CDATA[]]></EvtSuccessAfter>
        <Condition><![CDATA[$T_PLAT_PARA.dayend_flag!=6;]]></Condition>
        <Else> 
          <Container Transaction="no"
          		DsAlias=""
          		Name="Sequence1"
          		FlowDesc="Sequence1"> 
            <EvtBefore></EvtBefore>  
            <EvtFailedAfter><![CDATA[]]></EvtFailedAfter>  
            <EvtSuccessAfter><![CDATA[]]></EvtSuccessAfter>  
            <DataBase DsAlias=""
            		StartIndex="__PLAT_SQL.__ELEM_POS"
            		StartRecordNum="__PLAT_SQL.__BEGIN_REC"
            		InElement="T_PLAT_PARA"
            		OutElement="T_PLAT_PARA"
            		SelectMaxNum="__PLAT_SQL.__MAX_REC"
            		RecordElement="__PLAT_SQL.__RECORD_REC"
            		SqlName="updateDayendFlag"
            		Page="no"
            		Name="日终处理成功，更新t_plat_para.dayend_flag=0"
            		FlowDesc="日终处理成功，更新t_plat_para.dayend_flag=0">
              <EvtFailedAfter><![CDATA[]]></EvtFailedAfter>
              <EvtSuccessAfter><![CDATA[]]></EvtSuccessAfter>
              <EvtBefore><![CDATA[$T_PLAT_PARA.dayend_flag = 0;]]></EvtBefore>
            </DataBase>  
            <Exit Name="Exit"
            		FlowDesc="Exit">
              <EvtBefore><![CDATA[]]></EvtBefore>
              <EvtFailedAfter><![CDATA[]]></EvtFailedAfter>
              <EvtSuccessAfter><![CDATA[]]></EvtSuccessAfter>
            </Exit> 
          </Container> 
        </Else>
        <Container Transaction="no"
        		DsAlias=""
        		Name="Sequence2"
        		FlowDesc="Sequence2">
          <EvtBefore><![CDATA[]]></EvtBefore>
          <EvtFailedAfter><![CDATA[]]></EvtFailedAfter>
          <EvtSuccessAfter><![CDATA[]]></EvtSuccessAfter>
          <DataBase DsAlias=""
          		StartIndex="__PLAT_SQL.__ELEM_POS"
          		StartRecordNum="__PLAT_SQL.__BEGIN_REC"
          		InElement="T_END_STEP"
          		OutElement="T_END_STEP"
          		SelectMaxNum="__PLAT_SQL.__MAX_REC"
          		RecordElement="__PLAT_SQL.__RECORD_REC"
          		SqlName="selectOneui_t_end_step"
          		Page="no"
          		Name="查询日终控制表t_end_step"
          		FlowDesc="查询日终控制表t_end_step">
            <EvtFailedAfter><![CDATA[]]></EvtFailedAfter>
            <EvtSuccessAfter><![CDATA[]]></EvtSuccessAfter>
            <EvtBefore><![CDATA[$T_END_STEP.bat_no=$T_PLAT_PARA.dayend_flag;]]></EvtBefore>
          </DataBase>
          <If Name="判断日终步骤是否无效"
          		FlowDesc="判断日终步骤是否无效">
            <EvtBefore><![CDATA[]]></EvtBefore>
            <EvtFailedAfter><![CDATA[]]></EvtFailedAfter>
            <EvtSuccessAfter><![CDATA[]]></EvtSuccessAfter>
            <Condition><![CDATA[@auto_day002.chkBatFlag();]]></Condition>
            <Exit Name="Exit1"
            		FlowDesc="Exit1">
              <EvtBefore><![CDATA[]]></EvtBefore>
              <EvtFailedAfter><![CDATA[]]></EvtFailedAfter>
              <EvtSuccessAfter><![CDATA[]]></EvtSuccessAfter>
            </Exit>
          </If>
          <Computation Name="检查t_end_step.bat_stat"
          		FlowDesc="检查t_end_step.bat_stat">
            <EvtBefore><![CDATA[]]></EvtBefore>
            <EvtFailedAfter><![CDATA[]]></EvtFailedAfter>
            <EvtSuccessAfter><![CDATA[]]></EvtSuccessAfter>
            <Expression><![CDATA[@auto_day002.chkEndStepStat();]]></Expression>
          </Computation>
          <Switch ReturnType="int"
          		Name="判断日终步骤号t_plat_para.dayend_flag"
          		FlowDesc="判断日终步骤号t_plat_para.dayend_flag">
            <EvtBefore><![CDATA[]]></EvtBefore>
            <EvtFailedAfter><![CDATA[]]></EvtFailedAfter>
            <EvtSuccessAfter><![CDATA[]]></EvtSuccessAfter>
            <Condition><![CDATA[$T_PLAT_PARA.dayend_flag]]></Condition>
            <Case Key="1">
              <SubSvrLogic AlaName="AUTODO"
              		SvcName="AUTO_PUB_DAY_00201"
              		HandlingEvent="no"
              		ExtendsTran="no"
              		Name="备份"
              		FlowDesc="备份">
                <EvtBefore><![CDATA[]]></EvtBefore>
                <EvtSuccessAfter><![CDATA[]]></EvtSuccessAfter>
                <EvtFailedAfter><![CDATA[$T_END_STEP.bat_stat="N";
$T_END_STEP.err_msg=$__PLAT_FLOW[0].__ERR_MSG[0];]]></EvtFailedAfter>
              </SubSvrLogic>
            </Case>
            <Case Key="2">
              <SubSvrLogic AlaName="AUTODO"
              		SvcName="AUTO_PUB_DAY_00202"
              		HandlingEvent="no"
              		ExtendsTran="no"
              		Name="备用"
              		FlowDesc="备用">
                <EvtBefore><![CDATA[]]></EvtBefore>
                <EvtSuccessAfter><![CDATA[]]></EvtSuccessAfter>
                <EvtFailedAfter><![CDATA[$T_END_STEP.bat_stat="N";
$T_END_STEP.err_msg=$__PLAT_FLOW[0].__ERR_MSG[0];]]></EvtFailedAfter>
              </SubSvrLogic>
            </Case>
            <Case Key="3">
              <SubSvrLogic AlaName="AUTODO"
              		SvcName="AUTO_PUB_DAY_00203"
              		HandlingEvent="no"
              		ExtendsTran="no"
              		Name="导入历史表"
              		FlowDesc="导入历史表">
                <EvtBefore><![CDATA[]]></EvtBefore>
                <EvtSuccessAfter><![CDATA[]]></EvtSuccessAfter>
                <EvtFailedAfter><![CDATA[$T_END_STEP.bat_stat="N";
$T_END_STEP.err_msg=$__PLAT_FLOW[0].__ERR_MSG[0];]]></EvtFailedAfter>
              </SubSvrLogic>
            </Case>
            <Case Key="4">
              <SubSvrLogic AlaName="AUTODO"
              		SvcName="AUTO_PUB_DAY_00205"
              		HandlingEvent="no"
              		ExtendsTran="no"
              		Name="优化数据库表"
              		FlowDesc="优化数据库��">
                <EvtBefore><![CDATA[]]></EvtBefore>
                <EvtSuccessAfter><![CDATA[]]></EvtSuccessAfter>
                <EvtFailedAfter><![CDATA[$T_END_STEP.bat_stat="N";
$T_END_STEP.err_msg=$__PLAT_FLOW[0].__ERR_MSG[0];]]></EvtFailedAfter>
              </SubSvrLogic>
            </Case>
            <Case Key="5">
              <SubSvrLogic AlaName="AUTODO"
              		SvcName="AUTO_PUB_DAY_00204"
              		HandlingEvent="no"
              		ExtendsTran="no"
              		Name="清理"
              		FlowDesc="清理">
                <EvtBefore><![CDATA[]]></EvtBefore>
                <EvtSuccessAfter><![CDATA[]]></EvtSuccessAfter>
                <EvtFailedAfter><![CDATA[$T_END_STEP.bat_stat="N";
$T_END_STEP.err_msg=$__PLAT_FLOW[0].__ERR_MSG[0];]]></EvtFailedAfter>
              </SubSvrLogic>
            </Case>
            <Default>
              <Exit Name="Exit2"
              		FlowDesc="Exit2">
                <EvtBefore><![CDATA[]]></EvtBefore>
                <EvtFailedAfter><![CDATA[]]></EvtFailedAfter>
                <EvtSuccessAfter><![CDATA[]]></EvtSuccessAfter>
              </Exit>
            </Default>
          </Switch>
        </Container>
      </If>
      <DataBase DsAlias=""
      		StartIndex="__PLAT_SQL.__ELEM_POS"
      		StartRecordNum="__PLAT_SQL.__BEGIN_REC"
      		InElement="T_END_STEP"
      		OutElement="T_END_STEP"
      		SelectMaxNum="__PLAT_SQL.__MAX_REC"
      		RecordElement="__PLAT_SQL.__RECORD_REC"
      		SqlName="updateui_t_end_step"
      		Page="no"
      		Name="更新t_end_step的状态为Y"
      		FlowDesc="更新t_end_step的状态为Y">
        <EvtFailedAfter><![CDATA[]]></EvtFailedAfter>
        <EvtSuccessAfter><![CDATA[]]></EvtSuccessAfter>
        <EvtBefore><![CDATA[$T_END_STEP.bat_stat="Y";
$T_END_STEP.err_msg="成功";
$T_END_STEP.end_date=@dateTool.getNowDate("yyyyMMdd");]]></EvtBefore>
      </DataBase>
      <DataBase DsAlias=""
      		StartIndex="__PLAT_SQL.__ELEM_POS"
      		StartRecordNum="__PLAT_SQL.__BEGIN_REC"
      		InElement="T_PLAT_PARA"
      		OutElement="T_PLAT_PARA"
      		SelectMaxNum="__PLAT_SQL.__MAX_REC"
      		RecordElement="__PLAT_SQL.__RECORD_REC"
      		SqlName="updateDayendFlag"
      		Page="no"
      		Name="更新t_plat_para.dayend_flag+1"
      		FlowDesc="更新t_plat_para.dayend_flag+1">
        <EvtFailedAfter><![CDATA[]]></EvtFailedAfter>
        <EvtSuccessAfter><![CDATA[]]></EvtSuccessAfter>
        <EvtBefore><![CDATA[$T_PLAT_PARA.dayend_flag=$T_PLAT_PARA.dayend_flag+1;]]></EvtBefore>
      </DataBase>
    </Container> 
  </Flow>
  <ChkItemTab RecNum="0"/>
</Logic>
