<?xml version="1.0" encoding="UTF-8"?>

<Logic Name="AUTO_DAY"
		Desc="日切日终"
		LogicType="TaskLogic"
		PrioParm="0"
		TimeOut="0"
		RevsFlag="no"
		Transaction="No"
		DestTimeOut="yes"
		RevsSeq="Asc"
		RevsSvcName=""
		RevsDtaType=""
		RevsDtaName=""
		CompsSeq="Asc"
		CompsFlag="no"
		CompsSvcName=""
		CompsDtaType=""
		CompsDtaName=""
		InElemName="__GDTA_FORMAT"
		OutElemName="__GDTA_FORMAT"
		LocalCall="no"
		RemoteCall="yes"
		Merged="no"
		DsAlias="">
  <NodeClass Name="未分类"
  		Desc="未分类"/>
  <RevsInit><![CDATA[]]></RevsInit>
  <RevsSucc><![CDATA[]]></RevsSucc>
  <RevsFail><![CDATA[]]></RevsFail>
  <CompsInit><![CDATA[]]></CompsInit>
  <CompsSucc><![CDATA[]]></CompsSucc>
  <CompsFail><![CDATA[]]></CompsFail>
  <SvcSuccProc><![CDATA[]]></SvcSuccProc>
  <SvcLostProc><![CDATA[]]></SvcLostProc>
  <SvcPreProc><![CDATA[]]></SvcPreProc>
  <SvcTermEnd><![CDATA[]]></SvcTermEnd>
  <SqlTab RecNum="0"/>
  <RouteExpr><![CDATA[]]></RouteExpr>
  <EntranceTab RecNum="0"/>
  <Flow> 
    <Container Transaction="no"
    		DsAlias=""
    		Name="Sequence"
    		FlowDesc="Sequence">
      <EvtBefore><![CDATA[]]></EvtBefore>
      <EvtFailedAfter><![CDATA[]]></EvtFailedAfter>
      <EvtSuccessAfter><![CDATA[]]></EvtSuccessAfter>
      <Computation Name="Expr"
      		FlowDesc="日切">
        <EvtBefore><![CDATA[]]></EvtBefore>
        <EvtFailedAfter><![CDATA[]]></EvtFailedAfter>
        <EvtSuccessAfter><![CDATA[]]></EvtSuccessAfter>
        <Expression><![CDATA[@autoDay.dayCut();]]></Expression>
      </Computation>
      <Computation Name="Expr1"
      		FlowDesc="备份">
        <EvtBefore><![CDATA[]]></EvtBefore>
        <EvtFailedAfter><![CDATA[]]></EvtFailedAfter>
        <EvtSuccessAfter><![CDATA[]]></EvtSuccessAfter>
        <Expression><![CDATA[@autoDay.endStepDeal(1,"ncpsDbTran.sh");]]></Expression>
      </Computation>
      <Computation Name="Expr2"
      		FlowDesc="清理">
        <EvtBefore><![CDATA[]]></EvtBefore>
        <EvtFailedAfter><![CDATA[]]></EvtFailedAfter>
        <EvtSuccessAfter><![CDATA[]]></EvtSuccessAfter>
        <Expression><![CDATA[@autoDay.endStepDeal(2,"ncpsDbClear.sh");]]></Expression>
      </Computation>
      <Computation Name="Expr3"
      		FlowDesc="数据库��化">
        <EvtBefore><![CDATA[]]></EvtBefore>
        <EvtFailedAfter><![CDATA[]]></EvtFailedAfter>
        <EvtSuccessAfter><![CDATA[]]></EvtSuccessAfter>
        <Expression><![CDATA[@autoDay.endStepDeal(3,"ncpsDbOrg.sh");]]></Expression>
      </Computation>
      <Computation Name="Expr4"
      		FlowDesc="清理限额">
        <EvtBefore><![CDATA[]]></EvtBefore>
        <EvtFailedAfter><![CDATA[]]></EvtFailedAfter>
        <EvtSuccessAfter><![CDATA[]]></EvtSuccessAfter>
        <Expression><![CDATA[@autoDay.endStepDeal(4,"ncpsClrLmt.sh");]]></Expression>
      </Computation>
    </Container> 
  </Flow>
  <ChkItemTab RecNum="0"/>
</Logic>
