<?xml version="1.0" encoding="UTF-8"?>

<Logic Name="AUTO_HOST_REV"
		Desc="主机冲正"
		LogicType="TaskLogic"
		PrioParm="0"
		TimeOut="600"
		RevsFlag="no"
		Transaction="No"
		DestTimeOut="yes"
		RevsSeq="Asc"
		RevsSvcName=""
		RevsDtaType=""
		RevsDtaName=""
		CompsSeq="Asc"
		CompsFlag="no"
		CompsSvcName=""
		CompsDtaType=""
		CompsDtaName=""
		InElemName="HostRevIn"
		OutElemName="HostRevOut"
		LocalCall="no"
		RemoteCall="yes"
		Merged="no"
		DsAlias="">
  <NodeClass Name="未分类"
  		Desc="未分类"/>
  <RevsInit><![CDATA[]]></RevsInit>
  <RevsSucc><![CDATA[]]></RevsSucc>
  <RevsFail><![CDATA[]]></RevsFail>
  <CompsInit><![CDATA[]]></CompsInit>
  <CompsSucc><![CDATA[]]></CompsSucc>
  <CompsFail><![CDATA[]]></CompsFail>
  <SvcSuccProc><![CDATA[]]></SvcSuccProc>
  <SvcLostProc><![CDATA[]]></SvcLostProc>
  <SvcPreProc><![CDATA[]]></SvcPreProc>
  <SvcTermEnd><![CDATA[]]></SvcTermEnd>
  <SqlTab RecNum="0"/>
  <RouteExpr><![CDATA[]]></RouteExpr>
  <EntranceTab RecNum="0"/>
  <Flow>
    <Container Transaction="no"
    		DsAlias=""
    		Name="Sequence"
    		FlowDesc="Sequence">
      <EvtBefore><![CDATA[]]></EvtBefore>
      <EvtFailedAfter><![CDATA[]]></EvtFailedAfter>
      <EvtSuccessAfter><![CDATA[]]></EvtSuccessAfter>
      <Computation Name="Expr1"
      		FlowDesc="获取循环次数">
        <EvtBefore><![CDATA[]]></EvtBefore>
        <EvtFailedAfter><![CDATA[]]></EvtFailedAfter>
        <EvtSuccessAfter><![CDATA[]]></EvtSuccessAfter>
        <Expression><![CDATA[@autoPub.qryAutoPara("HOST_CLI","S818888");]]></Expression>
      </Computation>
      <While Name="While"
      		FlowDesc="While">
        <EvtBefore><![CDATA[]]></EvtBefore>
        <EvtFailedAfter><![CDATA[]]></EvtFailedAfter>
        <EvtSuccessAfter><![CDATA[]]></EvtSuccessAfter>
        <Container Transaction="no"
        		DsAlias=""
        		Name="Sequence1"
        		FlowDesc="Sequence1">
          <EvtBefore><![CDATA[]]></EvtBefore>
          <EvtFailedAfter><![CDATA[]]></EvtFailedAfter>
          <EvtSuccessAfter><![CDATA[]]></EvtSuccessAfter>
          <Computation Name="Expr"
          		FlowDesc="获取一条待处理任务">
            <EvtBefore><![CDATA[]]></EvtBefore>
            <EvtFailedAfter><![CDATA[]]></EvtFailedAfter>
            <EvtSuccessAfter><![CDATA[]]></EvtSuccessAfter>
            <Expression><![CDATA[@autoPub.autoGetWaitSnd("HOST_CLI","S818888");]]></Expression>
          </Computation>
          <Computation Name="Expr2"
          		FlowDesc="处理任务">
            <EvtBefore><![CDATA[]]></EvtBefore>
            <EvtFailedAfter><![CDATA[]]></EvtFailedAfter>
            <EvtSuccessAfter><![CDATA[]]></EvtSuccessAfter>
            <Expression><![CDATA[@autoHostRev.autoHostDeal();]]></Expression>
          </Computation>
        </Container>
        <Condition><![CDATA[$T_AUTO_PARA[0].DEAL_NUM> 0]]></Condition>
      </While>
    </Container>
  </Flow>
  <ChkItemTab RecNum="0"/>
</Logic>
