<?xml version="1.0" encoding="UTF-8"?>

<FormatTab RecNum="12">
  <Format FmtName="FMT_CARD_CLI_GW9901_REQ_body"
  		FmtDesc="身份验证请求报文"
  		IOType="buf"
  		Compress=""
  		FmtType="json"
  		SignName=""
  		BitMapType=""
  		VarityLen="no"
  		LengthBytes="0"
  		LengthDlmt=""
  		FileFmtType=""
  		EnCoding="UTF-8"
  		Comment=""
  		ElemName="OBJ_CARD_GW9901_REQ"
  		XMLType="Standard">
    <FileName><![CDATA[]]></FileName>
    <FilePath><![CDATA[]]></FilePath>
    <LengthParseExpr><![CDATA[]]></LengthParseExpr>
    <LengthBuildExpr><![CDATA[]]></LengthBuildExpr>
    <ParseExpr><![CDATA[]]></ParseExpr>
    <BuildExpr><![CDATA[]]></BuildExpr>
    <NodeClass Name="未分类"
    		Desc="未分类"/>
    <ItemTab RecNum="2">
      <Item ItemType="item"
      		ItemSignName=""
      		ItemIgnr="no"
      		ItemDesc="身份证号"
      		ElemName="idNumber"
      		ItemDlmt=""
      		AsciiFlag="yes"
      		DecLocale="0"
      		FixFlag="no"
      		ItemAdj="no"
      		ItemFill=""
      		LenDataFlag="no"
      		LenDataBytes=""
      		SubName=""
      		SubNodeName=""
      		RecNum=""
      		NotNull="yes"
      		PlatElemFlag="no"
      		EnCoding="UTF-8"
      		CDATAFlag="no">
        <ConstData><![CDATA[]]></ConstData>
        <ItemParseExpr><![CDATA[]]></ItemParseExpr>
        <ItemBuildExpr><![CDATA[]]></ItemBuildExpr>
        <LenDataParseExpr><![CDATA[]]></LenDataParseExpr>
        <LenDataBuildExpr><![CDATA[]]></LenDataBuildExpr>
        <LengthExpr><![CDATA[]]></LengthExpr>
        <SubExpr><![CDATA[]]></SubExpr>
        <BeginTag><![CDATA[]]></BeginTag>
        <EndTag><![CDATA[]]></EndTag>
      </Item>
      <Item ItemType="item"
      		ItemSignName=""
      		ItemIgnr="no"
      		ItemDesc="手机号码"
      		ElemName="mobile"
      		ItemDlmt=""
      		AsciiFlag="yes"
      		DecLocale="0"
      		FixFlag="no"
      		ItemAdj="no"
      		ItemFill=""
      		LenDataFlag="no"
      		LenDataBytes=""
      		SubName=""
      		SubNodeName=""
      		RecNum=""
      		NotNull="yes"
      		PlatElemFlag="no"
      		EnCoding="UTF-8"
      		CDATAFlag="no">
        <ConstData><![CDATA[]]></ConstData>
        <ItemParseExpr><![CDATA[]]></ItemParseExpr>
        <ItemBuildExpr><![CDATA[]]></ItemBuildExpr>
        <LenDataParseExpr><![CDATA[]]></LenDataParseExpr>
        <LenDataBuildExpr><![CDATA[]]></LenDataBuildExpr>
        <LengthExpr><![CDATA[]]></LengthExpr>
        <SubExpr><![CDATA[]]></SubExpr>
        <BeginTag><![CDATA[]]></BeginTag>
        <EndTag><![CDATA[]]></EndTag>
      </Item>
    </ItemTab>
    <PlatElemMapTab RecNum="0"/>
  </Format>
  <Format FmtName="FMT_CARD_CLI_GW9901_REQ"
  		FmtDesc="身份验证请求报文"
  		IOType="buf"
  		Compress=""
  		FmtType="json"
  		SignName=""
  		BitMapType=""
  		VarityLen="no"
  		LengthBytes="0"
  		LengthDlmt=""
  		FileFmtType=""
  		EnCoding="UTF-8"
  		Comment=""
  		ElemName="OBJ_CARD_CLI_GW9901_REQ"
  		XMLType="Standard">
    <FileName><![CDATA[]]></FileName>
    <FilePath><![CDATA[]]></FilePath>
    <LengthParseExpr><![CDATA[]]></LengthParseExpr>
    <LengthBuildExpr><![CDATA[]]></LengthBuildExpr>
    <ParseExpr><![CDATA[]]></ParseExpr>
    <BuildExpr><![CDATA[]]></BuildExpr>
    <NodeClass Name="未分类"
    		Desc="未分类"/>
    <ItemTab RecNum="3">
      <Item ItemType="item"
      		ItemSignName=""
      		ItemIgnr="no"
      		ItemDesc="接口代码"
      		ElemName="iCode"
      		ItemDlmt=""
      		AsciiFlag="yes"
      		DecLocale="0"
      		FixFlag="no"
      		ItemAdj="no"
      		ItemFill=""
      		LenDataFlag="no"
      		LenDataBytes=""
      		SubName=""
      		SubNodeName=""
      		RecNum=""
      		NotNull="yes"
      		PlatElemFlag="no"
      		EnCoding="UTF-8"
      		CDATAFlag="no">
        <ConstData><![CDATA[]]></ConstData>
        <ItemParseExpr><![CDATA[]]></ItemParseExpr>
        <ItemBuildExpr><![CDATA[]]></ItemBuildExpr>
        <LenDataParseExpr><![CDATA[]]></LenDataParseExpr>
        <LenDataBuildExpr><![CDATA[]]></LenDataBuildExpr>
        <LengthExpr><![CDATA[]]></LengthExpr>
        <SubExpr><![CDATA[]]></SubExpr>
        <BeginTag><![CDATA[]]></BeginTag>
        <EndTag><![CDATA[]]></EndTag>
      </Item>
      <Item ItemType="item"
      		ItemSignName=""
      		ItemIgnr="no"
      		ItemDesc="渠道代码"
      		ElemName="cCode"
      		ItemDlmt=""
      		AsciiFlag="yes"
      		DecLocale="0"
      		FixFlag="no"
      		ItemAdj="no"
      		ItemFill=""
      		LenDataFlag="no"
      		LenDataBytes=""
      		SubName=""
      		SubNodeName=""
      		RecNum=""
      		NotNull="yes"
      		PlatElemFlag="no"
      		EnCoding="UTF-8"
      		CDATAFlag="no">
        <ConstData><![CDATA[]]></ConstData>
        <ItemParseExpr><![CDATA[]]></ItemParseExpr>
        <ItemBuildExpr><![CDATA[]]></ItemBuildExpr>
        <LenDataParseExpr><![CDATA[]]></LenDataParseExpr>
        <LenDataBuildExpr><![CDATA[]]></LenDataBuildExpr>
        <LengthExpr><![CDATA[]]></LengthExpr>
        <SubExpr><![CDATA[]]></SubExpr>
        <BeginTag><![CDATA[]]></BeginTag>
        <EndTag><![CDATA[]]></EndTag>
      </Item>
      <Item ItemType="fmt"
      		ItemSignName=""
      		ItemIgnr="no"
      		ItemDesc="身份验证请求报文"
      		ElemName=""
      		ItemDlmt=""
      		AsciiFlag="yes"
      		DecLocale="0"
      		FixFlag="no"
      		ItemAdj="no"
      		ItemFill=""
      		LenDataFlag="no"
      		LenDataBytes=""
      		SubName="FMT_CARD_CLI_GW9901_REQ_body"
      		SubNodeName="body"
      		RecNum=""
      		NotNull="no"
      		PlatElemFlag="no"
      		EnCoding="UTF-8"
      		CDATAFlag="no">
        <ConstData><![CDATA[]]></ConstData>
        <ItemParseExpr><![CDATA[]]></ItemParseExpr>
        <ItemBuildExpr><![CDATA[]]></ItemBuildExpr>
        <LenDataParseExpr><![CDATA[]]></LenDataParseExpr>
        <LenDataBuildExpr><![CDATA[]]></LenDataBuildExpr>
        <LengthExpr><![CDATA[]]></LengthExpr>
        <SubExpr><![CDATA[]]></SubExpr>
        <BeginTag><![CDATA[]]></BeginTag>
        <EndTag><![CDATA[]]></EndTag>
      </Item>
    </ItemTab>
    <PlatElemMapTab RecNum="0"/>
  </Format>
  <Format FmtName="FMT_CARD_CLI_GW9901_RES"
  		FmtDesc="身份验证响应报文"
  		IOType="buf"
  		Compress=""
  		FmtType="json"
  		SignName=""
  		BitMapType=""
  		VarityLen="no"
  		LengthBytes="0"
  		LengthDlmt=""
  		FileFmtType=""
  		EnCoding="UTF-8"
  		Comment=""
  		ElemName="OBJ_CARD_CLI_GW9901_RES"
  		XMLType="Standard">
    <FileName><![CDATA[]]></FileName>
    <FilePath><![CDATA[]]></FilePath>
    <LengthParseExpr><![CDATA[]]></LengthParseExpr>
    <LengthBuildExpr><![CDATA[]]></LengthBuildExpr>
    <ParseExpr><![CDATA[]]></ParseExpr>
    <BuildExpr><![CDATA[]]></BuildExpr>
    <NodeClass Name="未分类"
    		Desc="未分类"/>
    <ItemTab RecNum="4">
      <Item ItemType="item"
      		ItemSignName=""
      		ItemIgnr="no"
      		ItemDesc="接口代码"
      		ElemName="iCode"
      		ItemDlmt=""
      		AsciiFlag="yes"
      		DecLocale="0"
      		FixFlag="no"
      		ItemAdj="no"
      		ItemFill=""
      		LenDataFlag="no"
      		LenDataBytes=""
      		SubName=""
      		SubNodeName=""
      		RecNum=""
      		NotNull="yes"
      		PlatElemFlag="no"
      		EnCoding="UTF-8"
      		CDATAFlag="no">
        <ConstData><![CDATA[]]></ConstData>
        <ItemParseExpr><![CDATA[]]></ItemParseExpr>
        <ItemBuildExpr><![CDATA[]]></ItemBuildExpr>
        <LenDataParseExpr><![CDATA[]]></LenDataParseExpr>
        <LenDataBuildExpr><![CDATA[]]></LenDataBuildExpr>
        <LengthExpr><![CDATA[]]></LengthExpr>
        <SubExpr><![CDATA[]]></SubExpr>
        <BeginTag><![CDATA[]]></BeginTag>
        <EndTag><![CDATA[]]></EndTag>
      </Item>
      <Item ItemType="item"
      		ItemSignName=""
      		ItemIgnr="no"
      		ItemDesc="操作结果"
      		ElemName="isSuccess"
      		ItemDlmt=""
      		AsciiFlag="yes"
      		DecLocale="0"
      		FixFlag="no"
      		ItemAdj="no"
      		ItemFill=""
      		LenDataFlag="no"
      		LenDataBytes=""
      		SubName=""
      		SubNodeName=""
      		RecNum=""
      		NotNull="yes"
      		PlatElemFlag="no"
      		EnCoding="UTF-8"
      		CDATAFlag="no">
        <ConstData><![CDATA[]]></ConstData>
        <ItemParseExpr><![CDATA[]]></ItemParseExpr>
        <ItemBuildExpr><![CDATA[]]></ItemBuildExpr>
        <LenDataParseExpr><![CDATA[]]></LenDataParseExpr>
        <LenDataBuildExpr><![CDATA[]]></LenDataBuildExpr>
        <LengthExpr><![CDATA[]]></LengthExpr>
        <SubExpr><![CDATA[]]></SubExpr>
        <BeginTag><![CDATA[]]></BeginTag>
        <EndTag><![CDATA[]]></EndTag>
      </Item>
      <Item ItemType="item"
      		ItemSignName=""
      		ItemIgnr="no"
      		ItemDesc="返回信息"
      		ElemName="message"
      		ItemDlmt=""
      		AsciiFlag="yes"
      		DecLocale="0"
      		FixFlag="no"
      		ItemAdj="no"
      		ItemFill=""
      		LenDataFlag="no"
      		LenDataBytes=""
      		SubName=""
      		SubNodeName=""
      		RecNum=""
      		NotNull="yes"
      		PlatElemFlag="no"
      		EnCoding="UTF-8"
      		CDATAFlag="no">
        <ConstData><![CDATA[]]></ConstData>
        <ItemParseExpr><![CDATA[]]></ItemParseExpr>
        <ItemBuildExpr><![CDATA[]]></ItemBuildExpr>
        <LenDataParseExpr><![CDATA[]]></LenDataParseExpr>
        <LenDataBuildExpr><![CDATA[]]></LenDataBuildExpr>
        <LengthExpr><![CDATA[]]></LengthExpr>
        <SubExpr><![CDATA[]]></SubExpr>
        <BeginTag><![CDATA[]]></BeginTag>
        <EndTag><![CDATA[]]></EndTag>
      </Item>
      <Item ItemType="fmt"
      		ItemSignName=""
      		ItemIgnr="no"
      		ItemDesc="身份验证响应报文"
      		ElemName=""
      		ItemDlmt=""
      		AsciiFlag="yes"
      		DecLocale="0"
      		FixFlag="no"
      		ItemAdj="no"
      		ItemFill=""
      		LenDataFlag="no"
      		LenDataBytes=""
      		SubName="FMT_CARD_CLI_GW9901_RES_body"
      		SubNodeName="body"
      		RecNum=""
      		NotNull="no"
      		PlatElemFlag="no"
      		EnCoding="UTF-8"
      		CDATAFlag="no">
        <ConstData><![CDATA[]]></ConstData>
        <ItemParseExpr><![CDATA[]]></ItemParseExpr>
        <ItemBuildExpr><![CDATA[]]></ItemBuildExpr>
        <LenDataParseExpr><![CDATA[]]></LenDataParseExpr>
        <LenDataBuildExpr><![CDATA[]]></LenDataBuildExpr>
        <LengthExpr><![CDATA[]]></LengthExpr>
        <SubExpr><![CDATA[]]></SubExpr>
        <BeginTag><![CDATA[]]></BeginTag>
        <EndTag><![CDATA[]]></EndTag>
      </Item>
    </ItemTab>
    <PlatElemMapTab RecNum="0"/>
  </Format>
  <Format FmtName="FMT_CARD_CLI_GW9901_RES_body"
  		FmtDesc="身份验证响应报文"
  		IOType="buf"
  		Compress=""
  		FmtType="json"
  		SignName=""
  		BitMapType=""
  		VarityLen="no"
  		LengthBytes="0"
  		LengthDlmt=""
  		FileFmtType=""
  		EnCoding="UTF-8"
  		Comment=""
  		ElemName="OBJ_CARD_GW9901_RES"
  		XMLType="Standard">
    <FileName><![CDATA[]]></FileName>
    <FilePath><![CDATA[]]></FilePath>
    <LengthParseExpr><![CDATA[]]></LengthParseExpr>
    <LengthBuildExpr><![CDATA[]]></LengthBuildExpr>
    <ParseExpr><![CDATA[]]></ParseExpr>
    <BuildExpr><![CDATA[]]></BuildExpr>
    <NodeClass Name="未分类"
    		Desc="未分类"/>
    <ItemTab RecNum="5">
      <Item ItemType="item"
      		ItemSignName=""
      		ItemIgnr="no"
      		ItemDesc="识别号"
      		ElemName="uid"
      		ItemDlmt=""
      		AsciiFlag="yes"
      		DecLocale="0"
      		FixFlag="no"
      		ItemAdj="no"
      		ItemFill=""
      		LenDataFlag="no"
      		LenDataBytes=""
      		SubName=""
      		SubNodeName=""
      		RecNum=""
      		NotNull="yes"
      		PlatElemFlag="no"
      		EnCoding="UTF-8"
      		CDATAFlag="no">
        <ConstData><![CDATA[]]></ConstData>
        <ItemParseExpr><![CDATA[]]></ItemParseExpr>
        <ItemBuildExpr><![CDATA[]]></ItemBuildExpr>
        <LenDataParseExpr><![CDATA[]]></LenDataParseExpr>
        <LenDataBuildExpr><![CDATA[]]></LenDataBuildExpr>
        <LengthExpr><![CDATA[]]></LengthExpr>
        <SubExpr><![CDATA[]]></SubExpr>
        <BeginTag><![CDATA[]]></BeginTag>
        <EndTag><![CDATA[]]></EndTag>
      </Item>
      <Item ItemType="item"
      		ItemSignName=""
      		ItemIgnr="no"
      		ItemDesc="身份证号"
      		ElemName="idNumber"
      		ItemDlmt=""
      		AsciiFlag="yes"
      		DecLocale="0"
      		FixFlag="no"
      		ItemAdj="no"
      		ItemFill=""
      		LenDataFlag="no"
      		LenDataBytes=""
      		SubName=""
      		SubNodeName=""
      		RecNum=""
      		NotNull="yes"
      		PlatElemFlag="no"
      		EnCoding="UTF-8"
      		CDATAFlag="no">
        <ConstData><![CDATA[]]></ConstData>
        <ItemParseExpr><![CDATA[]]></ItemParseExpr>
        <ItemBuildExpr><![CDATA[]]></ItemBuildExpr>
        <LenDataParseExpr><![CDATA[]]></LenDataParseExpr>
        <LenDataBuildExpr><![CDATA[]]></LenDataBuildExpr>
        <LengthExpr><![CDATA[]]></LengthExpr>
        <SubExpr><![CDATA[]]></SubExpr>
        <BeginTag><![CDATA[]]></BeginTag>
        <EndTag><![CDATA[]]></EndTag>
      </Item>
      <Item ItemType="item"
      		ItemSignName=""
      		ItemIgnr="no"
      		ItemDesc="姓名"
      		ElemName="name"
      		ItemDlmt=""
      		AsciiFlag="yes"
      		DecLocale="0"
      		FixFlag="no"
      		ItemAdj="no"
      		ItemFill=""
      		LenDataFlag="no"
      		LenDataBytes=""
      		SubName=""
      		SubNodeName=""
      		RecNum=""
      		NotNull="yes"
      		PlatElemFlag="no"
      		EnCoding="UTF-8"
      		CDATAFlag="no">
        <ConstData><![CDATA[]]></ConstData>
        <ItemParseExpr><![CDATA[]]></ItemParseExpr>
        <ItemBuildExpr><![CDATA[]]></ItemBuildExpr>
        <LenDataParseExpr><![CDATA[]]></LenDataParseExpr>
        <LenDataBuildExpr><![CDATA[]]></LenDataBuildExpr>
        <LengthExpr><![CDATA[]]></LengthExpr>
        <SubExpr><![CDATA[]]></SubExpr>
        <BeginTag><![CDATA[]]></BeginTag>
        <EndTag><![CDATA[]]></EndTag>
      </Item>
      <Item ItemType="item"
      		ItemSignName=""
      		ItemIgnr="no"
      		ItemDesc="部门"
      		ElemName="dept"
      		ItemDlmt=""
      		AsciiFlag="yes"
      		DecLocale="0"
      		FixFlag="no"
      		ItemAdj="no"
      		ItemFill=""
      		LenDataFlag="no"
      		LenDataBytes=""
      		SubName=""
      		SubNodeName=""
      		RecNum=""
      		NotNull="yes"
      		PlatElemFlag="no"
      		EnCoding="UTF-8"
      		CDATAFlag="no">
        <ConstData><![CDATA[]]></ConstData>
        <ItemParseExpr><![CDATA[]]></ItemParseExpr>
        <ItemBuildExpr><![CDATA[]]></ItemBuildExpr>
        <LenDataParseExpr><![CDATA[]]></LenDataParseExpr>
        <LenDataBuildExpr><![CDATA[]]></LenDataBuildExpr>
        <LengthExpr><![CDATA[]]></LengthExpr>
        <SubExpr><![CDATA[]]></SubExpr>
        <BeginTag><![CDATA[]]></BeginTag>
        <EndTag><![CDATA[]]></EndTag>
      </Item>
      <Item ItemType="item"
      		ItemSignName=""
      		ItemIgnr="no"
      		ItemDesc="余额"
      		ElemName="balance"
      		ItemDlmt=""
      		AsciiFlag="yes"
      		DecLocale="0"
      		FixFlag="no"
      		ItemAdj="no"
      		ItemFill=""
      		LenDataFlag="no"
      		LenDataBytes=""
      		SubName=""
      		SubNodeName=""
      		RecNum=""
      		NotNull="yes"
      		PlatElemFlag="no"
      		EnCoding="UTF-8"
      		CDATAFlag="no">
        <ConstData><![CDATA[]]></ConstData>
        <ItemParseExpr><![CDATA[]]></ItemParseExpr>
        <ItemBuildExpr><![CDATA[]]></ItemBuildExpr>
        <LenDataParseExpr><![CDATA[]]></LenDataParseExpr>
        <LenDataBuildExpr><![CDATA[]]></LenDataBuildExpr>
        <LengthExpr><![CDATA[]]></LengthExpr>
        <SubExpr><![CDATA[]]></SubExpr>
        <BeginTag><![CDATA[]]></BeginTag>
        <EndTag><![CDATA[]]></EndTag>
      </Item>
    </ItemTab>
    <PlatElemMapTab RecNum="0"/>
  </Format>
  <Format FmtName="FMT_CARD_CLI_GW9902_REQ"
  		FmtDesc="缴费请求报文"
  		IOType="buf"
  		Compress=""
  		FmtType="json"
  		SignName=""
  		BitMapType=""
  		VarityLen="no"
  		LengthBytes="0"
  		LengthDlmt=""
  		FileFmtType=""
  		EnCoding="UTF-8"
  		Comment=""
  		ElemName="OBJ_CARD_CLI_GW9902_REQ"
  		XMLType="Standard">
    <FileName><![CDATA[]]></FileName>
    <FilePath><![CDATA[]]></FilePath>
    <LengthParseExpr><![CDATA[]]></LengthParseExpr>
    <LengthBuildExpr><![CDATA[]]></LengthBuildExpr>
    <ParseExpr><![CDATA[]]></ParseExpr>
    <BuildExpr><![CDATA[]]></BuildExpr>
    <NodeClass Name="未分类"
    		Desc="未分类"/>
    <ItemTab RecNum="3">
      <Item ItemType="item"
      		ItemSignName=""
      		ItemIgnr="no"
      		ItemDesc="接口代码"
      		ElemName="iCode"
      		ItemDlmt=""
      		AsciiFlag="yes"
      		DecLocale="0"
      		FixFlag="no"
      		ItemAdj="no"
      		ItemFill=""
      		LenDataFlag="no"
      		LenDataBytes=""
      		SubName=""
      		SubNodeName=""
      		RecNum=""
      		NotNull="yes"
      		PlatElemFlag="no"
      		EnCoding="UTF-8"
      		CDATAFlag="no">
        <ConstData><![CDATA[]]></ConstData>
        <ItemParseExpr><![CDATA[]]></ItemParseExpr>
        <ItemBuildExpr><![CDATA[]]></ItemBuildExpr>
        <LenDataParseExpr><![CDATA[]]></LenDataParseExpr>
        <LenDataBuildExpr><![CDATA[]]></LenDataBuildExpr>
        <LengthExpr><![CDATA[]]></LengthExpr>
        <SubExpr><![CDATA[]]></SubExpr>
        <BeginTag><![CDATA[]]></BeginTag>
        <EndTag><![CDATA[]]></EndTag>
      </Item>
      <Item ItemType="item"
      		ItemSignName=""
      		ItemIgnr="no"
      		ItemDesc="渠道代码"
      		ElemName="cCode"
      		ItemDlmt=""
      		AsciiFlag="yes"
      		DecLocale="0"
      		FixFlag="no"
      		ItemAdj="no"
      		ItemFill=""
      		LenDataFlag="no"
      		LenDataBytes=""
      		SubName=""
      		SubNodeName=""
      		RecNum=""
      		NotNull="yes"
      		PlatElemFlag="no"
      		EnCoding="UTF-8"
      		CDATAFlag="no">
        <ConstData><![CDATA[]]></ConstData>
        <ItemParseExpr><![CDATA[]]></ItemParseExpr>
        <ItemBuildExpr><![CDATA[]]></ItemBuildExpr>
        <LenDataParseExpr><![CDATA[]]></LenDataParseExpr>
        <LenDataBuildExpr><![CDATA[]]></LenDataBuildExpr>
        <LengthExpr><![CDATA[]]></LengthExpr>
        <SubExpr><![CDATA[]]></SubExpr>
        <BeginTag><![CDATA[]]></BeginTag>
        <EndTag><![CDATA[]]></EndTag>
      </Item>
      <Item ItemType="fmt"
      		ItemSignName=""
      		ItemIgnr="no"
      		ItemDesc="缴费请求报文"
      		ElemName=""
      		ItemDlmt=""
      		AsciiFlag="yes"
      		DecLocale="0"
      		FixFlag="no"
      		ItemAdj="no"
      		ItemFill=""
      		LenDataFlag="no"
      		LenDataBytes=""
      		SubName="FMT_CARD_CLI_GW9902_REQ_body"
      		SubNodeName="body"
      		RecNum=""
      		NotNull="no"
      		PlatElemFlag="no"
      		EnCoding="UTF-8"
      		CDATAFlag="no">
        <ConstData><![CDATA[]]></ConstData>
        <ItemParseExpr><![CDATA[]]></ItemParseExpr>
        <ItemBuildExpr><![CDATA[]]></ItemBuildExpr>
        <LenDataParseExpr><![CDATA[]]></LenDataParseExpr>
        <LenDataBuildExpr><![CDATA[]]></LenDataBuildExpr>
        <LengthExpr><![CDATA[]]></LengthExpr>
        <SubExpr><![CDATA[]]></SubExpr>
        <BeginTag><![CDATA[]]></BeginTag>
        <EndTag><![CDATA[]]></EndTag>
      </Item>
    </ItemTab>
    <PlatElemMapTab RecNum="0"/>
  </Format>
  <Format FmtName="FMT_CARD_CLI_GW9902_REQ_body"
  		FmtDesc="缴费请求报文"
  		IOType="buf"
  		Compress=""
  		FmtType="json"
  		SignName=""
  		BitMapType=""
  		VarityLen="no"
  		LengthBytes="0"
  		LengthDlmt=""
  		FileFmtType=""
  		EnCoding="UTF-8"
  		Comment=""
  		ElemName="OBJ_CARD_GW9902_REQ"
  		XMLType="Standard">
    <FileName><![CDATA[]]></FileName>
    <FilePath><![CDATA[]]></FilePath>
    <LengthParseExpr><![CDATA[]]></LengthParseExpr>
    <LengthBuildExpr><![CDATA[]]></LengthBuildExpr>
    <ParseExpr><![CDATA[]]></ParseExpr>
    <BuildExpr><![CDATA[]]></BuildExpr>
    <NodeClass Name="未分类"
    		Desc="未分类"/>
    <ItemTab RecNum="6">
      <Item ItemType="item"
      		ItemSignName=""
      		ItemIgnr="no"
      		ItemDesc="识别号"
      		ElemName="uid"
      		ItemDlmt=""
      		AsciiFlag="yes"
      		DecLocale="0"
      		FixFlag="no"
      		ItemAdj="no"
      		ItemFill=""
      		LenDataFlag="no"
      		LenDataBytes=""
      		SubName=""
      		SubNodeName=""
      		RecNum=""
      		NotNull="yes"
      		PlatElemFlag="no"
      		EnCoding="UTF-8"
      		CDATAFlag="no">
        <ConstData><![CDATA[]]></ConstData>
        <ItemParseExpr><![CDATA[]]></ItemParseExpr>
        <ItemBuildExpr><![CDATA[]]></ItemBuildExpr>
        <LenDataParseExpr><![CDATA[]]></LenDataParseExpr>
        <LenDataBuildExpr><![CDATA[]]></LenDataBuildExpr>
        <LengthExpr><![CDATA[]]></LengthExpr>
        <SubExpr><![CDATA[]]></SubExpr>
        <BeginTag><![CDATA[]]></BeginTag>
        <EndTag><![CDATA[]]></EndTag>
      </Item>
      <Item ItemType="item"
      		ItemSignName=""
      		ItemIgnr="no"
      		ItemDesc="付款方式"
      		ElemName="pType"
      		ItemDlmt=""
      		AsciiFlag="yes"
      		DecLocale="0"
      		FixFlag="no"
      		ItemAdj="no"
      		ItemFill=""
      		LenDataFlag="no"
      		LenDataBytes=""
      		SubName=""
      		SubNodeName=""
      		RecNum=""
      		NotNull="yes"
      		PlatElemFlag="no"
      		EnCoding="UTF-8"
      		CDATAFlag="no">
        <ConstData><![CDATA[]]></ConstData>
        <ItemParseExpr><![CDATA[]]></ItemParseExpr>
        <ItemBuildExpr><![CDATA[]]></ItemBuildExpr>
        <LenDataParseExpr><![CDATA[]]></LenDataParseExpr>
        <LenDataBuildExpr><![CDATA[]]></LenDataBuildExpr>
        <LengthExpr><![CDATA[]]></LengthExpr>
        <SubExpr><![CDATA[]]></SubExpr>
        <BeginTag><![CDATA[]]></BeginTag>
        <EndTag><![CDATA[]]></EndTag>
      </Item>
      <Item ItemType="item"
      		ItemSignName=""
      		ItemIgnr="no"
      		ItemDesc="付款账号"
      		ElemName="pAccount"
      		ItemDlmt=""
      		AsciiFlag="yes"
      		DecLocale="0"
      		FixFlag="no"
      		ItemAdj="no"
      		ItemFill=""
      		LenDataFlag="no"
      		LenDataBytes=""
      		SubName=""
      		SubNodeName=""
      		RecNum=""
      		NotNull="yes"
      		PlatElemFlag="no"
      		EnCoding="UTF-8"
      		CDATAFlag="no">
        <ConstData><![CDATA[]]></ConstData>
        <ItemParseExpr><![CDATA[]]></ItemParseExpr>
        <ItemBuildExpr><![CDATA[]]></ItemBuildExpr>
        <LenDataParseExpr><![CDATA[]]></LenDataParseExpr>
        <LenDataBuildExpr><![CDATA[]]></LenDataBuildExpr>
        <LengthExpr><![CDATA[]]></LengthExpr>
        <SubExpr><![CDATA[]]></SubExpr>
        <BeginTag><![CDATA[]]></BeginTag>
        <EndTag><![CDATA[]]></EndTag>
      </Item>
      <Item ItemType="item"
      		ItemSignName=""
      		ItemIgnr="no"
      		ItemDesc="交易流水号"
      		ElemName="sNumber"
      		ItemDlmt=""
      		AsciiFlag="yes"
      		DecLocale="0"
      		FixFlag="no"
      		ItemAdj="no"
      		ItemFill=""
      		LenDataFlag="no"
      		LenDataBytes=""
      		SubName=""
      		SubNodeName=""
      		RecNum=""
      		NotNull="yes"
      		PlatElemFlag="no"
      		EnCoding="UTF-8"
      		CDATAFlag="no">
        <ConstData><![CDATA[]]></ConstData>
        <ItemParseExpr><![CDATA[]]></ItemParseExpr>
        <ItemBuildExpr><![CDATA[]]></ItemBuildExpr>
        <LenDataParseExpr><![CDATA[]]></LenDataParseExpr>
        <LenDataBuildExpr><![CDATA[]]></LenDataBuildExpr>
        <LengthExpr><![CDATA[]]></LengthExpr>
        <SubExpr><![CDATA[]]></SubExpr>
        <BeginTag><![CDATA[]]></BeginTag>
        <EndTag><![CDATA[]]></EndTag>
      </Item>
      <Item ItemType="item"
      		ItemSignName=""
      		ItemIgnr="no"
      		ItemDesc="交易金额"
      		ElemName="money"
      		ItemDlmt=""
      		AsciiFlag="yes"
      		DecLocale="0"
      		FixFlag="no"
      		ItemAdj="no"
      		ItemFill=""
      		LenDataFlag="no"
      		LenDataBytes=""
      		SubName=""
      		SubNodeName=""
      		RecNum=""
      		NotNull="yes"
      		PlatElemFlag="no"
      		EnCoding="UTF-8"
      		CDATAFlag="no">
        <ConstData><![CDATA[]]></ConstData>
        <ItemParseExpr><![CDATA[]]></ItemParseExpr>
        <ItemBuildExpr><![CDATA[]]></ItemBuildExpr>
        <LenDataParseExpr><![CDATA[]]></LenDataParseExpr>
        <LenDataBuildExpr><![CDATA[]]></LenDataBuildExpr>
        <LengthExpr><![CDATA[]]></LengthExpr>
        <SubExpr><![CDATA[]]></SubExpr>
        <BeginTag><![CDATA[]]></BeginTag>
        <EndTag><![CDATA[]]></EndTag>
      </Item>
      <Item ItemType="item"
      		ItemSignName=""
      		ItemIgnr="no"
      		ItemDesc="交易时间"
      		ElemName="tTime"
      		ItemDlmt=""
      		AsciiFlag="yes"
      		DecLocale="0"
      		FixFlag="no"
      		ItemAdj="no"
      		ItemFill=""
      		LenDataFlag="no"
      		LenDataBytes=""
      		SubName=""
      		SubNodeName=""
      		RecNum=""
      		NotNull="yes"
      		PlatElemFlag="no"
      		EnCoding="UTF-8"
      		CDATAFlag="no">
        <ConstData><![CDATA[]]></ConstData>
        <ItemParseExpr><![CDATA[]]></ItemParseExpr>
        <ItemBuildExpr><![CDATA[]]></ItemBuildExpr>
        <LenDataParseExpr><![CDATA[]]></LenDataParseExpr>
        <LenDataBuildExpr><![CDATA[]]></LenDataBuildExpr>
        <LengthExpr><![CDATA[]]></LengthExpr>
        <SubExpr><![CDATA[]]></SubExpr>
        <BeginTag><![CDATA[]]></BeginTag>
        <EndTag><![CDATA[]]></EndTag>
      </Item>
    </ItemTab>
    <PlatElemMapTab RecNum="0"/>
  </Format>
  <Format FmtName="FMT_CARD_CLI_GW9902_RES"
  		FmtDesc="缴费响应报文"
  		IOType="buf"
  		Compress=""
  		FmtType="json"
  		SignName=""
  		BitMapType=""
  		VarityLen="no"
  		LengthBytes="0"
  		LengthDlmt=""
  		FileFmtType=""
  		EnCoding="UTF-8"
  		Comment=""
  		ElemName="OBJ_CARD_CLI_GW9902_RES"
  		XMLType="Standard">
    <FileName><![CDATA[]]></FileName>
    <FilePath><![CDATA[]]></FilePath>
    <LengthParseExpr><![CDATA[]]></LengthParseExpr>
    <LengthBuildExpr><![CDATA[]]></LengthBuildExpr>
    <ParseExpr><![CDATA[]]></ParseExpr>
    <BuildExpr><![CDATA[]]></BuildExpr>
    <NodeClass Name="未分类"
    		Desc="未分类"/>
    <ItemTab RecNum="4">
      <Item ItemType="item"
      		ItemSignName=""
      		ItemIgnr="no"
      		ItemDesc="接口代码"
      		ElemName="iCode"
      		ItemDlmt=""
      		AsciiFlag="yes"
      		DecLocale="0"
      		FixFlag="no"
      		ItemAdj="no"
      		ItemFill=""
      		LenDataFlag="no"
      		LenDataBytes=""
      		SubName=""
      		SubNodeName=""
      		RecNum=""
      		NotNull="yes"
      		PlatElemFlag="no"
      		EnCoding="UTF-8"
      		CDATAFlag="no">
        <ConstData><![CDATA[]]></ConstData>
        <ItemParseExpr><![CDATA[]]></ItemParseExpr>
        <ItemBuildExpr><![CDATA[]]></ItemBuildExpr>
        <LenDataParseExpr><![CDATA[]]></LenDataParseExpr>
        <LenDataBuildExpr><![CDATA[]]></LenDataBuildExpr>
        <LengthExpr><![CDATA[]]></LengthExpr>
        <SubExpr><![CDATA[]]></SubExpr>
        <BeginTag><![CDATA[]]></BeginTag>
        <EndTag><![CDATA[]]></EndTag>
      </Item>
      <Item ItemType="item"
      		ItemSignName=""
      		ItemIgnr="no"
      		ItemDesc="操作结果"
      		ElemName="isSuccess"
      		ItemDlmt=""
      		AsciiFlag="yes"
      		DecLocale="0"
      		FixFlag="no"
      		ItemAdj="no"
      		ItemFill=""
      		LenDataFlag="no"
      		LenDataBytes=""
      		SubName=""
      		SubNodeName=""
      		RecNum=""
      		NotNull="yes"
      		PlatElemFlag="no"
      		EnCoding="UTF-8"
      		CDATAFlag="no">
        <ConstData><![CDATA[]]></ConstData>
        <ItemParseExpr><![CDATA[]]></ItemParseExpr>
        <ItemBuildExpr><![CDATA[]]></ItemBuildExpr>
        <LenDataParseExpr><![CDATA[]]></LenDataParseExpr>
        <LenDataBuildExpr><![CDATA[]]></LenDataBuildExpr>
        <LengthExpr><![CDATA[]]></LengthExpr>
        <SubExpr><![CDATA[]]></SubExpr>
        <BeginTag><![CDATA[]]></BeginTag>
        <EndTag><![CDATA[]]></EndTag>
      </Item>
      <Item ItemType="item"
      		ItemSignName=""
      		ItemIgnr="no"
      		ItemDesc="返回信息"
      		ElemName="message"
      		ItemDlmt=""
      		AsciiFlag="yes"
      		DecLocale="0"
      		FixFlag="no"
      		ItemAdj="no"
      		ItemFill=""
      		LenDataFlag="no"
      		LenDataBytes=""
      		SubName=""
      		SubNodeName=""
      		RecNum=""
      		NotNull="yes"
      		PlatElemFlag="no"
      		EnCoding="UTF-8"
      		CDATAFlag="no">
        <ConstData><![CDATA[]]></ConstData>
        <ItemParseExpr><![CDATA[]]></ItemParseExpr>
        <ItemBuildExpr><![CDATA[]]></ItemBuildExpr>
        <LenDataParseExpr><![CDATA[]]></LenDataParseExpr>
        <LenDataBuildExpr><![CDATA[]]></LenDataBuildExpr>
        <LengthExpr><![CDATA[]]></LengthExpr>
        <SubExpr><![CDATA[]]></SubExpr>
        <BeginTag><![CDATA[]]></BeginTag>
        <EndTag><![CDATA[]]></EndTag>
      </Item>
      <Item ItemType="fmt"
      		ItemSignName=""
      		ItemIgnr="no"
      		ItemDesc="缴费响应报文"
      		ElemName=""
      		ItemDlmt=""
      		AsciiFlag="yes"
      		DecLocale="0"
      		FixFlag="no"
      		ItemAdj="no"
      		ItemFill=""
      		LenDataFlag="no"
      		LenDataBytes=""
      		SubName="FMT_CARD_CLI_GW9902_RES_body"
      		SubNodeName="body"
      		RecNum=""
      		NotNull="yes"
      		PlatElemFlag="no"
      		EnCoding="UTF-8"
      		CDATAFlag="no">
        <ConstData><![CDATA[]]></ConstData>
        <ItemParseExpr><![CDATA[]]></ItemParseExpr>
        <ItemBuildExpr><![CDATA[]]></ItemBuildExpr>
        <LenDataParseExpr><![CDATA[]]></LenDataParseExpr>
        <LenDataBuildExpr><![CDATA[]]></LenDataBuildExpr>
        <LengthExpr><![CDATA[]]></LengthExpr>
        <SubExpr><![CDATA[]]></SubExpr>
        <BeginTag><![CDATA[]]></BeginTag>
        <EndTag><![CDATA[]]></EndTag>
      </Item>
    </ItemTab>
    <PlatElemMapTab RecNum="0"/>
  </Format>
  <Format FmtName="FMT_CARD_CLI_GW9902_RES_body"
  		FmtDesc="缴费响应报文"
  		IOType="buf"
  		Compress=""
  		FmtType="json"
  		SignName=""
  		BitMapType=""
  		VarityLen="no"
  		LengthBytes="0"
  		LengthDlmt=""
  		FileFmtType=""
  		EnCoding="UTF-8"
  		Comment=""
  		ElemName="OBJ_CARD_GW9902_RES"
  		XMLType="Standard">
    <FileName><![CDATA[]]></FileName>
    <FilePath><![CDATA[]]></FilePath>
    <LengthParseExpr><![CDATA[]]></LengthParseExpr>
    <LengthBuildExpr><![CDATA[]]></LengthBuildExpr>
    <ParseExpr><![CDATA[]]></ParseExpr>
    <BuildExpr><![CDATA[]]></BuildExpr>
    <NodeClass Name="未分类"
    		Desc="未分类"/>
    <ItemTab RecNum="0"/>
    <PlatElemMapTab RecNum="0"/>
  </Format>
  <Format FmtName="FMT_CARD_CLI_GW9903_REQ"
  		FmtDesc="对账请求报文"
  		IOType="buf"
  		Compress=""
  		FmtType="json"
  		SignName=""
  		BitMapType=""
  		VarityLen="no"
  		LengthBytes="0"
  		LengthDlmt=""
  		FileFmtType=""
  		EnCoding="GBK"
  		Comment=""
  		ElemName="OBJ_CARD_CLI_GW9903_REQ"
  		XMLType="Standard">
    <FileName><![CDATA[]]></FileName>
    <FilePath><![CDATA[]]></FilePath>
    <LengthParseExpr><![CDATA[]]></LengthParseExpr>
    <LengthBuildExpr><![CDATA[]]></LengthBuildExpr>
    <ParseExpr><![CDATA[]]></ParseExpr>
    <BuildExpr><![CDATA[]]></BuildExpr>
    <NodeClass Name="未分类"
    		Desc="未分类"/>
    <ItemTab RecNum="3">
      <Item ItemType="item"
      		ItemSignName=""
      		ItemIgnr="no"
      		ItemDesc="接口代码"
      		ElemName="iCode"
      		ItemDlmt=""
      		AsciiFlag="yes"
      		DecLocale="0"
      		FixFlag="no"
      		ItemAdj="no"
      		ItemFill=""
      		LenDataFlag="no"
      		LenDataBytes=""
      		SubName=""
      		SubNodeName=""
      		RecNum=""
      		NotNull="yes"
      		PlatElemFlag="no"
      		EnCoding="UTF-8"
      		CDATAFlag="no">
        <ConstData><![CDATA[]]></ConstData>
        <ItemParseExpr><![CDATA[]]></ItemParseExpr>
        <ItemBuildExpr><![CDATA[]]></ItemBuildExpr>
        <LenDataParseExpr><![CDATA[]]></LenDataParseExpr>
        <LenDataBuildExpr><![CDATA[]]></LenDataBuildExpr>
        <LengthExpr><![CDATA[]]></LengthExpr>
        <SubExpr><![CDATA[]]></SubExpr>
        <BeginTag><![CDATA[]]></BeginTag>
        <EndTag><![CDATA[]]></EndTag>
      </Item>
      <Item ItemType="item"
      		ItemSignName=""
      		ItemIgnr="no"
      		ItemDesc="渠道代码"
      		ElemName="cCode"
      		ItemDlmt=""
      		AsciiFlag="yes"
      		DecLocale="0"
      		FixFlag="no"
      		ItemAdj="no"
      		ItemFill=""
      		LenDataFlag="no"
      		LenDataBytes=""
      		SubName=""
      		SubNodeName=""
      		RecNum=""
      		NotNull="yes"
      		PlatElemFlag="no"
      		EnCoding="UTF-8"
      		CDATAFlag="no">
        <ConstData><![CDATA[]]></ConstData>
        <ItemParseExpr><![CDATA[]]></ItemParseExpr>
        <ItemBuildExpr><![CDATA[]]></ItemBuildExpr>
        <LenDataParseExpr><![CDATA[]]></LenDataParseExpr>
        <LenDataBuildExpr><![CDATA[]]></LenDataBuildExpr>
        <LengthExpr><![CDATA[]]></LengthExpr>
        <SubExpr><![CDATA[]]></SubExpr>
        <BeginTag><![CDATA[]]></BeginTag>
        <EndTag><![CDATA[]]></EndTag>
      </Item>
      <Item ItemType="fmt"
      		ItemSignName=""
      		ItemIgnr="no"
      		ItemDesc="对账请求报文"
      		ElemName=""
      		ItemDlmt=""
      		AsciiFlag="yes"
      		DecLocale="0"
      		FixFlag="no"
      		ItemAdj="no"
      		ItemFill=""
      		LenDataFlag="no"
      		LenDataBytes=""
      		SubName="FMT_CARD_CLI_GW9903_REQ_body"
      		SubNodeName="body"
      		RecNum=""
      		NotNull="no"
      		PlatElemFlag="no"
      		EnCoding="UTF-8"
      		CDATAFlag="no">
        <ConstData><![CDATA[]]></ConstData>
        <ItemParseExpr><![CDATA[]]></ItemParseExpr>
        <ItemBuildExpr><![CDATA[]]></ItemBuildExpr>
        <LenDataParseExpr><![CDATA[]]></LenDataParseExpr>
        <LenDataBuildExpr><![CDATA[]]></LenDataBuildExpr>
        <LengthExpr><![CDATA[]]></LengthExpr>
        <SubExpr><![CDATA[]]></SubExpr>
        <BeginTag><![CDATA[]]></BeginTag>
        <EndTag><![CDATA[]]></EndTag>
      </Item>
    </ItemTab>
    <PlatElemMapTab RecNum="0"/>
  </Format>
  <Format FmtName="FMT_CARD_CLI_GW9903_REQ_body"
  		FmtDesc="对账请求报文"
  		IOType="buf"
  		Compress=""
  		FmtType="json"
  		SignName=""
  		BitMapType=""
  		VarityLen="no"
  		LengthBytes="0"
  		LengthDlmt=""
  		FileFmtType=""
  		EnCoding="GBK"
  		Comment=""
  		ElemName="OBJ_CARD_GW9903_REQ"
  		XMLType="Standard">
    <FileName><![CDATA[]]></FileName>
    <FilePath><![CDATA[]]></FilePath>
    <LengthParseExpr><![CDATA[]]></LengthParseExpr>
    <LengthBuildExpr><![CDATA[]]></LengthBuildExpr>
    <ParseExpr><![CDATA[]]></ParseExpr>
    <BuildExpr><![CDATA[]]></BuildExpr>
    <NodeClass Name="未分类"
    		Desc="未分类"/>
    <ItemTab RecNum="2">
      <Item ItemType="item"
      		ItemSignName=""
      		ItemIgnr="no"
      		ItemDesc="对账日期"
      		ElemName="cDate"
      		ItemDlmt=""
      		AsciiFlag="yes"
      		DecLocale="0"
      		FixFlag="no"
      		ItemAdj="no"
      		ItemFill=""
      		LenDataFlag="no"
      		LenDataBytes=""
      		SubName=""
      		SubNodeName=""
      		RecNum=""
      		NotNull="yes"
      		PlatElemFlag="no"
      		EnCoding="GBK"
      		CDATAFlag="no">
        <ConstData><![CDATA[]]></ConstData>
        <ItemParseExpr><![CDATA[]]></ItemParseExpr>
        <ItemBuildExpr><![CDATA[]]></ItemBuildExpr>
        <LenDataParseExpr><![CDATA[]]></LenDataParseExpr>
        <LenDataBuildExpr><![CDATA[]]></LenDataBuildExpr>
        <LengthExpr><![CDATA[]]></LengthExpr>
        <SubExpr><![CDATA[]]></SubExpr>
        <BeginTag><![CDATA[]]></BeginTag>
        <EndTag><![CDATA[]]></EndTag>
      </Item>
      <Item ItemType="item"
      		ItemSignName=""
      		ItemIgnr="no"
      		ItemDesc="对账文件名"
      		ElemName="fName"
      		ItemDlmt=""
      		AsciiFlag="yes"
      		DecLocale="0"
      		FixFlag="no"
      		ItemAdj="no"
      		ItemFill=""
      		LenDataFlag="no"
      		LenDataBytes=""
      		SubName=""
      		SubNodeName=""
      		RecNum=""
      		NotNull="yes"
      		PlatElemFlag="no"
      		EnCoding="GBK"
      		CDATAFlag="no">
        <ConstData><![CDATA[]]></ConstData>
        <ItemParseExpr><![CDATA[]]></ItemParseExpr>
        <ItemBuildExpr><![CDATA[]]></ItemBuildExpr>
        <LenDataParseExpr><![CDATA[]]></LenDataParseExpr>
        <LenDataBuildExpr><![CDATA[]]></LenDataBuildExpr>
        <LengthExpr><![CDATA[]]></LengthExpr>
        <SubExpr><![CDATA[]]></SubExpr>
        <BeginTag><![CDATA[]]></BeginTag>
        <EndTag><![CDATA[]]></EndTag>
      </Item>
    </ItemTab>
    <PlatElemMapTab RecNum="0"/>
  </Format>
  <Format FmtName="FMT_CARD_CLI_GW9903_RES"
  		FmtDesc="对账响应报文"
  		IOType="buf"
  		Compress=""
  		FmtType="json"
  		SignName=""
  		BitMapType=""
  		VarityLen="no"
  		LengthBytes="0"
  		LengthDlmt=""
  		FileFmtType=""
  		EnCoding="GBK"
  		Comment=""
  		ElemName="OBJ_CARD_CLI_GW9903_RES"
  		XMLType="Standard">
    <FileName><![CDATA[]]></FileName>
    <FilePath><![CDATA[]]></FilePath>
    <LengthParseExpr><![CDATA[]]></LengthParseExpr>
    <LengthBuildExpr><![CDATA[]]></LengthBuildExpr>
    <ParseExpr><![CDATA[]]></ParseExpr>
    <BuildExpr><![CDATA[]]></BuildExpr>
    <NodeClass Name="未分类"
    		Desc="未分类"/>
    <ItemTab RecNum="4">
      <Item ItemType="item"
      		ItemSignName=""
      		ItemIgnr="no"
      		ItemDesc="接口代码"
      		ElemName="iCode"
      		ItemDlmt=""
      		AsciiFlag="yes"
      		DecLocale="0"
      		FixFlag="no"
      		ItemAdj="no"
      		ItemFill=""
      		LenDataFlag="no"
      		LenDataBytes=""
      		SubName=""
      		SubNodeName=""
      		RecNum=""
      		NotNull="yes"
      		PlatElemFlag="no"
      		EnCoding="UTF-8"
      		CDATAFlag="no">
        <ConstData><![CDATA[]]></ConstData>
        <ItemParseExpr><![CDATA[]]></ItemParseExpr>
        <ItemBuildExpr><![CDATA[]]></ItemBuildExpr>
        <LenDataParseExpr><![CDATA[]]></LenDataParseExpr>
        <LenDataBuildExpr><![CDATA[]]></LenDataBuildExpr>
        <LengthExpr><![CDATA[]]></LengthExpr>
        <SubExpr><![CDATA[]]></SubExpr>
        <BeginTag><![CDATA[]]></BeginTag>
        <EndTag><![CDATA[]]></EndTag>
      </Item>
      <Item ItemType="item"
      		ItemSignName=""
      		ItemIgnr="no"
      		ItemDesc="操作结果"
      		ElemName="isSuccess"
      		ItemDlmt=""
      		AsciiFlag="yes"
      		DecLocale="0"
      		FixFlag="no"
      		ItemAdj="no"
      		ItemFill=""
      		LenDataFlag="no"
      		LenDataBytes=""
      		SubName=""
      		SubNodeName=""
      		RecNum=""
      		NotNull="yes"
      		PlatElemFlag="no"
      		EnCoding="UTF-8"
      		CDATAFlag="no">
        <ConstData><![CDATA[]]></ConstData>
        <ItemParseExpr><![CDATA[]]></ItemParseExpr>
        <ItemBuildExpr><![CDATA[]]></ItemBuildExpr>
        <LenDataParseExpr><![CDATA[]]></LenDataParseExpr>
        <LenDataBuildExpr><![CDATA[]]></LenDataBuildExpr>
        <LengthExpr><![CDATA[]]></LengthExpr>
        <SubExpr><![CDATA[]]></SubExpr>
        <BeginTag><![CDATA[]]></BeginTag>
        <EndTag><![CDATA[]]></EndTag>
      </Item>
      <Item ItemType="item"
      		ItemSignName=""
      		ItemIgnr="no"
      		ItemDesc="返回信息"
      		ElemName="message"
      		ItemDlmt=""
      		AsciiFlag="yes"
      		DecLocale="0"
      		FixFlag="no"
      		ItemAdj="no"
      		ItemFill=""
      		LenDataFlag="no"
      		LenDataBytes=""
      		SubName=""
      		SubNodeName=""
      		RecNum=""
      		NotNull="yes"
      		PlatElemFlag="no"
      		EnCoding="UTF-8"
      		CDATAFlag="no">
        <ConstData><![CDATA[]]></ConstData>
        <ItemParseExpr><![CDATA[]]></ItemParseExpr>
        <ItemBuildExpr><![CDATA[]]></ItemBuildExpr>
        <LenDataParseExpr><![CDATA[]]></LenDataParseExpr>
        <LenDataBuildExpr><![CDATA[]]></LenDataBuildExpr>
        <LengthExpr><![CDATA[]]></LengthExpr>
        <SubExpr><![CDATA[]]></SubExpr>
        <BeginTag><![CDATA[]]></BeginTag>
        <EndTag><![CDATA[]]></EndTag>
      </Item>
      <Item ItemType="fmt"
      		ItemSignName=""
      		ItemIgnr="no"
      		ItemDesc="对账响应报文"
      		ElemName=""
      		ItemDlmt=""
      		AsciiFlag="yes"
      		DecLocale="0"
      		FixFlag="no"
      		ItemAdj="no"
      		ItemFill=""
      		LenDataFlag="no"
      		LenDataBytes=""
      		SubName="FMT_CARD_CLI_GW9903_RES_body"
      		SubNodeName="body"
      		RecNum=""
      		NotNull="yes"
      		PlatElemFlag="no"
      		EnCoding="UTF-8"
      		CDATAFlag="no">
        <ConstData><![CDATA[]]></ConstData>
        <ItemParseExpr><![CDATA[]]></ItemParseExpr>
        <ItemBuildExpr><![CDATA[]]></ItemBuildExpr>
        <LenDataParseExpr><![CDATA[]]></LenDataParseExpr>
        <LenDataBuildExpr><![CDATA[]]></LenDataBuildExpr>
        <LengthExpr><![CDATA[]]></LengthExpr>
        <SubExpr><![CDATA[]]></SubExpr>
        <BeginTag><![CDATA[]]></BeginTag>
        <EndTag><![CDATA[]]></EndTag>
      </Item>
    </ItemTab>
    <PlatElemMapTab RecNum="0"/>
  </Format>
  <Format FmtName="FMT_CARD_CLI_GW9903_RES_body"
  		FmtDesc="对账响应报文"
  		IOType="buf"
  		Compress=""
  		FmtType="json"
  		SignName=""
  		BitMapType=""
  		VarityLen="no"
  		LengthBytes="0"
  		LengthDlmt=""
  		FileFmtType=""
  		EnCoding="GBK"
  		Comment=""
  		ElemName="OBJ_CARD_GW9903_RES"
  		XMLType="Standard">
    <FileName><![CDATA[]]></FileName>
    <FilePath><![CDATA[]]></FilePath>
    <LengthParseExpr><![CDATA[]]></LengthParseExpr>
    <LengthBuildExpr><![CDATA[]]></LengthBuildExpr>
    <ParseExpr><![CDATA[]]></ParseExpr>
    <BuildExpr><![CDATA[]]></BuildExpr>
    <NodeClass Name="未分类"
    		Desc="未分类"/>
    <ItemTab RecNum="0"/>
    <PlatElemMapTab RecNum="0"/>
  </Format>
</FormatTab>
