<?xml version="1.0" encoding="UTF-8"?>

<ServiceTab RecNum="3">
  <Service Name="GW9901"
  		SvcDesc="身份验证"
  		TimeOut="0"
  		IFmt="FMT_CARD_CLI_GW9901_RES"
  		OFmt="FMT_CARD_CLI_GW9901_REQ"
  		PFile=""
  		BFile=""
  		IElem="OBJ_CARD_CLI_GW9901_REQ"
  		OElem="OBJ_CARD_CLI_GW9901_RES"
  		Transaction="No"
  		RevsFlag="No"
  		RevsDtaType=""
  		RevsDtaName=""
  		RevsSvcName=""
  		CompsFlag="No"
  		CompsDtaType=""
  		CompsDtaName=""
  		CompsName=""
  		ExtCode=""
  		Prio="3"
  		DestTimeOut="No"
  		RevsSeq="Random"
  		CompsSeq="Random"
  		IsWsdl="no"
  		NameSpace=""
  		NameSpaceNS=""
  		SoapBinding=""
  		IsHavePrefix="">
    <NodeClass Name="未分类"
    		Desc="未分类"/>
    <ExtCodeExpr><![CDATA[]]></ExtCodeExpr>
    <PrioExpr><![CDATA[]]></PrioExpr>
    <SvrIdExpr><![CDATA[]]></SvrIdExpr>
    <IFile><![CDATA[]]></IFile>
    <OFile><![CDATA[]]></OFile>
    <RevsInit><![CDATA[]]></RevsInit>
    <RevsSucc><![CDATA[]]></RevsSucc>
    <RevsFail><![CDATA[]]></RevsFail>
    <CompsInit><![CDATA[]]></CompsInit>
    <CompsSucc><![CDATA[]]></CompsSucc>
    <CompsFail><![CDATA[]]></CompsFail>
    <IFmtGrpTab RecNum="0"/>
    <OFmtGrpTab RecNum="0"/>
    <EvtIfmtBegin><![CDATA[]]></EvtIfmtBegin>
    <EvtIfmtEnd><![CDATA[]]></EvtIfmtEnd>
    <EvtOfmtBegin><![CDATA[]]></EvtOfmtBegin>
    <EvtOfmtEnd><![CDATA[]]></EvtOfmtEnd>
    <EvtAcallBegin><![CDATA[]]></EvtAcallBegin>
    <EvtAcallEnd><![CDATA[]]></EvtAcallEnd>
    <EvtReturnBegin><![CDATA[]]></EvtReturnBegin>
    <EvtReturnEnd><![CDATA[]]></EvtReturnEnd>
    <EvtConvsvcBegin><![CDATA[]]></EvtConvsvcBegin>
    <EvtConvsvcEnd><![CDATA[]]></EvtConvsvcEnd>
    <EvtPfileBegin><![CDATA[]]></EvtPfileBegin>
    <EvtPfileEnd><![CDATA[]]></EvtPfileEnd>
    <EvtBfileBegin><![CDATA[]]></EvtBfileBegin>
    <EvtBfileEnd><![CDATA[]]></EvtBfileEnd>
    <EvtSfileBegin><![CDATA[]]></EvtSfileBegin>
    <EvtSfileEnd><![CDATA[]]></EvtSfileEnd>
    <EvtRfileBegin><![CDATA[]]></EvtRfileBegin>
    <EvtRfileEnd><![CDATA[]]></EvtRfileEnd>
  </Service>
  <Service Name="GW9902"
  		SvcDesc="缴费"
  		TimeOut="0"
  		IFmt="FMT_CARD_CLI_GW9902_RES"
  		OFmt="FMT_CARD_CLI_GW9902_REQ"
  		PFile=""
  		BFile=""
  		IElem="OBJ_CARD_CLI_GW9902_REQ"
  		OElem="OBJ_CARD_CLI_GW9902_RES"
  		Transaction="No"
  		RevsFlag="No"
  		RevsDtaType=""
  		RevsDtaName=""
  		RevsSvcName=""
  		CompsFlag="No"
  		CompsDtaType=""
  		CompsDtaName=""
  		CompsName=""
  		ExtCode=""
  		Prio="3"
  		DestTimeOut="No"
  		RevsSeq="Random"
  		CompsSeq="Random"
  		IsWsdl="no"
  		NameSpace=""
  		NameSpaceNS=""
  		SoapBinding=""
  		IsHavePrefix="">
    <NodeClass Name="未分类"
    		Desc="未分类"/>
    <ExtCodeExpr><![CDATA[]]></ExtCodeExpr>
    <PrioExpr><![CDATA[]]></PrioExpr>
    <SvrIdExpr><![CDATA[]]></SvrIdExpr>
    <IFile><![CDATA[]]></IFile>
    <OFile><![CDATA[]]></OFile>
    <RevsInit><![CDATA[]]></RevsInit>
    <RevsSucc><![CDATA[]]></RevsSucc>
    <RevsFail><![CDATA[]]></RevsFail>
    <CompsInit><![CDATA[]]></CompsInit>
    <CompsSucc><![CDATA[]]></CompsSucc>
    <CompsFail><![CDATA[]]></CompsFail>
    <IFmtGrpTab RecNum="0"/>
    <OFmtGrpTab RecNum="0"/>
    <EvtIfmtBegin><![CDATA[]]></EvtIfmtBegin>
    <EvtIfmtEnd><![CDATA[]]></EvtIfmtEnd>
    <EvtOfmtBegin><![CDATA[]]></EvtOfmtBegin>
    <EvtOfmtEnd><![CDATA[]]></EvtOfmtEnd>
    <EvtAcallBegin><![CDATA[]]></EvtAcallBegin>
    <EvtAcallEnd><![CDATA[]]></EvtAcallEnd>
    <EvtReturnBegin><![CDATA[]]></EvtReturnBegin>
    <EvtReturnEnd><![CDATA[]]></EvtReturnEnd>
    <EvtConvsvcBegin><![CDATA[]]></EvtConvsvcBegin>
    <EvtConvsvcEnd><![CDATA[]]></EvtConvsvcEnd>
    <EvtPfileBegin><![CDATA[]]></EvtPfileBegin>
    <EvtPfileEnd><![CDATA[]]></EvtPfileEnd>
    <EvtBfileBegin><![CDATA[]]></EvtBfileBegin>
    <EvtBfileEnd><![CDATA[]]></EvtBfileEnd>
    <EvtSfileBegin><![CDATA[]]></EvtSfileBegin>
    <EvtSfileEnd><![CDATA[]]></EvtSfileEnd>
    <EvtRfileBegin><![CDATA[]]></EvtRfileBegin>
    <EvtRfileEnd><![CDATA[]]></EvtRfileEnd>
  </Service>
  <Service Name="GW9903"
  		SvcDesc="对账"
  		TimeOut="0"
  		IFmt="FMT_CARD_CLI_GW9903_RES"
  		OFmt="FMT_CARD_CLI_GW9903_REQ"
  		PFile=""
  		BFile=""
  		IElem="OBJ_CARD_CLI_GW9903_REQ"
  		OElem="OBJ_CARD_CLI_GW9903_RES"
  		Transaction="No"
  		RevsFlag="No"
  		RevsDtaType=""
  		RevsDtaName=""
  		RevsSvcName=""
  		CompsFlag="No"
  		CompsDtaType=""
  		CompsDtaName=""
  		CompsName=""
  		ExtCode=""
  		Prio="3"
  		DestTimeOut="No"
  		RevsSeq="Random"
  		CompsSeq="Random"
  		IsWsdl="no"
  		NameSpace=""
  		NameSpaceNS=""
  		SoapBinding=""
  		IsHavePrefix="">
    <NodeClass Name="未分类"
    		Desc="未分类"/>
    <ExtCodeExpr><![CDATA[]]></ExtCodeExpr>
    <PrioExpr><![CDATA[]]></PrioExpr>
    <SvrIdExpr><![CDATA[]]></SvrIdExpr>
    <IFile><![CDATA[]]></IFile>
    <OFile><![CDATA[]]></OFile>
    <RevsInit><![CDATA[]]></RevsInit>
    <RevsSucc><![CDATA[]]></RevsSucc>
    <RevsFail><![CDATA[]]></RevsFail>
    <CompsInit><![CDATA[]]></CompsInit>
    <CompsSucc><![CDATA[]]></CompsSucc>
    <CompsFail><![CDATA[]]></CompsFail>
    <IFmtGrpTab RecNum="0"/>
    <OFmtGrpTab RecNum="0"/>
    <EvtIfmtBegin><![CDATA[]]></EvtIfmtBegin>
    <EvtIfmtEnd><![CDATA[]]></EvtIfmtEnd>
    <EvtOfmtBegin><![CDATA[]]></EvtOfmtBegin>
    <EvtOfmtEnd><![CDATA[]]></EvtOfmtEnd>
    <EvtAcallBegin><![CDATA[]]></EvtAcallBegin>
    <EvtAcallEnd><![CDATA[]]></EvtAcallEnd>
    <EvtReturnBegin><![CDATA[]]></EvtReturnBegin>
    <EvtReturnEnd><![CDATA[]]></EvtReturnEnd>
    <EvtConvsvcBegin><![CDATA[]]></EvtConvsvcBegin>
    <EvtConvsvcEnd><![CDATA[]]></EvtConvsvcEnd>
    <EvtPfileBegin><![CDATA[]]></EvtPfileBegin>
    <EvtPfileEnd><![CDATA[]]></EvtPfileEnd>
    <EvtBfileBegin><![CDATA[]]></EvtBfileBegin>
    <EvtBfileEnd><![CDATA[]]></EvtBfileEnd>
    <EvtSfileBegin><![CDATA[]]></EvtSfileBegin>
    <EvtSfileEnd><![CDATA[]]></EvtSfileEnd>
    <EvtRfileBegin><![CDATA[]]></EvtRfileBegin>
    <EvtRfileEnd><![CDATA[]]></EvtRfileEnd>
  </Service>
</ServiceTab>
