<?xml version="1.0" encoding="UTF-8"?>

<DataMapTab RecNum="4">
  <DataMap SrcDta="SIGN"
  		SrcSvc="SSIGN0020201"
  		SrcType="ALA"
  		DstDta="HOST_CLI"
  		DstSvc="S006267"
  		DstType="DTA">
    <NodeClass Name="未分类"
    		Desc="未分类"/>
    <ItemTab RecNum="2">
      <Item IOType="I"
      		MapType="E"
      		SrcSdo="fmt_CUP_SVR_IN.ISO_8583"
      		DstSdo="ISO_8583">
        <MapExpr><![CDATA[]]></MapExpr>
      </Item>
      <Item IOType="O"
      		MapType="E"
      		SrcSdo="ISO_8583"
      		DstSdo="fmt_CUP_SVR_OUT.ISO_8583">
        <MapExpr><![CDATA[]]></MapExpr>
      </Item>
    </ItemTab>
  </DataMap>
  <DataMap SrcDta="SIGN"
  		SrcSvc="SSIGN0020301"
  		SrcType="ALA"
  		DstDta="HOST_CLI"
  		DstSvc="S006267"
  		DstType="DTA">
    <NodeClass Name="未分类"
    		Desc="未分类"/>
    <ItemTab RecNum="2">
      <Item IOType="I"
      		MapType="E"
      		SrcSdo="fmt_CUP_SVR_IN.ISO_8583"
      		DstSdo="ISO_8583">
        <MapExpr><![CDATA[]]></MapExpr>
      </Item>
      <Item IOType="O"
      		MapType="E"
      		SrcSdo="ISO_8583"
      		DstSdo="fmt_CUP_SVR_OUT.ISO_8583">
        <MapExpr><![CDATA[]]></MapExpr>
      </Item>
    </ItemTab>
  </DataMap>
  <DataMap SrcDta="SIGN"
  		SrcSvc="SSIGN0020201"
  		SrcType="ALA"
  		DstDta="NETBK_CLI"
  		DstSvc="ZH0001"
  		DstType="DTA">
    <NodeClass Name="未分类"
    		Desc="未分类"/>
    <ItemTab RecNum="2">
      <Item IOType="I"
      		MapType="E"
      		SrcSdo="fmt_CUP_SVR_IN.transaction"
      		DstSdo="OBJ_NETBK_ZH0001_REQ">
        <MapExpr><![CDATA[]]></MapExpr>
      </Item>
      <Item IOType="O"
      		MapType="E"
      		SrcSdo="OBJ_NETBK_ZH0001_RES"
      		DstSdo="fmt_CUP_SVR_OUT.Response">
        <MapExpr><![CDATA[]]></MapExpr>
      </Item>
    </ItemTab>
  </DataMap>
  <DataMap SrcDta="SIGN"
  		SrcSvc="SSIGN0020301"
  		SrcType="ALA"
  		DstDta="NETBK_CLI"
  		DstSvc="ZH0001"
  		DstType="DTA">
    <NodeClass Name="未分类"
    		Desc="未分类"/>
    <ItemTab RecNum="2">
      <Item IOType="I"
      		MapType="E"
      		SrcSdo="fmt_CUP_SVR_IN.transaction"
      		DstSdo="OBJ_NETBK_ZH0001_REQ">
        <MapExpr><![CDATA[]]></MapExpr>
      </Item>
      <Item IOType="O"
      		MapType="E"
      		SrcSdo="OBJ_NETBK_ZH0001_RES"
      		DstSdo="fmt_CUP_SVR_OUT.Response">
        <MapExpr><![CDATA[]]></MapExpr>
      </Item>
    </ItemTab>
  </DataMap>
</DataMapTab>
