<?xml version="1.0" encoding="UTF-8"?>

<SvcDependTab SrcType="C"
		SrcName="SIGN">
  <SvcDepend SrcSvcName="SSIGN0020201">
    <ItemList>
      <Item DestType="B"
      		DestName="NETBK_CLI"
      		SvcName="ZH0001"/>
      <Item DestType="B"
      		DestName="HOST_CLI"
      		SvcName="S006267"/>
    </ItemList>
  </SvcDepend>
  <SvcDepend SrcSvcName="SSIGN0020301">
    <ItemList>
      <Item DestType="B"
      		DestName="NETBK_CLI"
      		SvcName="ZH0001"/>
      <Item DestType="B"
      		DestName="HOST_CLI"
      		SvcName="S006267"/>
    </ItemList>
  </SvcDepend>
</SvcDependTab>
