<?xml version="1.0" encoding="UTF-8"?>

<DataMapTab RecNum="2">
  <DataMap SrcDta="AUTODO"
  		SrcSvc="AUTO_HOST_REV"
  		SrcType="ALA"
  		DstDta="HOST_CLI"
  		DstSvc="S818888"
  		DstType="DTA">
    <NodeClass Name="未分类"
    		Desc="未分类"/>
    <ItemTab RecNum="2">
      <Item IOType="I"
      		MapType="E"
      		SrcSdo="HostRevIn.ISO_8583"
      		DstSdo="ISO_8583">
        <MapExpr><![CDATA[]]></MapExpr>
      </Item>
      <Item IOType="O"
      		MapType="E"
      		SrcSdo="ISO_8583"
      		DstSdo="HostRevOut.ISO_8583">
        <MapExpr><![CDATA[]]></MapExpr>
      </Item>
    </ItemTab>
  </DataMap>
  <DataMap SrcDta="AUTODO"
  		SrcSvc="AUTO_PUB_DAY_001"
  		SrcType="ALA"
  		DstDta="HOST_CLI"
  		DstSvc="S860005"
  		DstType="DTA">
    <NodeClass Name="未分类"
    		Desc="未分类"/>
    <ItemTab RecNum="1">
      <Item IOType="O"
      		MapType="E"
      		SrcSdo="HOST_CLI_S860005_Rsp"
      		DstSdo="HostRevOut.HOST_CLI_S860005_Rsp">
        <MapExpr><![CDATA[]]></MapExpr>
      </Item>
    </ItemTab>
  </DataMap>
</DataMapTab>
