<?xml version="1.0" encoding="UTF-8"?>

<ServiceDefineTab RecNum="9">
  <ServiceDefine Name="AUTO_DAY"
  		Desc="日切日终"/>
  <ServiceDefine Name="AUTO_HOST_REV"
  		Desc="主机冲正"/>
  <ServiceDefine Name="AUTO_PUB_DAY_001"
  		Desc="平台日切"/>
  <ServiceDefine Name="AUTO_PUB_DAY_002"
  		Desc="平台日终"/>
  <ServiceDefine Name="AUTO_PUB_DAY_00201"
  		Desc="备份"/>
  <ServiceDefine Name="AUTO_PUB_DAY_00202"
  		Desc="备用"/>
  <ServiceDefine Name="AUTO_PUB_DAY_00203"
  		Desc="导入历史表"/>
  <ServiceDefine Name="AUTO_PUB_DAY_00204"
  		Desc="清理"/>
  <ServiceDefine Name="AUTO_PUB_DAY_00205"
  		Desc="优化数据库表"/>
</ServiceDefineTab>
