<?xml version="1.0" encoding="UTF-8"?>

<SvcDependTab SrcType="C"
		SrcName="AUTODO">
  <SvcDepend SrcSvcName="AUTO_HOST_REV">
    <ItemList>
      <Item DestType="B"
      		DestName="HOST_CLI"
      		SvcName="S818888"/>
    </ItemList>
  </SvcDepend>
  <SvcDepend SrcSvcName="AUTO_PUB_DAY_001">
    <ItemList>
      <Item DestType="B"
      		DestName="HOST_CLI"
      		SvcName="S860005"/>
    </ItemList>
  </SvcDepend>
  <SvcDepend SrcSvcName="AUTO_PUB_DAY_002">
    <ItemList>
      <Item DestType="C"
      		DestName="AUTODO"
      		SvcName="AUTO_PUB_DAY_00205"/>
      <Item DestType="C"
      		DestName="AUTODO"
      		SvcName="AUTO_PUB_DAY_00204"/>
      <Item DestType="C"
      		DestName="AUTODO"
      		SvcName="AUTO_PUB_DAY_00203"/>
      <Item DestType="C"
      		DestName="AUTODO"
      		SvcName="AUTO_PUB_DAY_00202"/>
      <Item DestType="C"
      		DestName="AUTODO"
      		SvcName="AUTO_PUB_DAY_00201"/>
    </ItemList>
  </SvcDepend>
</SvcDependTab>
