<?xml version="1.0" encoding="UTF-8"?>

<DataMapTab RecNum="17">
  <DataMap SrcDta="CUP_SVR"
  		SrcSvc="0001"
  		SrcType="DTA"
  		DstDta="QRY"
  		DstSvc="SQRY00020001"
  		DstType="ALA">
    <NodeClass Name="未分类"
    		Desc="未分类"/>
    <ItemTab RecNum="23">
      <Item IOType="I"
      		MapType="E"
      		SrcSdo="SQRY00020001_Req.MsgHeader"
      		DstSdo="fmt_CUP_SVR_IN.MsgHeader">
        <MapExpr><![CDATA[]]></MapExpr>
      </Item>
      <Item IOType="I"
      		MapType="E"
      		SrcSdo="SQRY00020001_Req.MsgHeader.BkData"
      		DstSdo="fmt_CUP_SVR_IN.MsgHeader.BkData">
        <MapExpr><![CDATA[]]></MapExpr>
      </Item>
      <Item IOType="I"
      		MapType="X"
      		SrcSdo=""
      		DstSdo="fmt_CUP_SVR_IN.MsgHeader.CupHttpHead.CupsReserved">
        <MapExpr><![CDATA[$CUP_HTTP_HEAD[0].CupsReserved]]></MapExpr>
      </Item>
      <Item IOType="I"
      		MapType="X"
      		SrcSdo=""
      		DstSdo="fmt_CUP_SVR_IN.MsgHeader.CupHttpHead.MsgTp">
        <MapExpr><![CDATA[$CUP_HTTP_HEAD[0].MsgTp]]></MapExpr>
      </Item>
      <Item IOType="I"
      		MapType="X"
      		SrcSdo=""
      		DstSdo="fmt_CUP_SVR_IN.MsgHeader.CupHttpHead.OriIssrId">
        <MapExpr><![CDATA[$CUP_HTTP_HEAD[0].OriIssrId]]></MapExpr>
      </Item>
      <Item IOType="I"
      		MapType="X"
      		SrcSdo=""
      		DstSdo="fmt_CUP_SVR_IN.MsgHeader.CupHttpHead.RcverReserved">
        <MapExpr><![CDATA[$CUP_HTTP_HEAD[0].RcverReserved]]></MapExpr>
      </Item>
      <Item IOType="I"
      		MapType="X"
      		SrcSdo=""
      		DstSdo="fmt_CUP_SVR_IN.MsgHeader.CupHttpHead.SderReserved">
        <MapExpr><![CDATA[$CUP_HTTP_HEAD[0].SderReserved]]></MapExpr>
      </Item>
      <Item IOType="I"
      		MapType="D"
      		SrcSdo="SQRY00020001_Req.MsgBody.BizTp"
      		DstSdo="fmt_CUP_SVR_IN.Req_Body.BizTp">
        <MapExpr><![CDATA[]]></MapExpr>
      </Item>
      <Item IOType="I"
      		MapType="E"
      		SrcSdo="SQRY00020001_Req.MsgBody.RcverInf"
      		DstSdo="fmt_CUP_SVR_IN.Req_Body.RcverInf">
        <MapExpr><![CDATA[]]></MapExpr>
      </Item>
      <Item IOType="I"
      		MapType="E"
      		SrcSdo="SQRY00020001_Req.MsgBody.RskInf"
      		DstSdo="fmt_CUP_SVR_IN.Req_Body.RskInf">
        <MapExpr><![CDATA[]]></MapExpr>
      </Item>
      <Item IOType="I"
      		MapType="E"
      		SrcSdo="SQRY00020001_Req.MsgBody.SderInf"
      		DstSdo="fmt_CUP_SVR_IN.Req_Body.SderInf">
        <MapExpr><![CDATA[]]></MapExpr>
      </Item>
      <Item IOType="I"
      		MapType="D"
      		SrcSdo="SQRY00020001_Req.MsgBody.SensInf"
      		DstSdo="fmt_CUP_SVR_IN.Req_Body.SensInf">
        <MapExpr><![CDATA[]]></MapExpr>
      </Item>
      <Item IOType="I"
      		MapType="E"
      		SrcSdo="SQRY00020001_Req.MsgBody.TrxInf"
      		DstSdo="fmt_CUP_SVR_IN.Req_Body.TrxInf">
        <MapExpr><![CDATA[]]></MapExpr>
      </Item>
      <Item IOType="O"
      		MapType="D"
      		SrcSdo="fmt_CUP_SVR_OUT.Rsp_Body.BizTp"
      		DstSdo="SQRY00020001_Rsp.MsgBody.BizTp">
        <MapExpr><![CDATA[]]></MapExpr>
      </Item>
      <Item IOType="O"
      		MapType="E"
      		SrcSdo="fmt_CUP_SVR_OUT.Rsp_Body.RcverInf"
      		DstSdo="SQRY00020001_Rsp.MsgBody.RcverInf">
        <MapExpr><![CDATA[]]></MapExpr>
      </Item>
      <Item IOType="O"
      		MapType="E"
      		SrcSdo="fmt_CUP_SVR_OUT.Rsp_Body.SderInf"
      		DstSdo="SQRY00020001_Rsp.MsgBody.SderInf">
        <MapExpr><![CDATA[]]></MapExpr>
      </Item>
      <Item IOType="O"
      		MapType="E"
      		SrcSdo="fmt_CUP_SVR_OUT.Rsp_Body.SysRtnInf"
      		DstSdo="SQRY00020001_Rsp.MsgBody.SysRtnInf">
        <MapExpr><![CDATA[]]></MapExpr>
      </Item>
      <Item IOType="O"
      		MapType="E"
      		SrcSdo="fmt_CUP_SVR_OUT.Rsp_Body.TrxInf"
      		DstSdo="SQRY00020001_Rsp.MsgBody.TrxInf">
        <MapExpr><![CDATA[]]></MapExpr>
      </Item>
      <Item IOType="O"
      		MapType="E"
      		SrcSdo="fmt_CUP_SVR_OUT.MsgHeader"
      		DstSdo="SQRY00020001_Rsp.MsgHeader">
        <MapExpr><![CDATA[]]></MapExpr>
      </Item>
      <Item IOType="O"
      		MapType="E"
      		SrcSdo="fmt_CUP_SVR_OUT.MsgHeader.BkData"
      		DstSdo="SQRY00020001_Rsp.MsgHeader.BkData">
        <MapExpr><![CDATA[]]></MapExpr>
      </Item>
      <Item IOType="O"
      		MapType="E"
      		SrcSdo="fmt_CUP_SVR_OUT.MsgHeader.CupHttpHead"
      		DstSdo="SQRY00020001_Rsp.MsgHeader.CupHttpHead">
        <MapExpr><![CDATA[]]></MapExpr>
      </Item>
      <Item IOType="O"
      		MapType="X"
      		SrcSdo=""
      		DstSdo="SQRY00020001_Rsp.MsgHeader.TRANSLOG_ELEMENT.seqno">
        <MapExpr><![CDATA[$INIT.SeqNo]]></MapExpr>
      </Item>
      <Item IOType="O"
      		MapType="X"
      		SrcSdo=""
      		DstSdo="SQRY00020001_Rsp.MsgHeader.TRANSLOG_ELEMENT.txname">
        <MapExpr><![CDATA[$T_TX[0].TX_NAME]]></MapExpr>
      </Item>
    </ItemTab>
  </DataMap>
  <DataMap SrcDta="CUP_SVR"
  		SrcSvc="0002"
  		SrcType="DTA"
  		DstDta="QRY"
  		DstSvc="SQRY00020002"
  		DstType="ALA">
    <NodeClass Name="未分类"
    		Desc="未分类"/>
    <ItemTab RecNum="22">
      <Item IOType="I"
      		MapType="E"
      		SrcSdo="SQRY00020002_Req.MsgHeader"
      		DstSdo="fmt_CUP_SVR_IN.MsgHeader">
        <MapExpr><![CDATA[]]></MapExpr>
      </Item>
      <Item IOType="I"
      		MapType="E"
      		SrcSdo="SQRY00020002_Req.MsgHeader.BkData"
      		DstSdo="fmt_CUP_SVR_IN.MsgHeader.BkData">
        <MapExpr><![CDATA[]]></MapExpr>
      </Item>
      <Item IOType="I"
      		MapType="X"
      		SrcSdo=""
      		DstSdo="fmt_CUP_SVR_IN.MsgHeader.CupHttpHead.CupsReserved">
        <MapExpr><![CDATA[$CUP_HTTP_HEAD[0].CupsReserved]]></MapExpr>
      </Item>
      <Item IOType="I"
      		MapType="X"
      		SrcSdo=""
      		DstSdo="fmt_CUP_SVR_IN.MsgHeader.CupHttpHead.MsgTp">
        <MapExpr><![CDATA[$CUP_HTTP_HEAD[0].MsgTp]]></MapExpr>
      </Item>
      <Item IOType="I"
      		MapType="X"
      		SrcSdo=""
      		DstSdo="fmt_CUP_SVR_IN.MsgHeader.CupHttpHead.OriIssrId">
        <MapExpr><![CDATA[$CUP_HTTP_HEAD[0].OriIssrId]]></MapExpr>
      </Item>
      <Item IOType="I"
      		MapType="X"
      		SrcSdo=""
      		DstSdo="fmt_CUP_SVR_IN.MsgHeader.CupHttpHead.RcverReserved">
        <MapExpr><![CDATA[$CUP_HTTP_HEAD[0].RcverReserved]]></MapExpr>
      </Item>
      <Item IOType="I"
      		MapType="X"
      		SrcSdo=""
      		DstSdo="fmt_CUP_SVR_IN.MsgHeader.CupHttpHead.SderReserved">
        <MapExpr><![CDATA[$CUP_HTTP_HEAD[0].SderReserved]]></MapExpr>
      </Item>
      <Item IOType="I"
      		MapType="D"
      		SrcSdo="SQRY00020002_Req.MsgBody.BizTp"
      		DstSdo="fmt_CUP_SVR_IN.Req_Body.BizTp">
        <MapExpr><![CDATA[]]></MapExpr>
      </Item>
      <Item IOType="I"
      		MapType="E"
      		SrcSdo="SQRY00020002_Req.MsgBody.RcverInf"
      		DstSdo="fmt_CUP_SVR_IN.Req_Body.RcverInf">
        <MapExpr><![CDATA[]]></MapExpr>
      </Item>
      <Item IOType="I"
      		MapType="E"
      		SrcSdo="SQRY00020002_Req.MsgBody.RskInf"
      		DstSdo="fmt_CUP_SVR_IN.Req_Body.RskInf">
        <MapExpr><![CDATA[]]></MapExpr>
      </Item>
      <Item IOType="I"
      		MapType="E"
      		SrcSdo="SQRY00020002_Req.MsgBody.SderInf"
      		DstSdo="fmt_CUP_SVR_IN.Req_Body.SderInf">
        <MapExpr><![CDATA[]]></MapExpr>
      </Item>
      <Item IOType="I"
      		MapType="D"
      		SrcSdo="SQRY00020002_Req.MsgBody.SensInf"
      		DstSdo="fmt_CUP_SVR_IN.Req_Body.SensInf">
        <MapExpr><![CDATA[]]></MapExpr>
      </Item>
      <Item IOType="I"
      		MapType="E"
      		SrcSdo="SQRY00020002_Req.MsgBody.TrxInf"
      		DstSdo="fmt_CUP_SVR_IN.Req_Body.TrxInf">
        <MapExpr><![CDATA[]]></MapExpr>
      </Item>
      <Item IOType="O"
      		MapType="D"
      		SrcSdo="fmt_CUP_SVR_OUT.Rsp_Body.BizTp"
      		DstSdo="SACCT0021002_Rsp.MsgBody.BizTp">
        <MapExpr><![CDATA[]]></MapExpr>
      </Item>
      <Item IOType="O"
      		MapType="E"
      		SrcSdo="fmt_CUP_SVR_OUT.Rsp_Body.OrdrInf"
      		DstSdo="SACCT0021002_Rsp.MsgBody.OrdrInf">
        <MapExpr><![CDATA[]]></MapExpr>
      </Item>
      <Item IOType="O"
      		MapType="E"
      		SrcSdo="fmt_CUP_SVR_OUT.Rsp_Body.SysRtnInf"
      		DstSdo="SACCT0021002_Rsp.MsgBody.SysRtnInf">
        <MapExpr><![CDATA[]]></MapExpr>
      </Item>
      <Item IOType="O"
      		MapType="E"
      		SrcSdo="fmt_CUP_SVR_OUT.Rsp_Body.TrxInf"
      		DstSdo="SACCT0021002_Rsp.MsgBody.TrxInf">
        <MapExpr><![CDATA[]]></MapExpr>
      </Item>
      <Item IOType="O"
      		MapType="E"
      		SrcSdo="fmt_CUP_SVR_OUT.MsgHeader"
      		DstSdo="SACCT0021002_Rsp.MsgHeader">
        <MapExpr><![CDATA[]]></MapExpr>
      </Item>
      <Item IOType="O"
      		MapType="E"
      		SrcSdo="fmt_CUP_SVR_OUT.MsgHeader.BkData"
      		DstSdo="SACCT0021002_Rsp.MsgHeader.BkData">
        <MapExpr><![CDATA[]]></MapExpr>
      </Item>
      <Item IOType="O"
      		MapType="E"
      		SrcSdo="fmt_CUP_SVR_OUT.MsgHeader.CupHttpHead"
      		DstSdo="SACCT0021002_Rsp.MsgHeader.CupHttpHead">
        <MapExpr><![CDATA[]]></MapExpr>
      </Item>
      <Item IOType="O"
      		MapType="X"
      		SrcSdo=""
      		DstSdo="SACCT0021002_Rsp.MsgHeader.TRANSLOG_ELEMENT.seqno">
        <MapExpr><![CDATA[$INIT.SeqNo]]></MapExpr>
      </Item>
      <Item IOType="O"
      		MapType="X"
      		SrcSdo=""
      		DstSdo="SACCT0021002_Rsp.MsgHeader.TRANSLOG_ELEMENT.txname">
        <MapExpr><![CDATA[$T_TX[0].TX_NAME]]></MapExpr>
      </Item>
    </ItemTab>
  </DataMap>
  <DataMap SrcDta="CUP_SVR"
  		SrcSvc="0003"
  		SrcType="DTA"
  		DstDta="QRY"
  		DstSvc="SQRY00020003"
  		DstType="ALA">
    <NodeClass Name="未分类"
    		Desc="未分类"/>
    <ItemTab RecNum="26">
      <Item IOType="I"
      		MapType="E"
      		SrcSdo="SQRY00020003_Req.MsgHeader"
      		DstSdo="fmt_CUP_SVR_IN.MsgHeader">
        <MapExpr><![CDATA[]]></MapExpr>
      </Item>
      <Item IOType="I"
      		MapType="E"
      		SrcSdo="SQRY00020003_Req.MsgHeader.BkData"
      		DstSdo="fmt_CUP_SVR_IN.MsgHeader.BkData">
        <MapExpr><![CDATA[]]></MapExpr>
      </Item>
      <Item IOType="I"
      		MapType="X"
      		SrcSdo=""
      		DstSdo="fmt_CUP_SVR_IN.MsgHeader.CupHttpHead.CupsReserved">
        <MapExpr><![CDATA[$CUP_HTTP_HEAD[0].CupsReserved]]></MapExpr>
      </Item>
      <Item IOType="I"
      		MapType="X"
      		SrcSdo=""
      		DstSdo="fmt_CUP_SVR_IN.MsgHeader.CupHttpHead.MsgTp">
        <MapExpr><![CDATA[$CUP_HTTP_HEAD[0].MsgTp]]></MapExpr>
      </Item>
      <Item IOType="I"
      		MapType="X"
      		SrcSdo=""
      		DstSdo="fmt_CUP_SVR_IN.MsgHeader.CupHttpHead.OriIssrId">
        <MapExpr><![CDATA[$CUP_HTTP_HEAD[0].OriIssrId]]></MapExpr>
      </Item>
      <Item IOType="I"
      		MapType="X"
      		SrcSdo=""
      		DstSdo="fmt_CUP_SVR_IN.MsgHeader.CupHttpHead.RcverReserved">
        <MapExpr><![CDATA[$CUP_HTTP_HEAD[0].RcverReserved]]></MapExpr>
      </Item>
      <Item IOType="I"
      		MapType="X"
      		SrcSdo=""
      		DstSdo="fmt_CUP_SVR_IN.MsgHeader.CupHttpHead.SderReserved">
        <MapExpr><![CDATA[$CUP_HTTP_HEAD[0].SderReserved]]></MapExpr>
      </Item>
      <Item IOType="I"
      		MapType="D"
      		SrcSdo="SQRY00020003_Req.MsgBody.BizTp"
      		DstSdo="fmt_CUP_SVR_IN.Req_Body.BizTp">
        <MapExpr><![CDATA[]]></MapExpr>
      </Item>
      <Item IOType="I"
      		MapType="E"
      		SrcSdo="SQRY00020003_Req.MsgBody.CorpCard"
      		DstSdo="fmt_CUP_SVR_IN.Req_Body.CorpCard">
        <MapExpr><![CDATA[]]></MapExpr>
      </Item>
      <Item IOType="I"
      		MapType="D"
      		SrcSdo="SQRY00020003_Req.MsgBody.ProductInf.ProductAssInformation"
      		DstSdo="fmt_CUP_SVR_IN.Req_Body.ProductAssInformation">
        <MapExpr><![CDATA[]]></MapExpr>
      </Item>
      <Item IOType="I"
      		MapType="E"
      		SrcSdo="SQRY00020003_Req.MsgBody.ProductInf"
      		DstSdo="fmt_CUP_SVR_IN.Req_Body.ProductInf">
        <MapExpr><![CDATA[]]></MapExpr>
      </Item>
      <Item IOType="I"
      		MapType="D"
      		SrcSdo="SQRY00020003_Req.MsgHeader.SignEncAlgo"
      		DstSdo="fmt_CUP_SVR_IN.Req_Body.ProductTp">
        <MapExpr><![CDATA[]]></MapExpr>
      </Item>
      <Item IOType="I"
      		MapType="E"
      		SrcSdo="SQRY00020003_Req.MsgBody.RcverInf"
      		DstSdo="fmt_CUP_SVR_IN.Req_Body.RcverInf">
        <MapExpr><![CDATA[]]></MapExpr>
      </Item>
      <Item IOType="I"
      		MapType="E"
      		SrcSdo="SQRY00020003_Req.MsgBody.SderInf"
      		DstSdo="fmt_CUP_SVR_IN.Req_Body.SderInf">
        <MapExpr><![CDATA[]]></MapExpr>
      </Item>
      <Item IOType="I"
      		MapType="D"
      		SrcSdo="SQRY00020003_Req.MsgBody.SensInf"
      		DstSdo="fmt_CUP_SVR_IN.Req_Body.SensInf">
        <MapExpr><![CDATA[]]></MapExpr>
      </Item>
      <Item IOType="I"
      		MapType="E"
      		SrcSdo="SQRY00020003_Req.MsgBody.TrxInf"
      		DstSdo="fmt_CUP_SVR_IN.Req_Body.TrxInf">
        <MapExpr><![CDATA[]]></MapExpr>
      </Item>
      <Item IOType="O"
      		MapType="D"
      		SrcSdo="fmt_CUP_SVR_OUT.Rsp_Body.BizTp"
      		DstSdo="SQRY00020003_Rsp.MsgBody.BizTp">
        <MapExpr><![CDATA[]]></MapExpr>
      </Item>
      <Item IOType="O"
      		MapType="E"
      		SrcSdo="fmt_CUP_SVR_OUT.Rsp_Body.RcverInf"
      		DstSdo="SQRY00020003_Rsp.MsgBody.RcverInf">
        <MapExpr><![CDATA[]]></MapExpr>
      </Item>
      <Item IOType="O"
      		MapType="E"
      		SrcSdo="fmt_CUP_SVR_OUT.Rsp_Body.SderInf"
      		DstSdo="SQRY00020003_Rsp.MsgBody.SderInf">
        <MapExpr><![CDATA[]]></MapExpr>
      </Item>
      <Item IOType="O"
      		MapType="E"
      		SrcSdo="fmt_CUP_SVR_OUT.Rsp_Body.SysRtnInf"
      		DstSdo="SQRY00020003_Rsp.MsgBody.SysRtnInf">
        <MapExpr><![CDATA[]]></MapExpr>
      </Item>
      <Item IOType="O"
      		MapType="E"
      		SrcSdo="fmt_CUP_SVR_OUT.Rsp_Body.TrxInf"
      		DstSdo="SQRY00020003_Rsp.MsgBody.TrxInf">
        <MapExpr><![CDATA[]]></MapExpr>
      </Item>
      <Item IOType="O"
      		MapType="E"
      		SrcSdo="fmt_CUP_SVR_OUT.MsgHeader"
      		DstSdo="SQRY00020003_Rsp.MsgHeader">
        <MapExpr><![CDATA[]]></MapExpr>
      </Item>
      <Item IOType="O"
      		MapType="E"
      		SrcSdo="fmt_CUP_SVR_OUT.MsgHeader.BkData"
      		DstSdo="SQRY00020003_Rsp.MsgHeader.BkData">
        <MapExpr><![CDATA[]]></MapExpr>
      </Item>
      <Item IOType="O"
      		MapType="E"
      		SrcSdo="fmt_CUP_SVR_OUT.MsgHeader.CupHttpHead"
      		DstSdo="SQRY00020003_Rsp.MsgHeader.CupHttpHead">
        <MapExpr><![CDATA[]]></MapExpr>
      </Item>
      <Item IOType="O"
      		MapType="X"
      		SrcSdo=""
      		DstSdo="SQRY00020003_Rsp.MsgHeader.TRANSLOG_ELEMENT.seqno">
        <MapExpr><![CDATA[$INIT.SeqNo]]></MapExpr>
      </Item>
      <Item IOType="O"
      		MapType="X"
      		SrcSdo=""
      		DstSdo="SQRY00020003_Rsp.MsgHeader.TRANSLOG_ELEMENT.txname">
        <MapExpr><![CDATA[$T_TX[0].TX_NAME]]></MapExpr>
      </Item>
    </ItemTab>
  </DataMap>
  <DataMap SrcDta="CUP_SVR"
  		SrcSvc="0101"
  		SrcType="DTA"
  		DstDta="QRY"
  		DstSvc="SQRY00020101"
  		DstType="ALA">
    <NodeClass Name="未分类"
    		Desc="未分类"/>
    <ItemTab RecNum="25">
      <Item IOType="I"
      		MapType="E"
      		SrcSdo="SQRY00020101_Req.MsgHeader"
      		DstSdo="fmt_CUP_SVR_IN.MsgHeader">
        <MapExpr><![CDATA[]]></MapExpr>
      </Item>
      <Item IOType="I"
      		MapType="E"
      		SrcSdo="SQRY00020101_Req.MsgHeader.BkData"
      		DstSdo="fmt_CUP_SVR_IN.MsgHeader.BkData">
        <MapExpr><![CDATA[]]></MapExpr>
      </Item>
      <Item IOType="I"
      		MapType="X"
      		SrcSdo=""
      		DstSdo="fmt_CUP_SVR_IN.MsgHeader.CupHttpHead.CupsReserved">
        <MapExpr><![CDATA[$CUP_HTTP_HEAD[0].CupsReserved]]></MapExpr>
      </Item>
      <Item IOType="I"
      		MapType="X"
      		SrcSdo=""
      		DstSdo="fmt_CUP_SVR_IN.MsgHeader.CupHttpHead.MsgTp">
        <MapExpr><![CDATA[$CUP_HTTP_HEAD[0].MsgTp]]></MapExpr>
      </Item>
      <Item IOType="I"
      		MapType="X"
      		SrcSdo=""
      		DstSdo="fmt_CUP_SVR_IN.MsgHeader.CupHttpHead.OriIssrId">
        <MapExpr><![CDATA[$CUP_HTTP_HEAD[0].OriIssrId]]></MapExpr>
      </Item>
      <Item IOType="I"
      		MapType="X"
      		SrcSdo=""
      		DstSdo="fmt_CUP_SVR_IN.MsgHeader.CupHttpHead.RcverReserved">
        <MapExpr><![CDATA[$CUP_HTTP_HEAD[0].RcverReserved]]></MapExpr>
      </Item>
      <Item IOType="I"
      		MapType="X"
      		SrcSdo=""
      		DstSdo="fmt_CUP_SVR_IN.MsgHeader.CupHttpHead.SderReserved">
        <MapExpr><![CDATA[$CUP_HTTP_HEAD[0].SderReserved]]></MapExpr>
      </Item>
      <Item IOType="I"
      		MapType="D"
      		SrcSdo="SQRY00020101_Req.MsgBody.BizTp"
      		DstSdo="fmt_CUP_SVR_IN.Req_Body.BizTp">
        <MapExpr><![CDATA[]]></MapExpr>
      </Item>
      <Item IOType="I"
      		MapType="E"
      		SrcSdo="SQRY00020101_Req.MsgBody.CorpCard"
      		DstSdo="fmt_CUP_SVR_IN.Req_Body.CorpCard">
        <MapExpr><![CDATA[]]></MapExpr>
      </Item>
      <Item IOType="I"
      		MapType="E"
      		SrcSdo="SQRY00020101_Req.MsgBody.ProductInf"
      		DstSdo="fmt_CUP_SVR_IN.Req_Body.ProductInf">
        <MapExpr><![CDATA[]]></MapExpr>
      </Item>
      <Item IOType="I"
      		MapType="E"
      		SrcSdo="SQRY00020101_Req.MsgBody.RcverInf"
      		DstSdo="fmt_CUP_SVR_IN.Req_Body.RcverInf">
        <MapExpr><![CDATA[]]></MapExpr>
      </Item>
      <Item IOType="I"
      		MapType="E"
      		SrcSdo="SQRY00020101_Req.MsgBody.RskInf"
      		DstSdo="fmt_CUP_SVR_IN.Req_Body.RskInf">
        <MapExpr><![CDATA[]]></MapExpr>
      </Item>
      <Item IOType="I"
      		MapType="E"
      		SrcSdo="SQRY00020101_Req.MsgBody.SderInf"
      		DstSdo="fmt_CUP_SVR_IN.Req_Body.SderInf">
        <MapExpr><![CDATA[]]></MapExpr>
      </Item>
      <Item IOType="I"
      		MapType="D"
      		SrcSdo="SQRY00020101_Req.MsgBody.SensInf"
      		DstSdo="fmt_CUP_SVR_IN.Req_Body.SensInf">
        <MapExpr><![CDATA[]]></MapExpr>
      </Item>
      <Item IOType="I"
      		MapType="E"
      		SrcSdo="SQRY00020101_Req.MsgBody.TrxInf"
      		DstSdo="fmt_CUP_SVR_IN.Req_Body.TrxInf">
        <MapExpr><![CDATA[]]></MapExpr>
      </Item>
      <Item IOType="O"
      		MapType="D"
      		SrcSdo="fmt_CUP_SVR_OUT.Rsp_Body.BizTp"
      		DstSdo="SQRY00020101_Rsp.MsgBody.BizTp">
        <MapExpr><![CDATA[]]></MapExpr>
      </Item>
      <Item IOType="O"
      		MapType="E"
      		SrcSdo="fmt_CUP_SVR_OUT.Rsp_Body.RcverInf"
      		DstSdo="SQRY00020101_Rsp.MsgBody.RcverInf">
        <MapExpr><![CDATA[]]></MapExpr>
      </Item>
      <Item IOType="O"
      		MapType="E"
      		SrcSdo="fmt_CUP_SVR_OUT.Rsp_Body.SderInf"
      		DstSdo="SQRY00020101_Rsp.MsgBody.SderInf">
        <MapExpr><![CDATA[]]></MapExpr>
      </Item>
      <Item IOType="O"
      		MapType="E"
      		SrcSdo="fmt_CUP_SVR_OUT.Rsp_Body.SysRtnInf"
      		DstSdo="SQRY00020101_Rsp.MsgBody.SysRtnInf">
        <MapExpr><![CDATA[]]></MapExpr>
      </Item>
      <Item IOType="O"
      		MapType="E"
      		SrcSdo="fmt_CUP_SVR_OUT.Rsp_Body.TrxInf"
      		DstSdo="SQRY00020101_Rsp.MsgBody.TrxInf">
        <MapExpr><![CDATA[]]></MapExpr>
      </Item>
      <Item IOType="O"
      		MapType="E"
      		SrcSdo="fmt_CUP_SVR_OUT.MsgHeader"
      		DstSdo="SQRY00020101_Rsp.MsgHeader">
        <MapExpr><![CDATA[]]></MapExpr>
      </Item>
      <Item IOType="O"
      		MapType="E"
      		SrcSdo="fmt_CUP_SVR_OUT.MsgHeader.BkData"
      		DstSdo="SQRY00020101_Rsp.MsgHeader.BkData">
        <MapExpr><![CDATA[]]></MapExpr>
      </Item>
      <Item IOType="O"
      		MapType="E"
      		SrcSdo="fmt_CUP_SVR_OUT.MsgHeader.CupHttpHead"
      		DstSdo="SQRY00020101_Rsp.MsgHeader.CupHttpHead">
        <MapExpr><![CDATA[]]></MapExpr>
      </Item>
      <Item IOType="O"
      		MapType="X"
      		SrcSdo=""
      		DstSdo="SQRY00020101_Rsp.MsgHeader.TRANSLOG_ELEMENT.seqno">
        <MapExpr><![CDATA[$INIT.SeqNo]]></MapExpr>
      </Item>
      <Item IOType="O"
      		MapType="X"
      		SrcSdo=""
      		DstSdo="SQRY00020101_Rsp.MsgHeader.TRANSLOG_ELEMENT.txcode">
        <MapExpr><![CDATA[$T_TX[0].TX_NAME]]></MapExpr>
      </Item>
    </ItemTab>
  </DataMap>
  <DataMap SrcDta="CUP_SVR"
  		SrcSvc="0201"
  		SrcType="DTA"
  		DstDta="SIGN"
  		DstSvc="SSIGN0020201"
  		DstType="ALA">
    <NodeClass Name="未分类"
    		Desc="未分类"/>
    <ItemTab RecNum="27">
      <Item IOType="I"
      		MapType="E"
      		SrcSdo="SSIGN0020201_Req.MsgHeader"
      		DstSdo="fmt_CUP_SVR_IN.MsgHeader">
        <MapExpr><![CDATA[]]></MapExpr>
      </Item>
      <Item IOType="I"
      		MapType="E"
      		SrcSdo="SSIGN0020201_Req.MsgHeader.BkData"
      		DstSdo="fmt_CUP_SVR_IN.MsgHeader.BkData">
        <MapExpr><![CDATA[]]></MapExpr>
      </Item>
      <Item IOType="I"
      		MapType="X"
      		SrcSdo=""
      		DstSdo="fmt_CUP_SVR_IN.MsgHeader.CupHttpHead.CupsReserved">
        <MapExpr><![CDATA[$CUP_HTTP_HEAD[0].CupsReserved]]></MapExpr>
      </Item>
      <Item IOType="I"
      		MapType="X"
      		SrcSdo=""
      		DstSdo="fmt_CUP_SVR_IN.MsgHeader.CupHttpHead.MsgTp">
        <MapExpr><![CDATA[$CUP_HTTP_HEAD[0].MsgTp]]></MapExpr>
      </Item>
      <Item IOType="I"
      		MapType="X"
      		SrcSdo=""
      		DstSdo="fmt_CUP_SVR_IN.MsgHeader.CupHttpHead.OriIssrId">
        <MapExpr><![CDATA[$CUP_HTTP_HEAD[0].OriIssrId]]></MapExpr>
      </Item>
      <Item IOType="I"
      		MapType="X"
      		SrcSdo=""
      		DstSdo="fmt_CUP_SVR_IN.MsgHeader.CupHttpHead.RcverReserved">
        <MapExpr><![CDATA[$CUP_HTTP_HEAD[0].RcverReserved]]></MapExpr>
      </Item>
      <Item IOType="I"
      		MapType="X"
      		SrcSdo=""
      		DstSdo="fmt_CUP_SVR_IN.MsgHeader.CupHttpHead.SderReserved">
        <MapExpr><![CDATA[$CUP_HTTP_HEAD[0].SderReserved]]></MapExpr>
      </Item>
      <Item IOType="I"
      		MapType="D"
      		SrcSdo="SSIGN0020201_Req.MsgBody.BizTp"
      		DstSdo="fmt_CUP_SVR_IN.Req_Body.BizTp">
        <MapExpr><![CDATA[]]></MapExpr>
      </Item>
      <Item IOType="I"
      		MapType="E"
      		SrcSdo="SSIGN0020201_Req.MsgBody.CorpCard"
      		DstSdo="fmt_CUP_SVR_IN.Req_Body.CorpCard">
        <MapExpr><![CDATA[]]></MapExpr>
      </Item>
      <Item IOType="I"
      		MapType="E"
      		SrcSdo="SSIGN0020201_Req.MsgBody.OriTrxInf"
      		DstSdo="fmt_CUP_SVR_IN.Req_Body.OriTrxInf">
        <MapExpr><![CDATA[]]></MapExpr>
      </Item>
      <Item IOType="I"
      		MapType="E"
      		SrcSdo="SSIGN0020201_Req.MsgBody.ProductInf"
      		DstSdo="fmt_CUP_SVR_IN.Req_Body.ProductInf">
        <MapExpr><![CDATA[]]></MapExpr>
      </Item>
      <Item IOType="I"
      		MapType="E"
      		SrcSdo="SSIGN0020201_Req.MsgBody.RcverInf"
      		DstSdo="fmt_CUP_SVR_IN.Req_Body.RcverInf">
        <MapExpr><![CDATA[]]></MapExpr>
      </Item>
      <Item IOType="I"
      		MapType="E"
      		SrcSdo="SSIGN0020201_Req.MsgBody.RskInf"
      		DstSdo="fmt_CUP_SVR_IN.Req_Body.RskInf">
        <MapExpr><![CDATA[]]></MapExpr>
      </Item>
      <Item IOType="I"
      		MapType="E"
      		SrcSdo="SSIGN0020201_Req.MsgBody.SderInf"
      		DstSdo="fmt_CUP_SVR_IN.Req_Body.SderInf">
        <MapExpr><![CDATA[]]></MapExpr>
      </Item>
      <Item IOType="I"
      		MapType="D"
      		SrcSdo="SSIGN0020201_Req.MsgBody.SensInf"
      		DstSdo="fmt_CUP_SVR_IN.Req_Body.SensInf">
        <MapExpr><![CDATA[]]></MapExpr>
      </Item>
      <Item IOType="I"
      		MapType="E"
      		SrcSdo="SSIGN0020201_Req.MsgBody.TrxInf"
      		DstSdo="fmt_CUP_SVR_IN.Req_Body.TrxInf">
        <MapExpr><![CDATA[]]></MapExpr>
      </Item>
      <Item IOType="O"
      		MapType="E"
      		SrcSdo="fmt_CUP_SVR_OUT.Rsp_Body.BizInf"
      		DstSdo="SSIGN0020201_Rsp.MsgBody.BizInf">
        <MapExpr><![CDATA[]]></MapExpr>
      </Item>
      <Item IOType="O"
      		MapType="D"
      		SrcSdo="fmt_CUP_SVR_OUT.Rsp_Body.BizTp"
      		DstSdo="SSIGN0020201_Rsp.MsgBody.BizTp">
        <MapExpr><![CDATA[]]></MapExpr>
      </Item>
      <Item IOType="O"
      		MapType="E"
      		SrcSdo="fmt_CUP_SVR_OUT.Rsp_Body.RcverInf"
      		DstSdo="SSIGN0020201_Rsp.MsgBody.RcverInf">
        <MapExpr><![CDATA[]]></MapExpr>
      </Item>
      <Item IOType="O"
      		MapType="E"
      		SrcSdo="fmt_CUP_SVR_OUT.Rsp_Body.SderInf"
      		DstSdo="SSIGN0020201_Rsp.MsgBody.SderInf">
        <MapExpr><![CDATA[]]></MapExpr>
      </Item>
      <Item IOType="O"
      		MapType="E"
      		SrcSdo="fmt_CUP_SVR_OUT.Rsp_Body.SysRtnInf"
      		DstSdo="SSIGN0020201_Rsp.MsgBody.SysRtnInf">
        <MapExpr><![CDATA[]]></MapExpr>
      </Item>
      <Item IOType="O"
      		MapType="E"
      		SrcSdo="fmt_CUP_SVR_OUT.Rsp_Body.TrxInf"
      		DstSdo="SSIGN0020201_Rsp.MsgBody.TrxInf">
        <MapExpr><![CDATA[]]></MapExpr>
      </Item>
      <Item IOType="O"
      		MapType="E"
      		SrcSdo="fmt_CUP_SVR_OUT.MsgHeader"
      		DstSdo="SSIGN0020201_Rsp.MsgHeader">
        <MapExpr><![CDATA[]]></MapExpr>
      </Item>
      <Item IOType="O"
      		MapType="E"
      		SrcSdo="fmt_CUP_SVR_OUT.MsgHeader.BkData"
      		DstSdo="SSIGN0020201_Rsp.MsgHeader.BkData">
        <MapExpr><![CDATA[]]></MapExpr>
      </Item>
      <Item IOType="O"
      		MapType="E"
      		SrcSdo="fmt_CUP_SVR_OUT.MsgHeader.CupHttpHead"
      		DstSdo="SSIGN0020201_Rsp.MsgHeader.CupHttpHead">
        <MapExpr><![CDATA[]]></MapExpr>
      </Item>
      <Item IOType="O"
      		MapType="X"
      		SrcSdo=""
      		DstSdo="SSIGN0020201_Rsp.MsgHeader.TRANSLOG_ELEMENT.seqno">
        <MapExpr><![CDATA[$INIT.SeqNo]]></MapExpr>
      </Item>
      <Item IOType="O"
      		MapType="X"
      		SrcSdo=""
      		DstSdo="SSIGN0020201_Rsp.MsgHeader.TRANSLOG_ELEMENT.txname">
        <MapExpr><![CDATA[$T_TX[0].TX_NAME]]></MapExpr>
      </Item>
    </ItemTab>
  </DataMap>
  <DataMap SrcDta="CUP_SVR"
  		SrcSvc="0202"
  		SrcType="DTA"
  		DstDta="SIGN"
  		DstSvc="SSIGN0020202"
  		DstType="ALA">
    <NodeClass Name="未分类"
    		Desc="未分类"/>
    <ItemTab RecNum="25">
      <Item IOType="I"
      		MapType="E"
      		SrcSdo="SSIGN0020202_Req.MsgHeader"
      		DstSdo="fmt_CUP_SVR_IN.MsgHeader">
        <MapExpr><![CDATA[]]></MapExpr>
      </Item>
      <Item IOType="I"
      		MapType="E"
      		SrcSdo="SSIGN0020202_Req.MsgHeader.BkData"
      		DstSdo="fmt_CUP_SVR_IN.MsgHeader.BkData">
        <MapExpr><![CDATA[]]></MapExpr>
      </Item>
      <Item IOType="I"
      		MapType="X"
      		SrcSdo=""
      		DstSdo="fmt_CUP_SVR_IN.MsgHeader.CupHttpHead.CupsReserved">
        <MapExpr><![CDATA[$CUP_HTTP_HEAD[0].CupsReserved]]></MapExpr>
      </Item>
      <Item IOType="I"
      		MapType="X"
      		SrcSdo=""
      		DstSdo="fmt_CUP_SVR_IN.MsgHeader.CupHttpHead.MsgTp">
        <MapExpr><![CDATA[$CUP_HTTP_HEAD[0].MsgTp]]></MapExpr>
      </Item>
      <Item IOType="I"
      		MapType="X"
      		SrcSdo=""
      		DstSdo="fmt_CUP_SVR_IN.MsgHeader.CupHttpHead.OriIssrId">
        <MapExpr><![CDATA[$CUP_HTTP_HEAD[0].OriIssrId]]></MapExpr>
      </Item>
      <Item IOType="I"
      		MapType="X"
      		SrcSdo=""
      		DstSdo="fmt_CUP_SVR_IN.MsgHeader.CupHttpHead.RcverReserved">
        <MapExpr><![CDATA[$CUP_HTTP_HEAD[0].RcverReserved]]></MapExpr>
      </Item>
      <Item IOType="I"
      		MapType="X"
      		SrcSdo=""
      		DstSdo="fmt_CUP_SVR_IN.MsgHeader.CupHttpHead.SderReserved">
        <MapExpr><![CDATA[$CUP_HTTP_HEAD[0].SderReserved]]></MapExpr>
      </Item>
      <Item IOType="I"
      		MapType="E"
      		SrcSdo="SSIGN0020202_Req.MsgBody.BizInf"
      		DstSdo="fmt_CUP_SVR_IN.Req_Body.BizInf">
        <MapExpr><![CDATA[]]></MapExpr>
      </Item>
      <Item IOType="I"
      		MapType="D"
      		SrcSdo="SSIGN0020202_Req.MsgBody.BizTp"
      		DstSdo="fmt_CUP_SVR_IN.Req_Body.BizTp">
        <MapExpr><![CDATA[]]></MapExpr>
      </Item>
      <Item IOType="I"
      		MapType="E"
      		SrcSdo="SSIGN0020202_Req.MsgBody.RcverInf"
      		DstSdo="fmt_CUP_SVR_IN.Req_Body.RcverInf">
        <MapExpr><![CDATA[]]></MapExpr>
      </Item>
      <Item IOType="I"
      		MapType="E"
      		SrcSdo="SSIGN0020202_Req.MsgBody.RskInf"
      		DstSdo="fmt_CUP_SVR_IN.Req_Body.RskInf">
        <MapExpr><![CDATA[]]></MapExpr>
      </Item>
      <Item IOType="I"
      		MapType="E"
      		SrcSdo="SSIGN0020202_Req.MsgBody.SderInf"
      		DstSdo="fmt_CUP_SVR_IN.Req_Body.SderInf">
        <MapExpr><![CDATA[]]></MapExpr>
      </Item>
      <Item IOType="I"
      		MapType="D"
      		SrcSdo="SSIGN0020202_Req.MsgBody.SensInf"
      		DstSdo="fmt_CUP_SVR_IN.Req_Body.SensInf">
        <MapExpr><![CDATA[]]></MapExpr>
      </Item>
      <Item IOType="I"
      		MapType="E"
      		SrcSdo="SSIGN0020202_Req.MsgBody.TrxInf"
      		DstSdo="fmt_CUP_SVR_IN.Req_Body.TrxInf">
        <MapExpr><![CDATA[]]></MapExpr>
      </Item>
      <Item IOType="O"
      		MapType="E"
      		SrcSdo="fmt_CUP_SVR_OUT.Rsp_Body.BizInf"
      		DstSdo="SSIGN0020202_Rsp.MsgBody.BizInf">
        <MapExpr><![CDATA[]]></MapExpr>
      </Item>
      <Item IOType="O"
      		MapType="D"
      		SrcSdo="fmt_CUP_SVR_OUT.Rsp_Body.BizTp"
      		DstSdo="SSIGN0020202_Rsp.MsgBody.BizTp">
        <MapExpr><![CDATA[]]></MapExpr>
      </Item>
      <Item IOType="O"
      		MapType="E"
      		SrcSdo="fmt_CUP_SVR_OUT.Rsp_Body.RcverInf"
      		DstSdo="SSIGN0020202_Rsp.MsgBody.RcverInf">
        <MapExpr><![CDATA[]]></MapExpr>
      </Item>
      <Item IOType="O"
      		MapType="E"
      		SrcSdo="fmt_CUP_SVR_OUT.Rsp_Body.SderInf"
      		DstSdo="SSIGN0020202_Rsp.MsgBody.SderInf">
        <MapExpr><![CDATA[]]></MapExpr>
      </Item>
      <Item IOType="O"
      		MapType="E"
      		SrcSdo="fmt_CUP_SVR_OUT.Rsp_Body.SysRtnInf"
      		DstSdo="SSIGN0020202_Rsp.MsgBody.SysRtnInf">
        <MapExpr><![CDATA[]]></MapExpr>
      </Item>
      <Item IOType="O"
      		MapType="E"
      		SrcSdo="fmt_CUP_SVR_OUT.Rsp_Body.TrxInf"
      		DstSdo="SSIGN0020202_Rsp.MsgBody.TrxInf">
        <MapExpr><![CDATA[]]></MapExpr>
      </Item>
      <Item IOType="O"
      		MapType="E"
      		SrcSdo="fmt_CUP_SVR_OUT.MsgHeader"
      		DstSdo="SSIGN0020202_Rsp.MsgHeader">
        <MapExpr><![CDATA[]]></MapExpr>
      </Item>
      <Item IOType="O"
      		MapType="E"
      		SrcSdo="fmt_CUP_SVR_OUT.MsgHeader.BkData"
      		DstSdo="SSIGN0020202_Rsp.MsgHeader.BkData">
        <MapExpr><![CDATA[]]></MapExpr>
      </Item>
      <Item IOType="O"
      		MapType="E"
      		SrcSdo="fmt_CUP_SVR_OUT.MsgHeader.CupHttpHead"
      		DstSdo="SSIGN0020202_Rsp.MsgHeader.CupHttpHead">
        <MapExpr><![CDATA[]]></MapExpr>
      </Item>
      <Item IOType="O"
      		MapType="X"
      		SrcSdo=""
      		DstSdo="SSIGN0020202_Rsp.MsgHeader.TRANSLOG_ELEMENT.seqno">
        <MapExpr><![CDATA[$INIT.SeqNo]]></MapExpr>
      </Item>
      <Item IOType="O"
      		MapType="X"
      		SrcSdo=""
      		DstSdo="SSIGN0020202_Rsp.MsgHeader.TRANSLOG_ELEMENT.txname">
        <MapExpr><![CDATA[$T_TX[0].TX_NAME]]></MapExpr>
      </Item>
    </ItemTab>
  </DataMap>
  <DataMap SrcDta="CUP_SVR"
  		SrcSvc="0301"
  		SrcType="DTA"
  		DstDta="SIGN"
  		DstSvc="SSIGN0020301"
  		DstType="ALA">
    <NodeClass Name="未分类"
    		Desc="未分类"/>
    <ItemTab RecNum="23">
      <Item IOType="I"
      		MapType="E"
      		SrcSdo="SSIGN0020301_Req.MsgHeader"
      		DstSdo="fmt_CUP_SVR_IN.MsgHeader">
        <MapExpr><![CDATA[]]></MapExpr>
      </Item>
      <Item IOType="I"
      		MapType="E"
      		SrcSdo="SSIGN0020301_Req.MsgHeader.BkData"
      		DstSdo="fmt_CUP_SVR_IN.MsgHeader.BkData">
        <MapExpr><![CDATA[]]></MapExpr>
      </Item>
      <Item IOType="I"
      		MapType="X"
      		SrcSdo=""
      		DstSdo="fmt_CUP_SVR_IN.MsgHeader.CupHttpHead.CupsReserved">
        <MapExpr><![CDATA[$CUP_HTTP_HEAD[0].CupsReserved]]></MapExpr>
      </Item>
      <Item IOType="I"
      		MapType="X"
      		SrcSdo=""
      		DstSdo="fmt_CUP_SVR_IN.MsgHeader.CupHttpHead.MsgTp">
        <MapExpr><![CDATA[$CUP_HTTP_HEAD[0].MsgTp]]></MapExpr>
      </Item>
      <Item IOType="I"
      		MapType="X"
      		SrcSdo=""
      		DstSdo="fmt_CUP_SVR_IN.MsgHeader.CupHttpHead.OriIssrId">
        <MapExpr><![CDATA[$CUP_HTTP_HEAD[0].OriIssrId]]></MapExpr>
      </Item>
      <Item IOType="I"
      		MapType="X"
      		SrcSdo=""
      		DstSdo="fmt_CUP_SVR_IN.MsgHeader.CupHttpHead.RcverReserved">
        <MapExpr><![CDATA[$CUP_HTTP_HEAD[0].RcverReserved]]></MapExpr>
      </Item>
      <Item IOType="I"
      		MapType="X"
      		SrcSdo=""
      		DstSdo="fmt_CUP_SVR_IN.MsgHeader.CupHttpHead.SderReserved">
        <MapExpr><![CDATA[$CUP_HTTP_HEAD[0].SderReserved]]></MapExpr>
      </Item>
      <Item IOType="I"
      		MapType="D"
      		SrcSdo="SSIGN0020301_Req.MsgBody.BizTp"
      		DstSdo="fmt_CUP_SVR_IN.Req_Body.BizTp">
        <MapExpr><![CDATA[]]></MapExpr>
      </Item>
      <Item IOType="I"
      		MapType="E"
      		SrcSdo="SSIGN0020301_Req.MsgBody.RcverInf"
      		DstSdo="fmt_CUP_SVR_IN.Req_Body.RcverInf">
        <MapExpr><![CDATA[]]></MapExpr>
      </Item>
      <Item IOType="I"
      		MapType="E"
      		SrcSdo="SSIGN0020301_Req.MsgBody.RskInf"
      		DstSdo="fmt_CUP_SVR_IN.Req_Body.RskInf">
        <MapExpr><![CDATA[]]></MapExpr>
      </Item>
      <Item IOType="I"
      		MapType="E"
      		SrcSdo="SSIGN0020301_Req.MsgBody.SderInf"
      		DstSdo="fmt_CUP_SVR_IN.Req_Body.SderInf">
        <MapExpr><![CDATA[]]></MapExpr>
      </Item>
      <Item IOType="I"
      		MapType="E"
      		SrcSdo="SSIGN0020301_Req.MsgBody.TrxInf"
      		DstSdo="fmt_CUP_SVR_IN.Req_Body.TrxInf">
        <MapExpr><![CDATA[]]></MapExpr>
      </Item>
      <Item IOType="O"
      		MapType="E"
      		SrcSdo="fmt_CUP_SVR_OUT.Rsp_Body.BizInf"
      		DstSdo="SSIGN0020301_Rsp.MsgBody.BizInf">
        <MapExpr><![CDATA[]]></MapExpr>
      </Item>
      <Item IOType="O"
      		MapType="D"
      		SrcSdo="fmt_CUP_SVR_OUT.Rsp_Body.BizTp"
      		DstSdo="SSIGN0020301_Rsp.MsgBody.BizTp">
        <MapExpr><![CDATA[]]></MapExpr>
      </Item>
      <Item IOType="O"
      		MapType="E"
      		SrcSdo="fmt_CUP_SVR_OUT.Rsp_Body.RcverInf"
      		DstSdo="SSIGN0020301_Rsp.MsgBody.RcverInf">
        <MapExpr><![CDATA[]]></MapExpr>
      </Item>
      <Item IOType="O"
      		MapType="E"
      		SrcSdo="fmt_CUP_SVR_OUT.Rsp_Body.SderInf"
      		DstSdo="SSIGN0020301_Rsp.MsgBody.SderInf">
        <MapExpr><![CDATA[]]></MapExpr>
      </Item>
      <Item IOType="O"
      		MapType="E"
      		SrcSdo="fmt_CUP_SVR_OUT.Rsp_Body.SysRtnInf"
      		DstSdo="SSIGN0020301_Rsp.MsgBody.SysRtnInf">
        <MapExpr><![CDATA[]]></MapExpr>
      </Item>
      <Item IOType="O"
      		MapType="E"
      		SrcSdo="fmt_CUP_SVR_OUT.Rsp_Body.TrxInf"
      		DstSdo="SSIGN0020301_Rsp.MsgBody.TrxInf">
        <MapExpr><![CDATA[]]></MapExpr>
      </Item>
      <Item IOType="O"
      		MapType="E"
      		SrcSdo="fmt_CUP_SVR_OUT.MsgHeader"
      		DstSdo="SSIGN0020301_Rsp.MsgHeader">
        <MapExpr><![CDATA[]]></MapExpr>
      </Item>
      <Item IOType="O"
      		MapType="E"
      		SrcSdo="fmt_CUP_SVR_OUT.MsgHeader.BkData"
      		DstSdo="SSIGN0020301_Rsp.MsgHeader.BkData">
        <MapExpr><![CDATA[]]></MapExpr>
      </Item>
      <Item IOType="O"
      		MapType="E"
      		SrcSdo="fmt_CUP_SVR_OUT.MsgHeader.CupHttpHead"
      		DstSdo="SSIGN0020301_Rsp.MsgHeader.CupHttpHead">
        <MapExpr><![CDATA[]]></MapExpr>
      </Item>
      <Item IOType="O"
      		MapType="X"
      		SrcSdo=""
      		DstSdo="SSIGN0020301_Rsp.MsgHeader.TRANSLOG_ELEMENT.seqno">
        <MapExpr><![CDATA[$INIT.SeqNo]]></MapExpr>
      </Item>
      <Item IOType="O"
      		MapType="X"
      		SrcSdo=""
      		DstSdo="SSIGN0020301_Rsp.MsgHeader.TRANSLOG_ELEMENT.txname">
        <MapExpr><![CDATA[$T_TX[0].TX_NAME]]></MapExpr>
      </Item>
    </ItemTab>
  </DataMap>
  <DataMap SrcDta="CUP_SVR"
  		SrcSvc="0302"
  		SrcType="DTA"
  		DstDta="SIGN"
  		DstSvc="SSIGN0020302"
  		DstType="ALA">
    <NodeClass Name="未分类"
    		Desc="未分类"/>
    <ItemTab RecNum="22">
      <Item IOType="I"
      		MapType="E"
      		SrcSdo="SSIGN0020302_Req.MsgHeader"
      		DstSdo="fmt_CUP_SVR_IN.MsgHeader">
        <MapExpr><![CDATA[]]></MapExpr>
      </Item>
      <Item IOType="I"
      		MapType="E"
      		SrcSdo="SSIGN0020302_Req.MsgHeader.BkData"
      		DstSdo="fmt_CUP_SVR_IN.MsgHeader.BkData">
        <MapExpr><![CDATA[]]></MapExpr>
      </Item>
      <Item IOType="I"
      		MapType="X"
      		SrcSdo=""
      		DstSdo="fmt_CUP_SVR_IN.MsgHeader.CupHttpHead.CupsReserved">
        <MapExpr><![CDATA[$CUP_HTTP_HEAD[0].CupsReserved]]></MapExpr>
      </Item>
      <Item IOType="I"
      		MapType="X"
      		SrcSdo=""
      		DstSdo="fmt_CUP_SVR_IN.MsgHeader.CupHttpHead.MsgTp">
        <MapExpr><![CDATA[$CUP_HTTP_HEAD[0].MsgTp]]></MapExpr>
      </Item>
      <Item IOType="I"
      		MapType="X"
      		SrcSdo=""
      		DstSdo="fmt_CUP_SVR_IN.MsgHeader.CupHttpHead.OriIssrId">
        <MapExpr><![CDATA[$CUP_HTTP_HEAD[0].OriIssrId]]></MapExpr>
      </Item>
      <Item IOType="I"
      		MapType="X"
      		SrcSdo=""
      		DstSdo="fmt_CUP_SVR_IN.MsgHeader.CupHttpHead.RcverReserved">
        <MapExpr><![CDATA[$CUP_HTTP_HEAD[0].RcverReserved]]></MapExpr>
      </Item>
      <Item IOType="I"
      		MapType="X"
      		SrcSdo=""
      		DstSdo="fmt_CUP_SVR_IN.MsgHeader.CupHttpHead.SderReserved">
        <MapExpr><![CDATA[$CUP_HTTP_HEAD[0].SderReserved]]></MapExpr>
      </Item>
      <Item IOType="I"
      		MapType="E"
      		SrcSdo="SSIGN0020302_Req.MsgBody.RcverInf"
      		DstSdo="fmt_CUP_SVR_IN.Req_Body.RcverInf">
        <MapExpr><![CDATA[]]></MapExpr>
      </Item>
      <Item IOType="I"
      		MapType="E"
      		SrcSdo="SSIGN0020302_Req.MsgBody.RskInf"
      		DstSdo="fmt_CUP_SVR_IN.Req_Body.RskInf">
        <MapExpr><![CDATA[]]></MapExpr>
      </Item>
      <Item IOType="I"
      		MapType="E"
      		SrcSdo="SSIGN0020302_Req.MsgBody.SderInf"
      		DstSdo="fmt_CUP_SVR_IN.Req_Body.SderInf">
        <MapExpr><![CDATA[]]></MapExpr>
      </Item>
      <Item IOType="I"
      		MapType="E"
      		SrcSdo="SSIGN0020302_Req.MsgBody.TrxInf"
      		DstSdo="fmt_CUP_SVR_IN.Req_Body.TrxInf">
        <MapExpr><![CDATA[]]></MapExpr>
      </Item>
      <Item IOType="O"
      		MapType="E"
      		SrcSdo="fmt_CUP_SVR_OUT.Rsp_Body.BizInf"
      		DstSdo="SSIGN0020302_Rsp.MsgBody.BizInf">
        <MapExpr><![CDATA[]]></MapExpr>
      </Item>
      <Item IOType="O"
      		MapType="D"
      		SrcSdo="fmt_CUP_SVR_OUT.Rsp_Body.BizTp"
      		DstSdo="SSIGN0020302_Rsp.MsgBody.BizTp">
        <MapExpr><![CDATA[]]></MapExpr>
      </Item>
      <Item IOType="O"
      		MapType="E"
      		SrcSdo="fmt_CUP_SVR_OUT.Rsp_Body.RcverInf"
      		DstSdo="SSIGN0020302_Rsp.MsgBody.RcverInf">
        <MapExpr><![CDATA[]]></MapExpr>
      </Item>
      <Item IOType="O"
      		MapType="E"
      		SrcSdo="fmt_CUP_SVR_OUT.Rsp_Body.SderInf"
      		DstSdo="SSIGN0020302_Rsp.MsgBody.SderInf">
        <MapExpr><![CDATA[]]></MapExpr>
      </Item>
      <Item IOType="O"
      		MapType="E"
      		SrcSdo="fmt_CUP_SVR_OUT.Rsp_Body.SysRtnInf"
      		DstSdo="SSIGN0020302_Rsp.MsgBody.SysRtnInf">
        <MapExpr><![CDATA[]]></MapExpr>
      </Item>
      <Item IOType="O"
      		MapType="E"
      		SrcSdo="fmt_CUP_SVR_OUT.Rsp_Body.TrxInf"
      		DstSdo="SSIGN0020302_Rsp.MsgBody.TrxInf">
        <MapExpr><![CDATA[]]></MapExpr>
      </Item>
      <Item IOType="O"
      		MapType="E"
      		SrcSdo="fmt_CUP_SVR_OUT.MsgHeader"
      		DstSdo="SSIGN0020302_Rsp.MsgHeader">
        <MapExpr><![CDATA[]]></MapExpr>
      </Item>
      <Item IOType="O"
      		MapType="E"
      		SrcSdo="fmt_CUP_SVR_OUT.MsgHeader.BkData"
      		DstSdo="SSIGN0020302_Rsp.MsgHeader.BkData">
        <MapExpr><![CDATA[]]></MapExpr>
      </Item>
      <Item IOType="O"
      		MapType="E"
      		SrcSdo="fmt_CUP_SVR_OUT.MsgHeader.CupHttpHead"
      		DstSdo="SSIGN0020302_Rsp.MsgHeader.CupHttpHead">
        <MapExpr><![CDATA[]]></MapExpr>
      </Item>
      <Item IOType="O"
      		MapType="X"
      		SrcSdo=""
      		DstSdo="SSIGN0020302_Rsp.MsgHeader.TRANSLOG_ELEMENT.seqno">
        <MapExpr><![CDATA[$INIT.SeqNo]]></MapExpr>
      </Item>
      <Item IOType="O"
      		MapType="X"
      		SrcSdo=""
      		DstSdo="SSIGN0020302_Rsp.MsgHeader.TRANSLOG_ELEMENT.txname">
        <MapExpr><![CDATA[$T_TX[0].TX_NAME]]></MapExpr>
      </Item>
    </ItemTab>
  </DataMap>
  <DataMap SrcDta="CUP_SVR"
  		SrcSvc="0401"
  		SrcType="DTA"
  		DstDta="QRY"
  		DstSvc="SQRY00020401"
  		DstType="ALA">
    <NodeClass Name="未分类"
    		Desc="未分类"/>
    <ItemTab RecNum="24">
      <Item IOType="I"
      		MapType="E"
      		SrcSdo="SQRY00020401_Req.MsgHeader"
      		DstSdo="fmt_CUP_SVR_IN.MsgHeader">
        <MapExpr><![CDATA[]]></MapExpr>
      </Item>
      <Item IOType="I"
      		MapType="E"
      		SrcSdo="SQRY00020401_Req.MsgHeader.BkData"
      		DstSdo="fmt_CUP_SVR_IN.MsgHeader.BkData">
        <MapExpr><![CDATA[]]></MapExpr>
      </Item>
      <Item IOType="I"
      		MapType="X"
      		SrcSdo=""
      		DstSdo="fmt_CUP_SVR_IN.MsgHeader.CupHttpHead.CupsReserved">
        <MapExpr><![CDATA[$CUP_HTTP_HEAD[0].CupsReserved]]></MapExpr>
      </Item>
      <Item IOType="I"
      		MapType="X"
      		SrcSdo=""
      		DstSdo="fmt_CUP_SVR_IN.MsgHeader.CupHttpHead.MsgTp">
        <MapExpr><![CDATA[$CUP_HTTP_HEAD[0].MsgTp]]></MapExpr>
      </Item>
      <Item IOType="I"
      		MapType="X"
      		SrcSdo=""
      		DstSdo="fmt_CUP_SVR_IN.MsgHeader.CupHttpHead.OriIssrId">
        <MapExpr><![CDATA[$CUP_HTTP_HEAD[0].OriIssrId]]></MapExpr>
      </Item>
      <Item IOType="I"
      		MapType="X"
      		SrcSdo=""
      		DstSdo="fmt_CUP_SVR_IN.MsgHeader.CupHttpHead.RcverReserved">
        <MapExpr><![CDATA[$CUP_HTTP_HEAD[0].RcverReserved]]></MapExpr>
      </Item>
      <Item IOType="I"
      		MapType="X"
      		SrcSdo=""
      		DstSdo="fmt_CUP_SVR_IN.MsgHeader.CupHttpHead.SderReserved">
        <MapExpr><![CDATA[$CUP_HTTP_HEAD[0].SderReserved]]></MapExpr>
      </Item>
      <Item IOType="I"
      		MapType="D"
      		SrcSdo="SQRY00020401_Req.MsgBody.BizTp"
      		DstSdo="fmt_CUP_SVR_IN.Req_Body.BizTp">
        <MapExpr><![CDATA[]]></MapExpr>
      </Item>
      <Item IOType="I"
      		MapType="E"
      		SrcSdo="SQRY00020401_Req.MsgBody.RcverInf"
      		DstSdo="fmt_CUP_SVR_IN.Req_Body.RcverInf">
        <MapExpr><![CDATA[]]></MapExpr>
      </Item>
      <Item IOType="I"
      		MapType="E"
      		SrcSdo="SQRY00020401_Req.MsgBody.RskInf"
      		DstSdo="fmt_CUP_SVR_IN.Req_Body.RskInf">
        <MapExpr><![CDATA[]]></MapExpr>
      </Item>
      <Item IOType="I"
      		MapType="E"
      		SrcSdo="SQRY00020401_Req.MsgBody.SderInf"
      		DstSdo="fmt_CUP_SVR_IN.Req_Body.SderInf">
        <MapExpr><![CDATA[]]></MapExpr>
      </Item>
      <Item IOType="I"
      		MapType="D"
      		SrcSdo="SQRY00020401_Req.MsgBody.SensInf"
      		DstSdo="fmt_CUP_SVR_IN.Req_Body.SensInf">
        <MapExpr><![CDATA[]]></MapExpr>
      </Item>
      <Item IOType="I"
      		MapType="E"
      		SrcSdo="SQRY00020401_Req.MsgBody.TrxInf"
      		DstSdo="fmt_CUP_SVR_IN.Req_Body.TrxInf">
        <MapExpr><![CDATA[]]></MapExpr>
      </Item>
      <Item IOType="O"
      		MapType="E"
      		SrcSdo="fmt_CUP_SVR_OUT.Rsp_Body.BizInf"
      		DstSdo="SQRY00020401_Rsp.MsgBody.BizInf">
        <MapExpr><![CDATA[]]></MapExpr>
      </Item>
      <Item IOType="O"
      		MapType="D"
      		SrcSdo="fmt_CUP_SVR_OUT.Rsp_Body.BizTp"
      		DstSdo="SQRY00020401_Rsp.MsgBody.BizTp">
        <MapExpr><![CDATA[]]></MapExpr>
      </Item>
      <Item IOType="O"
      		MapType="E"
      		SrcSdo="fmt_CUP_SVR_OUT.Rsp_Body.RcverInf"
      		DstSdo="SQRY00020401_Rsp.MsgBody.RcverInf">
        <MapExpr><![CDATA[]]></MapExpr>
      </Item>
      <Item IOType="O"
      		MapType="E"
      		SrcSdo="fmt_CUP_SVR_OUT.Rsp_Body.SderInf"
      		DstSdo="SQRY00020401_Rsp.MsgBody.SderInf">
        <MapExpr><![CDATA[]]></MapExpr>
      </Item>
      <Item IOType="O"
      		MapType="E"
      		SrcSdo="fmt_CUP_SVR_OUT.Rsp_Body.SysRtnInf"
      		DstSdo="SQRY00020401_Rsp.MsgBody.SysRtnInf">
        <MapExpr><![CDATA[]]></MapExpr>
      </Item>
      <Item IOType="O"
      		MapType="E"
      		SrcSdo="fmt_CUP_SVR_OUT.Rsp_Body.TrxInf"
      		DstSdo="SQRY00020401_Rsp.MsgBody.TrxInf">
        <MapExpr><![CDATA[]]></MapExpr>
      </Item>
      <Item IOType="O"
      		MapType="E"
      		SrcSdo="fmt_CUP_SVR_OUT.MsgHeader"
      		DstSdo="SQRY00020401_Rsp.MsgHeader">
        <MapExpr><![CDATA[]]></MapExpr>
      </Item>
      <Item IOType="O"
      		MapType="E"
      		SrcSdo="fmt_CUP_SVR_OUT.MsgHeader.BkData"
      		DstSdo="SQRY00020401_Rsp.MsgHeader.BkData">
        <MapExpr><![CDATA[]]></MapExpr>
      </Item>
      <Item IOType="O"
      		MapType="E"
      		SrcSdo="fmt_CUP_SVR_OUT.MsgHeader.CupHttpHead"
      		DstSdo="SQRY00020401_Rsp.MsgHeader.CupHttpHead">
        <MapExpr><![CDATA[]]></MapExpr>
      </Item>
      <Item IOType="O"
      		MapType="X"
      		SrcSdo=""
      		DstSdo="SQRY00020401_Rsp.MsgHeader.TRANSLOG_ELEMENT.seqno">
        <MapExpr><![CDATA[$INIT.SeqNo]]></MapExpr>
      </Item>
      <Item IOType="O"
      		MapType="X"
      		SrcSdo=""
      		DstSdo="SQRY00020401_Rsp.MsgHeader.TRANSLOG_ELEMENT.txname">
        <MapExpr><![CDATA[$T_TX[0].TX_NAME]]></MapExpr>
      </Item>
    </ItemTab>
  </DataMap>
  <DataMap SrcDta="CUP_SVR"
  		SrcSvc="1001"
  		SrcType="DTA"
  		DstDta="ACCT"
  		DstSvc="SACCT0021001"
  		DstType="ALA">
    <NodeClass Name="未分类"
    		Desc="未分类"/>
    <ItemTab RecNum="31">
      <Item IOType="I"
      		MapType="E"
      		SrcSdo="SACCT0021001_Req.MsgHeader"
      		DstSdo="fmt_CUP_SVR_IN.MsgHeader">
        <MapExpr><![CDATA[]]></MapExpr>
      </Item>
      <Item IOType="I"
      		MapType="E"
      		SrcSdo="SACCT0021001_Req.MsgHeader.BkData"
      		DstSdo="fmt_CUP_SVR_IN.MsgHeader.BkData">
        <MapExpr><![CDATA[]]></MapExpr>
      </Item>
      <Item IOType="I"
      		MapType="X"
      		SrcSdo=""
      		DstSdo="fmt_CUP_SVR_IN.MsgHeader.CupHttpHead.CupsReserved">
        <MapExpr><![CDATA[$CUP_HTTP_HEAD[0].CupsReserved]]></MapExpr>
      </Item>
      <Item IOType="I"
      		MapType="X"
      		SrcSdo=""
      		DstSdo="fmt_CUP_SVR_IN.MsgHeader.CupHttpHead.MsgTp">
        <MapExpr><![CDATA[$CUP_HTTP_HEAD[0].MsgTp]]></MapExpr>
      </Item>
      <Item IOType="I"
      		MapType="X"
      		SrcSdo=""
      		DstSdo="fmt_CUP_SVR_IN.MsgHeader.CupHttpHead.OriIssrId">
        <MapExpr><![CDATA[$CUP_HTTP_HEAD[0].OriIssrId]]></MapExpr>
      </Item>
      <Item IOType="I"
      		MapType="X"
      		SrcSdo=""
      		DstSdo="fmt_CUP_SVR_IN.MsgHeader.CupHttpHead.RcverReserved">
        <MapExpr><![CDATA[$CUP_HTTP_HEAD[0].RcverReserved]]></MapExpr>
      </Item>
      <Item IOType="I"
      		MapType="X"
      		SrcSdo=""
      		DstSdo="fmt_CUP_SVR_IN.MsgHeader.CupHttpHead.SderReserved">
        <MapExpr><![CDATA[$CUP_HTTP_HEAD[0].SderReserved]]></MapExpr>
      </Item>
      <Item IOType="I"
      		MapType="D"
      		SrcSdo="SACCT0021001_Req.MsgBody.BizTp"
      		DstSdo="fmt_CUP_SVR_IN.Req_Body.BizTp">
        <MapExpr><![CDATA[]]></MapExpr>
      </Item>
      <Item IOType="I"
      		MapType="E"
      		SrcSdo="SACCT0021001_Req.MsgBody.ChannelIssrInf"
      		DstSdo="fmt_CUP_SVR_IN.Req_Body.ChannelIssrInf">
        <MapExpr><![CDATA[]]></MapExpr>
      </Item>
      <Item IOType="I"
      		MapType="E"
      		SrcSdo="SACCT0021001_Req.MsgBody.MrchntInf"
      		DstSdo="fmt_CUP_SVR_IN.Req_Body.MrchntInf">
        <MapExpr><![CDATA[]]></MapExpr>
      </Item>
      <Item IOType="I"
      		MapType="E"
      		SrcSdo="SACCT0021001_Req.MsgBody.OrdrInf"
      		DstSdo="fmt_CUP_SVR_IN.Req_Body.OrdrInf">
        <MapExpr><![CDATA[]]></MapExpr>
      </Item>
      <Item IOType="I"
      		MapType="E"
      		SrcSdo="SACCT0021001_Req.MsgBody.ProductInf"
      		DstSdo="fmt_CUP_SVR_IN.Req_Body.ProductInf">
        <MapExpr><![CDATA[]]></MapExpr>
      </Item>
      <Item IOType="I"
      		MapType="E"
      		SrcSdo="SACCT0021001_Req.MsgBody.PyeeInf"
      		DstSdo="fmt_CUP_SVR_IN.Req_Body.PyeeInf">
        <MapExpr><![CDATA[]]></MapExpr>
      </Item>
      <Item IOType="I"
      		MapType="E"
      		SrcSdo="SACCT0021001_Req.MsgBody.PyerInf"
      		DstSdo="fmt_CUP_SVR_IN.Req_Body.PyerInf">
        <MapExpr><![CDATA[]]></MapExpr>
      </Item>
      <Item IOType="I"
      		MapType="E"
      		SrcSdo="SACCT0021001_Req.MsgBody.ResfdInf"
      		DstSdo="fmt_CUP_SVR_IN.Req_Body.ResfdInf">
        <MapExpr><![CDATA[]]></MapExpr>
      </Item>
      <Item IOType="I"
      		MapType="E"
      		SrcSdo="SACCT0021001_Req.MsgBody.RskInf"
      		DstSdo="fmt_CUP_SVR_IN.Req_Body.RskInf">
        <MapExpr><![CDATA[]]></MapExpr>
      </Item>
      <Item IOType="I"
      		MapType="D"
      		SrcSdo="SACCT0021001_Req.MsgBody.SensInf"
      		DstSdo="fmt_CUP_SVR_IN.Req_Body.SensInf">
        <MapExpr><![CDATA[]]></MapExpr>
      </Item>
      <Item IOType="I"
      		MapType="E"
      		SrcSdo="SACCT0021001_Req.MsgBody.SubMrchntInf"
      		DstSdo="fmt_CUP_SVR_IN.Req_Body.SubMrchntInf">
        <MapExpr><![CDATA[]]></MapExpr>
      </Item>
      <Item IOType="I"
      		MapType="E"
      		SrcSdo="SACCT0021001_Req.MsgBody.TrxInf"
      		DstSdo="fmt_CUP_SVR_IN.Req_Body.TrxInf">
        <MapExpr><![CDATA[]]></MapExpr>
      </Item>
      <Item IOType="O"
      		MapType="E"
      		SrcSdo="fmt_CUP_SVR_OUT.Rsp_Body.BizInf"
      		DstSdo="SACCT0021001_Rsp.MsgBody.BizInf">
        <MapExpr><![CDATA[]]></MapExpr>
      </Item>
      <Item IOType="O"
      		MapType="D"
      		SrcSdo="fmt_CUP_SVR_OUT.Rsp_Body.BizTp"
      		DstSdo="SACCT0021001_Rsp.MsgBody.BizTp">
        <MapExpr><![CDATA[]]></MapExpr>
      </Item>
      <Item IOType="O"
      		MapType="E"
      		SrcSdo="fmt_CUP_SVR_OUT.Rsp_Body.ChannelIssrInf"
      		DstSdo="SACCT0021001_Rsp.MsgBody.ChannelIssrInf">
        <MapExpr><![CDATA[]]></MapExpr>
      </Item>
      <Item IOType="O"
      		MapType="E"
      		SrcSdo="fmt_CUP_SVR_OUT.Rsp_Body.OrdrInf"
      		DstSdo="SACCT0021001_Rsp.MsgBody.OrdrInf">
        <MapExpr><![CDATA[]]></MapExpr>
      </Item>
      <Item IOType="O"
      		MapType="E"
      		SrcSdo="fmt_CUP_SVR_OUT.Rsp_Body.PyerInf"
      		DstSdo="SACCT0021001_Rsp.MsgBody.PyerInf">
        <MapExpr><![CDATA[]]></MapExpr>
      </Item>
      <Item IOType="O"
      		MapType="E"
      		SrcSdo="fmt_CUP_SVR_OUT.Rsp_Body.SysRtnInf"
      		DstSdo="SACCT0021001_Rsp.MsgBody.SysRtnInf">
        <MapExpr><![CDATA[]]></MapExpr>
      </Item>
      <Item IOType="O"
      		MapType="E"
      		SrcSdo="fmt_CUP_SVR_OUT.Rsp_Body.TrxInf"
      		DstSdo="SACCT0021001_Rsp.MsgBody.TrxInf">
        <MapExpr><![CDATA[]]></MapExpr>
      </Item>
      <Item IOType="O"
      		MapType="E"
      		SrcSdo="fmt_CUP_SVR_OUT.MsgHeader"
      		DstSdo="SACCT0021001_Rsp.MsgHeader">
        <MapExpr><![CDATA[]]></MapExpr>
      </Item>
      <Item IOType="O"
      		MapType="E"
      		SrcSdo="fmt_CUP_SVR_OUT.MsgHeader.BkData"
      		DstSdo="SACCT0021001_Rsp.MsgHeader.BkData">
        <MapExpr><![CDATA[]]></MapExpr>
      </Item>
      <Item IOType="O"
      		MapType="E"
      		SrcSdo="fmt_CUP_SVR_OUT.MsgHeader.CupHttpHead"
      		DstSdo="SACCT0021001_Rsp.MsgHeader.CupHttpHead">
        <MapExpr><![CDATA[]]></MapExpr>
      </Item>
      <Item IOType="O"
      		MapType="X"
      		SrcSdo=""
      		DstSdo="SACCT0021001_Rsp.MsgHeader.TRANSLOG_ELEMENT.seqno">
        <MapExpr><![CDATA[$INIT.SeqNo]]></MapExpr>
      </Item>
      <Item IOType="O"
      		MapType="X"
      		SrcSdo=""
      		DstSdo="SACCT0021001_Rsp.MsgHeader.TRANSLOG_ELEMENT.txname">
        <MapExpr><![CDATA[$T_TX[0].TX_NAME]]></MapExpr>
      </Item>
    </ItemTab>
  </DataMap>
  <DataMap SrcDta="CUP_SVR"
  		SrcSvc="1002"
  		SrcType="DTA"
  		DstDta="ACCT"
  		DstSvc="SACCT0021002"
  		DstType="ALA">
    <NodeClass Name="未分类"
    		Desc="未分类"/>
    <ItemTab RecNum="28">
      <Item IOType="I"
      		MapType="E"
      		SrcSdo="SACCT0021002_Req.MsgHeader"
      		DstSdo="fmt_CUP_SVR_IN.MsgHeader">
        <MapExpr><![CDATA[]]></MapExpr>
      </Item>
      <Item IOType="I"
      		MapType="E"
      		SrcSdo="SACCT0021002_Req.MsgHeader.BkData"
      		DstSdo="fmt_CUP_SVR_IN.MsgHeader.BkData">
        <MapExpr><![CDATA[]]></MapExpr>
      </Item>
      <Item IOType="I"
      		MapType="X"
      		SrcSdo=""
      		DstSdo="fmt_CUP_SVR_IN.MsgHeader.CupHttpHead.CupsReserved">
        <MapExpr><![CDATA[$CUP_HTTP_HEAD[0].CupsReserved]]></MapExpr>
      </Item>
      <Item IOType="I"
      		MapType="X"
      		SrcSdo=""
      		DstSdo="fmt_CUP_SVR_IN.MsgHeader.CupHttpHead.MsgTp">
        <MapExpr><![CDATA[$CUP_HTTP_HEAD[0].MsgTp]]></MapExpr>
      </Item>
      <Item IOType="I"
      		MapType="X"
      		SrcSdo=""
      		DstSdo="fmt_CUP_SVR_IN.MsgHeader.CupHttpHead.OriIssrId">
        <MapExpr><![CDATA[$CUP_HTTP_HEAD[0].OriIssrId]]></MapExpr>
      </Item>
      <Item IOType="I"
      		MapType="X"
      		SrcSdo=""
      		DstSdo="fmt_CUP_SVR_IN.MsgHeader.CupHttpHead.RcverReserved">
        <MapExpr><![CDATA[$CUP_HTTP_HEAD[0].RcverReserved]]></MapExpr>
      </Item>
      <Item IOType="I"
      		MapType="X"
      		SrcSdo=""
      		DstSdo="fmt_CUP_SVR_IN.MsgHeader.CupHttpHead.SderReserved">
        <MapExpr><![CDATA[$CUP_HTTP_HEAD[0].SderReserved]]></MapExpr>
      </Item>
      <Item IOType="I"
      		MapType="D"
      		SrcSdo="SACCT0021002_Req.MsgBody.BizTp"
      		DstSdo="fmt_CUP_SVR_IN.Req_Body.BizTp">
        <MapExpr><![CDATA[]]></MapExpr>
      </Item>
      <Item IOType="I"
      		MapType="E"
      		SrcSdo="SACCT0021002_Req.MsgBody.MrchntInf"
      		DstSdo="fmt_CUP_SVR_IN.Req_Body.MrchntInf">
        <MapExpr><![CDATA[]]></MapExpr>
      </Item>
      <Item IOType="I"
      		MapType="E"
      		SrcSdo="SACCT0021002_Req.MsgBody.OrdrInf"
      		DstSdo="fmt_CUP_SVR_IN.Req_Body.OrdrInf">
        <MapExpr><![CDATA[]]></MapExpr>
      </Item>
      <Item IOType="I"
      		MapType="E"
      		SrcSdo="SACCT0021002_Req.MsgBody.ProductInf"
      		DstSdo="fmt_CUP_SVR_IN.Req_Body.ProductInf">
        <MapExpr><![CDATA[]]></MapExpr>
      </Item>
      <Item IOType="I"
      		MapType="E"
      		SrcSdo="SACCT0021002_Req.MsgBody.PyeeInf"
      		DstSdo="fmt_CUP_SVR_IN.Req_Body.PyeeInf">
        <MapExpr><![CDATA[]]></MapExpr>
      </Item>
      <Item IOType="I"
      		MapType="E"
      		SrcSdo="SACCT0021002_Req.MsgBody.PyerInf"
      		DstSdo="fmt_CUP_SVR_IN.Req_Body.PyerInf">
        <MapExpr><![CDATA[]]></MapExpr>
      </Item>
      <Item IOType="I"
      		MapType="E"
      		SrcSdo="SACCT0021002_Req.MsgBody.ResfdInf"
      		DstSdo="fmt_CUP_SVR_IN.Req_Body.ResfdInf">
        <MapExpr><![CDATA[]]></MapExpr>
      </Item>
      <Item IOType="I"
      		MapType="E"
      		SrcSdo="SACCT0021002_Req.MsgBody.RskInf"
      		DstSdo="fmt_CUP_SVR_IN.Req_Body.RskInf">
        <MapExpr><![CDATA[]]></MapExpr>
      </Item>
      <Item IOType="I"
      		MapType="D"
      		SrcSdo="SACCT0021002_Req.MsgBody.SensInf"
      		DstSdo="fmt_CUP_SVR_IN.Req_Body.SensInf">
        <MapExpr><![CDATA[]]></MapExpr>
      </Item>
      <Item IOType="I"
      		MapType="E"
      		SrcSdo="SACCT0021002_Req.MsgBody.SubMrchntInf"
      		DstSdo="fmt_CUP_SVR_IN.Req_Body.SubMrchntInf">
        <MapExpr><![CDATA[]]></MapExpr>
      </Item>
      <Item IOType="I"
      		MapType="E"
      		SrcSdo="SACCT0021002_Req.MsgBody.TrxInf"
      		DstSdo="fmt_CUP_SVR_IN.Req_Body.TrxInf">
        <MapExpr><![CDATA[]]></MapExpr>
      </Item>
      <Item IOType="O"
      		MapType="E"
      		SrcSdo="fmt_CUP_SVR_OUT.Rsp_Body.BizInf"
      		DstSdo="SACCT0021002_Rsp.MsgBody.BizInf">
        <MapExpr><![CDATA[]]></MapExpr>
      </Item>
      <Item IOType="O"
      		MapType="D"
      		SrcSdo="fmt_CUP_SVR_OUT.Rsp_Body.BizTp"
      		DstSdo="SACCT0021002_Rsp.MsgBody.BizTp">
        <MapExpr><![CDATA[]]></MapExpr>
      </Item>
      <Item IOType="O"
      		MapType="E"
      		SrcSdo="fmt_CUP_SVR_OUT.Rsp_Body.OrdrInf"
      		DstSdo="SACCT0021002_Rsp.MsgBody.OrdrInf">
        <MapExpr><![CDATA[]]></MapExpr>
      </Item>
      <Item IOType="O"
      		MapType="E"
      		SrcSdo="fmt_CUP_SVR_OUT.Rsp_Body.SysRtnInf"
      		DstSdo="SACCT0021002_Rsp.MsgBody.SysRtnInf">
        <MapExpr><![CDATA[]]></MapExpr>
      </Item>
      <Item IOType="O"
      		MapType="E"
      		SrcSdo="fmt_CUP_SVR_OUT.Rsp_Body.TrxInf"
      		DstSdo="SACCT0021002_Rsp.MsgBody.TrxInf">
        <MapExpr><![CDATA[]]></MapExpr>
      </Item>
      <Item IOType="O"
      		MapType="E"
      		SrcSdo="fmt_CUP_SVR_OUT.MsgHeader"
      		DstSdo="SACCT0021002_Rsp.MsgHeader">
        <MapExpr><![CDATA[]]></MapExpr>
      </Item>
      <Item IOType="O"
      		MapType="E"
      		SrcSdo="fmt_CUP_SVR_OUT.MsgHeader.BkData"
      		DstSdo="SACCT0021002_Rsp.MsgHeader.BkData">
        <MapExpr><![CDATA[]]></MapExpr>
      </Item>
      <Item IOType="O"
      		MapType="E"
      		SrcSdo="fmt_CUP_SVR_OUT.MsgHeader.CupHttpHead"
      		DstSdo="SACCT0021002_Rsp.MsgHeader.CupHttpHead">
        <MapExpr><![CDATA[]]></MapExpr>
      </Item>
      <Item IOType="O"
      		MapType="X"
      		SrcSdo=""
      		DstSdo="SACCT0021002_Rsp.MsgHeader.TRANSLOG_ELEMENT.seqno">
        <MapExpr><![CDATA[$INIT.SeqNo]]></MapExpr>
      </Item>
      <Item IOType="O"
      		MapType="X"
      		SrcSdo=""
      		DstSdo="SACCT0021002_Rsp.MsgHeader.TRANSLOG_ELEMENT.txname">
        <MapExpr><![CDATA[$T_TX[0].TX_NAME]]></MapExpr>
      </Item>
    </ItemTab>
  </DataMap>
  <DataMap SrcDta="CUP_SVR"
  		SrcSvc="1003"
  		SrcType="DTA"
  		DstDta="ACCT"
  		DstSvc="SACCT0021003"
  		DstType="ALA">
    <NodeClass Name="未分类"
    		Desc="未分类"/>
    <ItemTab RecNum="24">
      <Item IOType="I"
      		MapType="E"
      		SrcSdo="SACCT0021003_Req.MsgHeader"
      		DstSdo="fmt_CUP_SVR_IN.MsgHeader">
        <MapExpr><![CDATA[]]></MapExpr>
      </Item>
      <Item IOType="I"
      		MapType="E"
      		SrcSdo="SACCT0021003_Req.MsgHeader.BkData"
      		DstSdo="fmt_CUP_SVR_IN.MsgHeader.BkData">
        <MapExpr><![CDATA[]]></MapExpr>
      </Item>
      <Item IOType="I"
      		MapType="X"
      		SrcSdo=""
      		DstSdo="fmt_CUP_SVR_IN.MsgHeader.CupHttpHead.CupsReserved">
        <MapExpr><![CDATA[$CUP_HTTP_HEAD[0].CupsReserved]]></MapExpr>
      </Item>
      <Item IOType="I"
      		MapType="X"
      		SrcSdo=""
      		DstSdo="fmt_CUP_SVR_IN.MsgHeader.CupHttpHead.MsgTp">
        <MapExpr><![CDATA[$CUP_HTTP_HEAD[0].MsgTp]]></MapExpr>
      </Item>
      <Item IOType="I"
      		MapType="X"
      		SrcSdo=""
      		DstSdo="fmt_CUP_SVR_IN.MsgHeader.CupHttpHead.OriIssrId">
        <MapExpr><![CDATA[$CUP_HTTP_HEAD[0].OriIssrId]]></MapExpr>
      </Item>
      <Item IOType="I"
      		MapType="X"
      		SrcSdo=""
      		DstSdo="fmt_CUP_SVR_IN.MsgHeader.CupHttpHead.RcverReserved">
        <MapExpr><![CDATA[$CUP_HTTP_HEAD[0].RcverReserved]]></MapExpr>
      </Item>
      <Item IOType="I"
      		MapType="X"
      		SrcSdo=""
      		DstSdo="fmt_CUP_SVR_IN.MsgHeader.CupHttpHead.SderReserved">
        <MapExpr><![CDATA[$CUP_HTTP_HEAD[0].SderReserved]]></MapExpr>
      </Item>
      <Item IOType="I"
      		MapType="D"
      		SrcSdo="SACCT0021003_Req.MsgBody.BizTp"
      		DstSdo="fmt_CUP_SVR_IN.Req_Body.BizTp">
        <MapExpr><![CDATA[]]></MapExpr>
      </Item>
      <Item IOType="I"
      		MapType="E"
      		SrcSdo="SACCT0021003_Req.MsgBody.MrchntInf"
      		DstSdo="fmt_CUP_SVR_IN.Req_Body.MrchntInf">
        <MapExpr><![CDATA[]]></MapExpr>
      </Item>
      <Item IOType="I"
      		MapType="E"
      		SrcSdo="SACCT0021003_Req.MsgBody.OrdrInf"
      		DstSdo="fmt_CUP_SVR_IN.Req_Body.OrdrInf">
        <MapExpr><![CDATA[]]></MapExpr>
      </Item>
      <Item IOType="I"
      		MapType="E"
      		SrcSdo="SACCT0021003_Req.MsgBody.PyeeInf"
      		DstSdo="fmt_CUP_SVR_IN.Req_Body.PyeeInf">
        <MapExpr><![CDATA[]]></MapExpr>
      </Item>
      <Item IOType="I"
      		MapType="E"
      		SrcSdo="SACCT0021003_Req.MsgBody.PyerInf"
      		DstSdo="fmt_CUP_SVR_IN.Req_Body.PyerInf">
        <MapExpr><![CDATA[]]></MapExpr>
      </Item>
      <Item IOType="I"
      		MapType="E"
      		SrcSdo="SACCT0021003_Req.MsgBody.RskInf"
      		DstSdo="fmt_CUP_SVR_IN.Req_Body.RskInf">
        <MapExpr><![CDATA[]]></MapExpr>
      </Item>
      <Item IOType="I"
      		MapType="D"
      		SrcSdo="SACCT0021003_Req.MsgBody.SensInf"
      		DstSdo="fmt_CUP_SVR_IN.Req_Body.SensInf">
        <MapExpr><![CDATA[]]></MapExpr>
      </Item>
      <Item IOType="I"
      		MapType="E"
      		SrcSdo="SACCT0021003_Req.MsgBody.SubMrchntInf"
      		DstSdo="fmt_CUP_SVR_IN.Req_Body.SubMrchntInf">
        <MapExpr><![CDATA[]]></MapExpr>
      </Item>
      <Item IOType="I"
      		MapType="E"
      		SrcSdo="SACCT0021003_Req.MsgBody.TrxInf"
      		DstSdo="fmt_CUP_SVR_IN.Req_Body.TrxInf">
        <MapExpr><![CDATA[]]></MapExpr>
      </Item>
      <Item IOType="O"
      		MapType="D"
      		SrcSdo="fmt_CUP_SVR_OUT.Rsp_Body.BizTp"
      		DstSdo="SACCT0021003_Rsp.MsgBody.BizTp">
        <MapExpr><![CDATA[]]></MapExpr>
      </Item>
      <Item IOType="O"
      		MapType="E"
      		SrcSdo="fmt_CUP_SVR_OUT.Rsp_Body.SysRtnInf"
      		DstSdo="SACCT0021003_Rsp.MsgBody.SysRtnInf">
        <MapExpr><![CDATA[]]></MapExpr>
      </Item>
      <Item IOType="O"
      		MapType="E"
      		SrcSdo="fmt_CUP_SVR_OUT.Rsp_Body.TrxInf"
      		DstSdo="SACCT0021003_Rsp.MsgBody.TrxInf">
        <MapExpr><![CDATA[]]></MapExpr>
      </Item>
      <Item IOType="O"
      		MapType="E"
      		SrcSdo="fmt_CUP_SVR_OUT.MsgHeader"
      		DstSdo="SACCT0021003_Rsp.MsgHeader">
        <MapExpr><![CDATA[]]></MapExpr>
      </Item>
      <Item IOType="O"
      		MapType="E"
      		SrcSdo="fmt_CUP_SVR_OUT.MsgHeader.BkData"
      		DstSdo="SACCT0021003_Rsp.MsgHeader.BkData">
        <MapExpr><![CDATA[]]></MapExpr>
      </Item>
      <Item IOType="O"
      		MapType="E"
      		SrcSdo="fmt_CUP_SVR_OUT.MsgHeader.CupHttpHead"
      		DstSdo="SACCT0021003_Rsp.MsgHeader.CupHttpHead">
        <MapExpr><![CDATA[]]></MapExpr>
      </Item>
      <Item IOType="O"
      		MapType="X"
      		SrcSdo=""
      		DstSdo="SACCT0021003_Rsp.MsgHeader.TRANSLOG_ELEMENT.seqno">
        <MapExpr><![CDATA[$INIT.SeqNo]]></MapExpr>
      </Item>
      <Item IOType="O"
      		MapType="X"
      		SrcSdo=""
      		DstSdo="SACCT0021003_Rsp.MsgHeader.TRANSLOG_ELEMENT.txname">
        <MapExpr><![CDATA[$T_TX[0].TX_NAME]]></MapExpr>
      </Item>
    </ItemTab>
  </DataMap>
  <DataMap SrcDta="CUP_SVR"
  		SrcSvc="1101"
  		SrcType="DTA"
  		DstDta="ACCT"
  		DstSvc="SACCT0021101"
  		DstType="ALA">
    <NodeClass Name="未分类"
    		Desc="未分类"/>
    <ItemTab RecNum="29">
      <Item IOType="I"
      		MapType="E"
      		SrcSdo="SACCT0021101_Req.MsgHeader"
      		DstSdo="fmt_CUP_SVR_IN.MsgHeader">
        <MapExpr><![CDATA[]]></MapExpr>
      </Item>
      <Item IOType="I"
      		MapType="E"
      		SrcSdo="SACCT0021101_Req.MsgHeader.BkData"
      		DstSdo="fmt_CUP_SVR_IN.MsgHeader.BkData">
        <MapExpr><![CDATA[]]></MapExpr>
      </Item>
      <Item IOType="I"
      		MapType="X"
      		SrcSdo=""
      		DstSdo="fmt_CUP_SVR_IN.MsgHeader.CupHttpHead.CupsReserved">
        <MapExpr><![CDATA[$CUP_HTTP_HEAD[0].CupsReserved]]></MapExpr>
      </Item>
      <Item IOType="I"
      		MapType="X"
      		SrcSdo=""
      		DstSdo="fmt_CUP_SVR_IN.MsgHeader.CupHttpHead.MsgTp">
        <MapExpr><![CDATA[$CUP_HTTP_HEAD[0].MsgTp]]></MapExpr>
      </Item>
      <Item IOType="I"
      		MapType="X"
      		SrcSdo=""
      		DstSdo="fmt_CUP_SVR_IN.MsgHeader.CupHttpHead.OriIssrId">
        <MapExpr><![CDATA[$CUP_HTTP_HEAD[0].OriIssrId]]></MapExpr>
      </Item>
      <Item IOType="I"
      		MapType="X"
      		SrcSdo=""
      		DstSdo="fmt_CUP_SVR_IN.MsgHeader.CupHttpHead.RcverReserved">
        <MapExpr><![CDATA[$CUP_HTTP_HEAD[0].RcverReserved]]></MapExpr>
      </Item>
      <Item IOType="I"
      		MapType="X"
      		SrcSdo=""
      		DstSdo="fmt_CUP_SVR_IN.MsgHeader.CupHttpHead.SderReserved">
        <MapExpr><![CDATA[$CUP_HTTP_HEAD[0].SderReserved]]></MapExpr>
      </Item>
      <Item IOType="I"
      		MapType="D"
      		SrcSdo="SACCT0021101_Req.MsgBody.BizTp"
      		DstSdo="fmt_CUP_SVR_IN.Req_Body.BizTp">
        <MapExpr><![CDATA[]]></MapExpr>
      </Item>
      <Item IOType="I"
      		MapType="E"
      		SrcSdo="SACCT0021101_Req.MsgBody.ChannelIssrInf"
      		DstSdo="fmt_CUP_SVR_IN.Req_Body.ChannelIssrInf">
        <MapExpr><![CDATA[]]></MapExpr>
      </Item>
      <Item IOType="I"
      		MapType="E"
      		SrcSdo="SACCT0021101_Req.MsgBody.MrchntInf"
      		DstSdo="fmt_CUP_SVR_IN.Req_Body.MrchntInf">
        <MapExpr><![CDATA[]]></MapExpr>
      </Item>
      <Item IOType="I"
      		MapType="E"
      		SrcSdo="SACCT0021101_Req.MsgBody.OriTrxInf"
      		DstSdo="fmt_CUP_SVR_IN.Req_Body.OriTrxInf">
        <MapExpr><![CDATA[]]></MapExpr>
      </Item>
      <Item IOType="I"
      		MapType="D"
      		SrcSdo="SACCT0021101_Req.MsgBody.ProductAssInformation"
      		DstSdo="fmt_CUP_SVR_IN.Req_Body.ProductAssInformation">
        <MapExpr><![CDATA[]]></MapExpr>
      </Item>
      <Item IOType="I"
      		MapType="D"
      		SrcSdo="SACCT0021101_Req.MsgBody.ProductTp"
      		DstSdo="fmt_CUP_SVR_IN.Req_Body.ProductTp">
        <MapExpr><![CDATA[]]></MapExpr>
      </Item>
      <Item IOType="I"
      		MapType="E"
      		SrcSdo="SACCT0021101_Req.MsgBody.PyeeInf"
      		DstSdo="fmt_CUP_SVR_IN.Req_Body.PyeeInf">
        <MapExpr><![CDATA[]]></MapExpr>
      </Item>
      <Item IOType="I"
      		MapType="E"
      		SrcSdo="SACCT0021101_Req.MsgBody.PyerInf"
      		DstSdo="fmt_CUP_SVR_IN.Req_Body.PyerInf">
        <MapExpr><![CDATA[]]></MapExpr>
      </Item>
      <Item IOType="I"
      		MapType="E"
      		SrcSdo="SACCT0021101_Req.MsgBody.ResfdInf"
      		DstSdo="fmt_CUP_SVR_IN.Req_Body.ResfdInf">
        <MapExpr><![CDATA[]]></MapExpr>
      </Item>
      <Item IOType="I"
      		MapType="E"
      		SrcSdo="SACCT0021101_Req.MsgBody.RskInf"
      		DstSdo="fmt_CUP_SVR_IN.Req_Body.RskInf">
        <MapExpr><![CDATA[]]></MapExpr>
      </Item>
      <Item IOType="I"
      		MapType="E"
      		SrcSdo="SACCT0021101_Req.MsgBody.SubMrchntInf"
      		DstSdo="fmt_CUP_SVR_IN.Req_Body.SubMrchntInf">
        <MapExpr><![CDATA[]]></MapExpr>
      </Item>
      <Item IOType="I"
      		MapType="E"
      		SrcSdo="SACCT0021101_Req.MsgBody.TrxInf"
      		DstSdo="fmt_CUP_SVR_IN.Req_Body.TrxInf">
        <MapExpr><![CDATA[]]></MapExpr>
      </Item>
      <Item IOType="O"
      		MapType="E"
      		SrcSdo="fmt_CUP_SVR_OUT.Rsp_Body.BizInf"
      		DstSdo="SACCT0021101_Rsp.MsgBody.BizInf">
        <MapExpr><![CDATA[]]></MapExpr>
      </Item>
      <Item IOType="O"
      		MapType="D"
      		SrcSdo="fmt_CUP_SVR_OUT.Rsp_Body.BizTp"
      		DstSdo="SACCT0021101_Rsp.MsgBody.BizTp">
        <MapExpr><![CDATA[]]></MapExpr>
      </Item>
      <Item IOType="O"
      		MapType="E"
      		SrcSdo="fmt_CUP_SVR_OUT.Rsp_Body.PyeeInf"
      		DstSdo="SACCT0021101_Rsp.MsgBody.PyeeInf">
        <MapExpr><![CDATA[]]></MapExpr>
      </Item>
      <Item IOType="O"
      		MapType="E"
      		SrcSdo="fmt_CUP_SVR_OUT.Rsp_Body.SysRtnInf"
      		DstSdo="SACCT0021101_Rsp.MsgBody.SysRtnInf">
        <MapExpr><![CDATA[]]></MapExpr>
      </Item>
      <Item IOType="O"
      		MapType="E"
      		SrcSdo="fmt_CUP_SVR_OUT.Rsp_Body.TrxInf"
      		DstSdo="SACCT0021101_Rsp.MsgBody.TrxInf">
        <MapExpr><![CDATA[]]></MapExpr>
      </Item>
      <Item IOType="O"
      		MapType="E"
      		SrcSdo="fmt_CUP_SVR_OUT.MsgHeader"
      		DstSdo="SACCT0021101_Rsp.MsgHeader">
        <MapExpr><![CDATA[]]></MapExpr>
      </Item>
      <Item IOType="O"
      		MapType="E"
      		SrcSdo="fmt_CUP_SVR_OUT.MsgHeader.BkData"
      		DstSdo="SACCT0021101_Rsp.MsgHeader.BkData">
        <MapExpr><![CDATA[]]></MapExpr>
      </Item>
      <Item IOType="O"
      		MapType="E"
      		SrcSdo="fmt_CUP_SVR_OUT.MsgHeader.CupHttpHead"
      		DstSdo="SACCT0021101_Rsp.MsgHeader.CupHttpHead">
        <MapExpr><![CDATA[]]></MapExpr>
      </Item>
      <Item IOType="O"
      		MapType="X"
      		SrcSdo=""
      		DstSdo="SACCT0021101_Rsp.MsgHeader.TRANSLOG_ELEMENT.seqno">
        <MapExpr><![CDATA[$INIT.SeqNo]]></MapExpr>
      </Item>
      <Item IOType="O"
      		MapType="X"
      		SrcSdo=""
      		DstSdo="SACCT0021101_Rsp.MsgHeader.TRANSLOG_ELEMENT.txname">
        <MapExpr><![CDATA[$T_TX[0].TX_NAME]]></MapExpr>
      </Item>
    </ItemTab>
  </DataMap>
  <DataMap SrcDta="CUP_SVR"
  		SrcSvc="2001"
  		SrcType="DTA"
  		DstDta="ACCT"
  		DstSvc="SACCT0022001"
  		DstType="ALA">
    <NodeClass Name="未分类"
    		Desc="未分类"/>
    <ItemTab RecNum="31">
      <Item IOType="I"
      		MapType="E"
      		SrcSdo="SACCT0022001_Req.MsgHeader"
      		DstSdo="fmt_CUP_SVR_IN.MsgHeader">
        <MapExpr><![CDATA[]]></MapExpr>
      </Item>
      <Item IOType="I"
      		MapType="E"
      		SrcSdo="SACCT0022001_Req.MsgHeader.BkData"
      		DstSdo="fmt_CUP_SVR_IN.MsgHeader.BkData">
        <MapExpr><![CDATA[]]></MapExpr>
      </Item>
      <Item IOType="I"
      		MapType="X"
      		SrcSdo=""
      		DstSdo="fmt_CUP_SVR_IN.MsgHeader.CupHttpHead.CupsReserved">
        <MapExpr><![CDATA[$CUP_HTTP_HEAD[0].CupsReserved]]></MapExpr>
      </Item>
      <Item IOType="I"
      		MapType="X"
      		SrcSdo=""
      		DstSdo="fmt_CUP_SVR_IN.MsgHeader.CupHttpHead.MsgTp">
        <MapExpr><![CDATA[$CUP_HTTP_HEAD[0].MsgTp]]></MapExpr>
      </Item>
      <Item IOType="I"
      		MapType="X"
      		SrcSdo=""
      		DstSdo="fmt_CUP_SVR_IN.MsgHeader.CupHttpHead.OriIssrId">
        <MapExpr><![CDATA[$CUP_HTTP_HEAD[0].OriIssrId]]></MapExpr>
      </Item>
      <Item IOType="I"
      		MapType="X"
      		SrcSdo=""
      		DstSdo="fmt_CUP_SVR_IN.MsgHeader.CupHttpHead.RcverReserved">
        <MapExpr><![CDATA[$CUP_HTTP_HEAD[0].RcverReserved]]></MapExpr>
      </Item>
      <Item IOType="I"
      		MapType="X"
      		SrcSdo=""
      		DstSdo="fmt_CUP_SVR_IN.MsgHeader.CupHttpHead.SderReserved">
        <MapExpr><![CDATA[$CUP_HTTP_HEAD[0].SderReserved]]></MapExpr>
      </Item>
      <Item IOType="I"
      		MapType="D"
      		SrcSdo="SACCT0022001_Req.MsgBody.BizTp"
      		DstSdo="fmt_CUP_SVR_IN.Req_Body.BizTp">
        <MapExpr><![CDATA[]]></MapExpr>
      </Item>
      <Item IOType="I"
      		MapType="E"
      		SrcSdo="SACCT0022001_Req.MsgBody.ChannelIssrInf"
      		DstSdo="fmt_CUP_SVR_IN.Req_Body.ChannelIssrInf">
        <MapExpr><![CDATA[]]></MapExpr>
      </Item>
      <Item IOType="I"
      		MapType="E"
      		SrcSdo="SACCT0022001_Req.MsgBody.CorpCard"
      		DstSdo="fmt_CUP_SVR_IN.Req_Body.CorpCard">
        <MapExpr><![CDATA[]]></MapExpr>
      </Item>
      <Item IOType="I"
      		MapType="E"
      		SrcSdo="SACCT0022001_Req.MsgBody.MrchntInf"
      		DstSdo="fmt_CUP_SVR_IN.Req_Body.MrchntInf">
        <MapExpr><![CDATA[]]></MapExpr>
      </Item>
      <Item IOType="I"
      		MapType="E"
      		SrcSdo="SACCT0022001_Req.MsgBody.OrdrInf"
      		DstSdo="fmt_CUP_SVR_IN.Req_Body.OrdrInf">
        <MapExpr><![CDATA[]]></MapExpr>
      </Item>
      <Item IOType="I"
      		MapType="E"
      		SrcSdo="SACCT0022001_Req.MsgBody.ProductInf"
      		DstSdo="fmt_CUP_SVR_IN.Req_Body.ProductInf">
        <MapExpr><![CDATA[]]></MapExpr>
      </Item>
      <Item IOType="I"
      		MapType="E"
      		SrcSdo="SACCT0022001_Req.MsgBody.PyeeInf"
      		DstSdo="fmt_CUP_SVR_IN.Req_Body.PyeeInf">
        <MapExpr><![CDATA[]]></MapExpr>
      </Item>
      <Item IOType="I"
      		MapType="E"
      		SrcSdo="SACCT0022001_Req.MsgBody.PyerInf"
      		DstSdo="fmt_CUP_SVR_IN.Req_Body.PyerInf">
        <MapExpr><![CDATA[]]></MapExpr>
      </Item>
      <Item IOType="I"
      		MapType="E"
      		SrcSdo="SACCT0022001_Req.MsgBody.ResfdInf"
      		DstSdo="fmt_CUP_SVR_IN.Req_Body.ResfdInf">
        <MapExpr><![CDATA[]]></MapExpr>
      </Item>
      <Item IOType="I"
      		MapType="E"
      		SrcSdo="SACCT0022001_Req.MsgBody.RskInf"
      		DstSdo="fmt_CUP_SVR_IN.Req_Body.RskInf">
        <MapExpr><![CDATA[]]></MapExpr>
      </Item>
      <Item IOType="I"
      		MapType="E"
      		SrcSdo="SACCT0022001_Req.MsgBody.SubMrchntInf"
      		DstSdo="fmt_CUP_SVR_IN.Req_Body.SubMrchntInf">
        <MapExpr><![CDATA[]]></MapExpr>
      </Item>
      <Item IOType="I"
      		MapType="E"
      		SrcSdo="SACCT0022001_Req.MsgBody.TrxInf"
      		DstSdo="fmt_CUP_SVR_IN.Req_Body.TrxInf">
        <MapExpr><![CDATA[]]></MapExpr>
      </Item>
      <Item IOType="O"
      		MapType="E"
      		SrcSdo="fmt_CUP_SVR_OUT.Rsp_Body.BizInf"
      		DstSdo="SACCT0022001_Rsp.MsgBody.BizInf">
        <MapExpr><![CDATA[]]></MapExpr>
      </Item>
      <Item IOType="O"
      		MapType="D"
      		SrcSdo="fmt_CUP_SVR_OUT.Rsp_Body.BizTp"
      		DstSdo="SACCT0022001_Rsp.MsgBody.BizTp">
        <MapExpr><![CDATA[]]></MapExpr>
      </Item>
      <Item IOType="O"
      		MapType="E"
      		SrcSdo="fmt_CUP_SVR_OUT.Rsp_Body.ChannelIssrInf"
      		DstSdo="SACCT0022001_Rsp.MsgBody.ChannelIssrInf">
        <MapExpr><![CDATA[]]></MapExpr>
      </Item>
      <Item IOType="O"
      		MapType="E"
      		SrcSdo="fmt_CUP_SVR_OUT.Rsp_Body.OrdrInf"
      		DstSdo="SACCT0022001_Rsp.MsgBody.OrdrInf">
        <MapExpr><![CDATA[]]></MapExpr>
      </Item>
      <Item IOType="O"
      		MapType="E"
      		SrcSdo="fmt_CUP_SVR_OUT.Rsp_Body.PyeeInf"
      		DstSdo="SACCT0022001_Rsp.MsgBody.PyeeInf">
        <MapExpr><![CDATA[]]></MapExpr>
      </Item>
      <Item IOType="O"
      		MapType="E"
      		SrcSdo="fmt_CUP_SVR_OUT.Rsp_Body.SysRtnInf"
      		DstSdo="SACCT0022001_Rsp.MsgBody.SysRtnInf">
        <MapExpr><![CDATA[]]></MapExpr>
      </Item>
      <Item IOType="O"
      		MapType="E"
      		SrcSdo="fmt_CUP_SVR_OUT.Rsp_Body.TrxInf"
      		DstSdo="SACCT0022001_Rsp.MsgBody.TrxInf">
        <MapExpr><![CDATA[]]></MapExpr>
      </Item>
      <Item IOType="O"
      		MapType="E"
      		SrcSdo="fmt_CUP_SVR_OUT.MsgHeader"
      		DstSdo="SACCT0022001_Rsp.MsgHeader">
        <MapExpr><![CDATA[]]></MapExpr>
      </Item>
      <Item IOType="O"
      		MapType="E"
      		SrcSdo="fmt_CUP_SVR_OUT.MsgHeader.BkData"
      		DstSdo="SACCT0022001_Rsp.MsgHeader.BkData">
        <MapExpr><![CDATA[]]></MapExpr>
      </Item>
      <Item IOType="O"
      		MapType="E"
      		SrcSdo="fmt_CUP_SVR_OUT.MsgHeader.CupHttpHead"
      		DstSdo="SACCT0022001_Rsp.MsgHeader.CupHttpHead">
        <MapExpr><![CDATA[]]></MapExpr>
      </Item>
      <Item IOType="O"
      		MapType="X"
      		SrcSdo=""
      		DstSdo="SACCT0022001_Rsp.MsgHeader.TRANSLOG_ELEMENT.seqno">
        <MapExpr><![CDATA[$INIT.SeqNo]]></MapExpr>
      </Item>
      <Item IOType="O"
      		MapType="X"
      		SrcSdo=""
      		DstSdo="SACCT0022001_Rsp.MsgHeader.TRANSLOG_ELEMENT.txname">
        <MapExpr><![CDATA[$T_TX[0].TX_NAME]]></MapExpr>
      </Item>
    </ItemTab>
  </DataMap>
  <DataMap SrcDta="CUP_SVR"
  		SrcSvc="3001"
  		SrcType="DTA"
  		DstDta="QRY"
  		DstSvc="SQRY00023001"
  		DstType="ALA">
    <NodeClass Name="未分类"
    		Desc="未分类"/>
    <ItemTab RecNum="20">
      <Item IOType="I"
      		MapType="E"
      		SrcSdo="SQRY00023001_Req.MsgHeader"
      		DstSdo="fmt_CUP_SVR_IN.MsgHeader">
        <MapExpr><![CDATA[]]></MapExpr>
      </Item>
      <Item IOType="I"
      		MapType="E"
      		SrcSdo="SQRY00023001_Req.MsgHeader.BkData"
      		DstSdo="fmt_CUP_SVR_IN.MsgHeader.BkData">
        <MapExpr><![CDATA[]]></MapExpr>
      </Item>
      <Item IOType="I"
      		MapType="X"
      		SrcSdo=""
      		DstSdo="fmt_CUP_SVR_IN.MsgHeader.CupHttpHead.CupsReserved">
        <MapExpr><![CDATA[$CUP_HTTP_HEAD[0].CupsReserved]]></MapExpr>
      </Item>
      <Item IOType="I"
      		MapType="X"
      		SrcSdo=""
      		DstSdo="fmt_CUP_SVR_IN.MsgHeader.CupHttpHead.MsgTp">
        <MapExpr><![CDATA[$CUP_HTTP_HEAD[0].MsgTp]]></MapExpr>
      </Item>
      <Item IOType="I"
      		MapType="X"
      		SrcSdo=""
      		DstSdo="fmt_CUP_SVR_IN.MsgHeader.CupHttpHead.OriIssrId">
        <MapExpr><![CDATA[$CUP_HTTP_HEAD[0].OriIssrId]]></MapExpr>
      </Item>
      <Item IOType="I"
      		MapType="X"
      		SrcSdo=""
      		DstSdo="fmt_CUP_SVR_IN.MsgHeader.CupHttpHead.RcverReserved">
        <MapExpr><![CDATA[$CUP_HTTP_HEAD[0].RcverReserved]]></MapExpr>
      </Item>
      <Item IOType="I"
      		MapType="X"
      		SrcSdo=""
      		DstSdo="fmt_CUP_SVR_IN.MsgHeader.CupHttpHead.SderReserved">
        <MapExpr><![CDATA[$CUP_HTTP_HEAD[0].SderReserved]]></MapExpr>
      </Item>
      <Item IOType="I"
      		MapType="D"
      		SrcSdo="SQRY00023001_Req.MsgBody.BizTp"
      		DstSdo="fmt_CUP_SVR_IN.Req_Body.BizTp">
        <MapExpr><![CDATA[]]></MapExpr>
      </Item>
      <Item IOType="I"
      		MapType="E"
      		SrcSdo="SQRY00023001_Req.MsgBody.PyeeInf"
      		DstSdo="fmt_CUP_SVR_IN.Req_Body.PyeeInf">
        <MapExpr><![CDATA[]]></MapExpr>
      </Item>
      <Item IOType="I"
      		MapType="E"
      		SrcSdo="SQRY00023001_Req.MsgBody.PyerInf"
      		DstSdo="fmt_CUP_SVR_IN.Req_Body.PyerInf">
        <MapExpr><![CDATA[]]></MapExpr>
      </Item>
      <Item IOType="I"
      		MapType="E"
      		SrcSdo="SQRY00023001_Req.MsgBody.ResfdInf"
      		DstSdo="fmt_CUP_SVR_IN.Req_Body.ResfdInf">
        <MapExpr><![CDATA[]]></MapExpr>
      </Item>
      <Item IOType="I"
      		MapType="E"
      		SrcSdo="SQRY00023001_Req.MsgBody.TrxInf"
      		DstSdo="fmt_CUP_SVR_IN.Req_Body.TrxInf">
        <MapExpr><![CDATA[]]></MapExpr>
      </Item>
      <Item IOType="O"
      		MapType="E"
      		SrcSdo="fmt_CUP_SVR_OUT.Rsp_Body.BizInf"
      		DstSdo="SQRY00023001_Rsp.MsgBody.BizInf">
        <MapExpr><![CDATA[]]></MapExpr>
      </Item>
      <Item IOType="O"
      		MapType="D"
      		SrcSdo="fmt_CUP_SVR_OUT.Rsp_Body.BizTp"
      		DstSdo="SQRY00023001_Rsp.MsgBody.BizTp">
        <MapExpr><![CDATA[]]></MapExpr>
      </Item>
      <Item IOType="O"
      		MapType="E"
      		SrcSdo="fmt_CUP_SVR_OUT.Rsp_Body.SysRtnInf"
      		DstSdo="SQRY00023001_Rsp.MsgBody.SysRtnInf">
        <MapExpr><![CDATA[]]></MapExpr>
      </Item>
      <Item IOType="O"
      		MapType="E"
      		SrcSdo="fmt_CUP_SVR_OUT.Rsp_Body.TrxInf"
      		DstSdo="SQRY00023001_Rsp.MsgBody.TrxInf">
        <MapExpr><![CDATA[]]></MapExpr>
      </Item>
      <Item IOType="O"
      		MapType="E"
      		SrcSdo="fmt_CUP_SVR_OUT.MsgHeader"
      		DstSdo="SQRY00023001_Rsp.MsgHeader">
        <MapExpr><![CDATA[]]></MapExpr>
      </Item>
      <Item IOType="O"
      		MapType="E"
      		SrcSdo="fmt_CUP_SVR_OUT.MsgHeader.CupHttpHead"
      		DstSdo="SQRY00023001_Rsp.MsgHeader.CupHttpHead">
        <MapExpr><![CDATA[]]></MapExpr>
      </Item>
      <Item IOType="O"
      		MapType="X"
      		SrcSdo=""
      		DstSdo="SQRY00023001_Rsp.MsgHeader.TRANSLOG_ELEMENT.seqno">
        <MapExpr><![CDATA[$INIT.SeqNo]]></MapExpr>
      </Item>
      <Item IOType="O"
      		MapType="X"
      		SrcSdo=""
      		DstSdo="SQRY00023001_Rsp.MsgHeader.TRANSLOG_ELEMENT.txname">
        <MapExpr><![CDATA[$T_TX[0].TX_NAME]]></MapExpr>
      </Item>
    </ItemTab>
  </DataMap>
  <DataMap SrcDta="CUP_SVR"
  		SrcSvc="3002"
  		SrcType="DTA"
  		DstDta="QRY"
  		DstSvc="SQRY00023002"
  		DstType="ALA">
    <NodeClass Name="未分类"
    		Desc="未分类"/>
    <ItemTab RecNum="22">
      <Item IOType="I"
      		MapType="E"
      		SrcSdo="SQRY00023002_Req.MsgHeader"
      		DstSdo="fmt_CUP_SVR_IN.MsgHeader">
        <MapExpr><![CDATA[]]></MapExpr>
      </Item>
      <Item IOType="I"
      		MapType="E"
      		SrcSdo="SQRY00023002_Req.MsgHeader.BkData"
      		DstSdo="fmt_CUP_SVR_IN.MsgHeader.BkData">
        <MapExpr><![CDATA[]]></MapExpr>
      </Item>
      <Item IOType="I"
      		MapType="X"
      		SrcSdo=""
      		DstSdo="fmt_CUP_SVR_IN.MsgHeader.CupHttpHead.CupsReserved">
        <MapExpr><![CDATA[$CUP_HTTP_HEAD[0].CupsReserved]]></MapExpr>
      </Item>
      <Item IOType="I"
      		MapType="X"
      		SrcSdo=""
      		DstSdo="fmt_CUP_SVR_IN.MsgHeader.CupHttpHead.MsgTp">
        <MapExpr><![CDATA[$CUP_HTTP_HEAD[0].MsgTp]]></MapExpr>
      </Item>
      <Item IOType="I"
      		MapType="X"
      		SrcSdo=""
      		DstSdo="fmt_CUP_SVR_IN.MsgHeader.CupHttpHead.OriIssrId">
        <MapExpr><![CDATA[$CUP_HTTP_HEAD[0].OriIssrId]]></MapExpr>
      </Item>
      <Item IOType="I"
      		MapType="X"
      		SrcSdo=""
      		DstSdo="fmt_CUP_SVR_IN.MsgHeader.CupHttpHead.RcverReserved">
        <MapExpr><![CDATA[$CUP_HTTP_HEAD[0].RcverReserved]]></MapExpr>
      </Item>
      <Item IOType="I"
      		MapType="X"
      		SrcSdo=""
      		DstSdo="fmt_CUP_SVR_IN.MsgHeader.CupHttpHead.SderReserved">
        <MapExpr><![CDATA[$CUP_HTTP_HEAD[0].SderReserved]]></MapExpr>
      </Item>
      <Item IOType="I"
      		MapType="E"
      		SrcSdo="SQRY00023002_Req.MsgBody.BizInf"
      		DstSdo="fmt_CUP_SVR_IN.Req_Body.BizInf">
        <MapExpr><![CDATA[]]></MapExpr>
      </Item>
      <Item IOType="I"
      		MapType="D"
      		SrcSdo="SQRY00023002_Req.MsgBody.BizTp"
      		DstSdo="fmt_CUP_SVR_IN.Req_Body.BizTp">
        <MapExpr><![CDATA[]]></MapExpr>
      </Item>
      <Item IOType="I"
      		MapType="E"
      		SrcSdo="SQRY00023002_Req.MsgBody.RcverInf"
      		DstSdo="fmt_CUP_SVR_IN.Req_Body.RcverInf">
        <MapExpr><![CDATA[]]></MapExpr>
      </Item>
      <Item IOType="I"
      		MapType="E"
      		SrcSdo="SQRY00023002_Req.MsgBody.ResfdInf"
      		DstSdo="fmt_CUP_SVR_IN.Req_Body.ResfdInf">
        <MapExpr><![CDATA[]]></MapExpr>
      </Item>
      <Item IOType="I"
      		MapType="E"
      		SrcSdo="SQRY00023002_Req.MsgBody.SderInf"
      		DstSdo="fmt_CUP_SVR_IN.Req_Body.SderInf">
        <MapExpr><![CDATA[]]></MapExpr>
      </Item>
      <Item IOType="I"
      		MapType="E"
      		SrcSdo="SQRY00023002_Req.MsgBody.SysRtnInf"
      		DstSdo="fmt_CUP_SVR_IN.Req_Body.SysRtnInf">
        <MapExpr><![CDATA[]]></MapExpr>
      </Item>
      <Item IOType="I"
      		MapType="E"
      		SrcSdo="SQRY00023002_Req.MsgBody.TrxInf"
      		DstSdo="fmt_CUP_SVR_IN.Req_Body.TrxInf">
        <MapExpr><![CDATA[]]></MapExpr>
      </Item>
      <Item IOType="O"
      		MapType="D"
      		SrcSdo="fmt_CUP_SVR_OUT.Rsp_Body.BizTp"
      		DstSdo="SQRY00023002_Rsp.MsgBody.BizTp">
        <MapExpr><![CDATA[]]></MapExpr>
      </Item>
      <Item IOType="O"
      		MapType="E"
      		SrcSdo="fmt_CUP_SVR_OUT.Rsp_Body.SysRtnInf"
      		DstSdo="SQRY00023002_Rsp.MsgBody.SysRtnInf">
        <MapExpr><![CDATA[]]></MapExpr>
      </Item>
      <Item IOType="O"
      		MapType="E"
      		SrcSdo="fmt_CUP_SVR_OUT.Rsp_Body.TrxInf"
      		DstSdo="SQRY00023002_Rsp.MsgBody.TrxInf">
        <MapExpr><![CDATA[]]></MapExpr>
      </Item>
      <Item IOType="O"
      		MapType="E"
      		SrcSdo="fmt_CUP_SVR_OUT.MsgHeader"
      		DstSdo="SQRY00023002_Rsp.MsgHeader">
        <MapExpr><![CDATA[]]></MapExpr>
      </Item>
      <Item IOType="O"
      		MapType="E"
      		SrcSdo="fmt_CUP_SVR_OUT.MsgHeader.BkData"
      		DstSdo="SQRY00023002_Rsp.MsgHeader.BkData">
        <MapExpr><![CDATA[]]></MapExpr>
      </Item>
      <Item IOType="O"
      		MapType="E"
      		SrcSdo="fmt_CUP_SVR_OUT.MsgHeader.CupHttpHead"
      		DstSdo="SQRY00023002_Rsp.MsgHeader.CupHttpHead">
        <MapExpr><![CDATA[]]></MapExpr>
      </Item>
      <Item IOType="O"
      		MapType="X"
      		SrcSdo=""
      		DstSdo="SQRY00023002_Rsp.MsgHeader.TRANSLOG_ELEMENT.seqno">
        <MapExpr><![CDATA[$INIT.SeqNo]]></MapExpr>
      </Item>
      <Item IOType="O"
      		MapType="X"
      		SrcSdo=""
      		DstSdo="SQRY00023002_Rsp.MsgHeader.TRANSLOG_ELEMENT.txname">
        <MapExpr><![CDATA[$T_TX[0].TX_NAME]]></MapExpr>
      </Item>
    </ItemTab>
  </DataMap>
  <DataMap SrcDta="CUP_SVR"
  		SrcSvc="3101"
  		SrcType="DTA"
  		DstDta="QRY"
  		DstSvc="SQRY00023101"
  		DstType="ALA">
    <NodeClass Name="未分类"
    		Desc="未分类"/>
    <ItemTab RecNum="22">
      <Item IOType="I"
      		MapType="E"
      		SrcSdo="SQRY00023101_Req.MsgHeader"
      		DstSdo="fmt_CUP_SVR_IN.MsgHeader">
        <MapExpr><![CDATA[]]></MapExpr>
      </Item>
      <Item IOType="I"
      		MapType="E"
      		SrcSdo="SQRY00023101_Req.MsgHeader.BkData"
      		DstSdo="fmt_CUP_SVR_IN.MsgHeader.BkData">
        <MapExpr><![CDATA[]]></MapExpr>
      </Item>
      <Item IOType="I"
      		MapType="X"
      		SrcSdo=""
      		DstSdo="fmt_CUP_SVR_IN.MsgHeader.CupHttpHead.CupsReserved">
        <MapExpr><![CDATA[$CUP_HTTP_HEAD[0].CupsReserved]]></MapExpr>
      </Item>
      <Item IOType="I"
      		MapType="X"
      		SrcSdo=""
      		DstSdo="fmt_CUP_SVR_IN.MsgHeader.CupHttpHead.MsgTp">
        <MapExpr><![CDATA[$CUP_HTTP_HEAD[0].MsgTp]]></MapExpr>
      </Item>
      <Item IOType="I"
      		MapType="X"
      		SrcSdo=""
      		DstSdo="fmt_CUP_SVR_IN.MsgHeader.CupHttpHead.OriIssrId">
        <MapExpr><![CDATA[$CUP_HTTP_HEAD[0].OriIssrId]]></MapExpr>
      </Item>
      <Item IOType="I"
      		MapType="X"
      		SrcSdo=""
      		DstSdo="fmt_CUP_SVR_IN.MsgHeader.CupHttpHead.RcverReserved">
        <MapExpr><![CDATA[$CUP_HTTP_HEAD[0].RcverReserved]]></MapExpr>
      </Item>
      <Item IOType="I"
      		MapType="X"
      		SrcSdo=""
      		DstSdo="fmt_CUP_SVR_IN.MsgHeader.CupHttpHead.SderReserved">
        <MapExpr><![CDATA[$CUP_HTTP_HEAD[0].SderReserved]]></MapExpr>
      </Item>
      <Item IOType="I"
      		MapType="D"
      		SrcSdo="SQRY00023101_Req.MsgBody.BizTp"
      		DstSdo="fmt_CUP_SVR_IN.Req_Body.BizTp">
        <MapExpr><![CDATA[]]></MapExpr>
      </Item>
      <Item IOType="I"
      		MapType="E"
      		SrcSdo="SQRY00023101_Req.MsgBody.OriTrxInf"
      		DstSdo="fmt_CUP_SVR_IN.Req_Body.OriTrxInf">
        <MapExpr><![CDATA[]]></MapExpr>
      </Item>
      <Item IOType="I"
      		MapType="E"
      		SrcSdo="SQRY00023101_Req.MsgBody.RskInf"
      		DstSdo="fmt_CUP_SVR_IN.Req_Body.RskInf">
        <MapExpr><![CDATA[]]></MapExpr>
      </Item>
      <Item IOType="I"
      		MapType="E"
      		SrcSdo="SQRY00023101_Req.MsgBody.SderInf"
      		DstSdo="fmt_CUP_SVR_IN.Req_Body.SderInf">
        <MapExpr><![CDATA[]]></MapExpr>
      </Item>
      <Item IOType="I"
      		MapType="E"
      		SrcSdo="SQRY00023101_Req.MsgBody.TrxInf"
      		DstSdo="fmt_CUP_SVR_IN.Req_Body.TrxInf">
        <MapExpr><![CDATA[]]></MapExpr>
      </Item>
      <Item IOType="O"
      		MapType="E"
      		SrcSdo="fmt_CUP_SVR_OUT.Rsp_Body.BizInf"
      		DstSdo="SQRY00023101_Rsp.MsgBody.BizInf">
        <MapExpr><![CDATA[]]></MapExpr>
      </Item>
      <Item IOType="O"
      		MapType="D"
      		SrcSdo="fmt_CUP_SVR_OUT.Rsp_Body.BizTp"
      		DstSdo="SQRY00023101_Rsp.MsgBody.BizTp">
        <MapExpr><![CDATA[]]></MapExpr>
      </Item>
      <Item IOType="O"
      		MapType="E"
      		SrcSdo="fmt_CUP_SVR_OUT.Rsp_Body.SderInf"
      		DstSdo="SQRY00023101_Rsp.MsgBody.SderInf">
        <MapExpr><![CDATA[]]></MapExpr>
      </Item>
      <Item IOType="O"
      		MapType="E"
      		SrcSdo="fmt_CUP_SVR_OUT.Rsp_Body.SysRtnInf"
      		DstSdo="SQRY00023101_Rsp.MsgBody.SysRtnInf">
        <MapExpr><![CDATA[]]></MapExpr>
      </Item>
      <Item IOType="O"
      		MapType="E"
      		SrcSdo="fmt_CUP_SVR_OUT.Rsp_Body.TrxInf"
      		DstSdo="SQRY00023101_Rsp.MsgBody.TrxInf">
        <MapExpr><![CDATA[]]></MapExpr>
      </Item>
      <Item IOType="O"
      		MapType="E"
      		SrcSdo="fmt_CUP_SVR_OUT.MsgHeader"
      		DstSdo="SQRY00023101_Rsp.MsgHeader">
        <MapExpr><![CDATA[]]></MapExpr>
      </Item>
      <Item IOType="O"
      		MapType="E"
      		SrcSdo="fmt_CUP_SVR_OUT.MsgHeader.BkData"
      		DstSdo="SQRY00023101_Rsp.MsgHeader.BkData">
        <MapExpr><![CDATA[]]></MapExpr>
      </Item>
      <Item IOType="O"
      		MapType="E"
      		SrcSdo="fmt_CUP_SVR_OUT.MsgHeader.CupHttpHead"
      		DstSdo="SQRY00023101_Rsp.MsgHeader.CupHttpHead">
        <MapExpr><![CDATA[]]></MapExpr>
      </Item>
      <Item IOType="O"
      		MapType="X"
      		SrcSdo=""
      		DstSdo="SQRY00023101_Rsp.MsgHeader.TRANSLOG_ELEMENT.seqno">
        <MapExpr><![CDATA[$INIT.SeqNo]]></MapExpr>
      </Item>
      <Item IOType="O"
      		MapType="X"
      		SrcSdo=""
      		DstSdo="SQRY00023101_Rsp.MsgHeader.TRANSLOG_ELEMENT.txname">
        <MapExpr><![CDATA[$T_TX[0].TX_NAME]]></MapExpr>
      </Item>
    </ItemTab>
  </DataMap>
</DataMapTab>
