<?xml version="1.0" encoding="UTF-8"?>

<RouteTab>
  <RuleTab RecNum="1">
    <Rule RuleID="RT_QRY"
    		RuleType="request">
      <NodeClass Name="未分类"
      		Desc="未分类"/>
      <SvcExpr><![CDATA[^0[0|1|2|3|4].*$|^2.*$|^3.*$|^1.*$]]></SvcExpr>
      <RouteExpr><![CDATA[@busiPub.getLogicSvcName();]]></RouteExpr>
      <EntranceTab RecNum="15">
        <Entrance Desc="ENTR_SQRY00020001"
        		Respond="yes"
        		DstType="ALA"
        		Destination="QRY"
        		SvcName="SQRY00020001"
        		NodeName="">
          <Expr><![CDATA[^SQRY00020001$]]></Expr>
        </Entrance>
        <Entrance Desc="ENTR_SQRY00020002"
        		Respond="yes"
        		DstType="ALA"
        		Destination="QRY"
        		SvcName="SQRY00020002"
        		NodeName="">
          <Expr><![CDATA[^SQRY00020002$]]></Expr>
        </Entrance>
        <Entrance Desc="ENTR_SSIGN0020201"
        		Respond="yes"
        		DstType="ALA"
        		Destination="SIGN"
        		SvcName="SSIGN0020201"
        		NodeName="">
          <Expr><![CDATA[^SSIGN0020201$]]></Expr>
        </Entrance>
        <Entrance Desc="ENTR_SSIGN0020202"
        		Respond="yes"
        		DstType="ALA"
        		Destination="SIGN"
        		SvcName="SSIGN0020202"
        		NodeName="">
          <Expr><![CDATA[^SSIGN0020202$]]></Expr>
        </Entrance>
        <Entrance Desc="ENTR_SSIGN0020301"
        		Respond="yes"
        		DstType="ALA"
        		Destination="SIGN"
        		SvcName="SSIGN0020301"
        		NodeName="">
          <Expr><![CDATA[^SSIGN0020301$]]></Expr>
        </Entrance>
        <Entrance Desc="ENTR_SSIGN0020302"
        		Respond="yes"
        		DstType="ALA"
        		Destination="SIGN"
        		SvcName="SSIGN0020302"
        		NodeName="">
          <Expr><![CDATA[^SSIGN0020302$]]></Expr>
        </Entrance>
        <Entrance Desc="ENTR_SACCT0021001"
        		Respond="yes"
        		DstType="ALA"
        		Destination="ACCT"
        		SvcName="SACCT0021001"
        		NodeName="">
          <Expr><![CDATA[^SACCT0021001$]]></Expr>
        </Entrance>
        <Entrance Desc="ENTR_SACCT0021002"
        		Respond="yes"
        		DstType="ALA"
        		Destination="ACCT"
        		SvcName="SACCT0021002"
        		NodeName="">
          <Expr><![CDATA[^SACCT0021002$]]></Expr>
        </Entrance>
        <Entrance Desc="ENTR_SACCT0021003"
        		Respond="yes"
        		DstType="ALA"
        		Destination="ACCT"
        		SvcName="SACCT0021003"
        		NodeName="">
          <Expr><![CDATA[^SACCT0021003$]]></Expr>
        </Entrance>
        <Entrance Desc="ENTR_SACCT0021101"
        		Respond="yes"
        		DstType="ALA"
        		Destination="ACCT"
        		SvcName="SACCT0021101"
        		NodeName="">
          <Expr><![CDATA[^SACCT0021101$]]></Expr>
        </Entrance>
        <Entrance Desc="ENTR_SACCT0022001"
        		Respond="yes"
        		DstType="ALA"
        		Destination="ACCT"
        		SvcName="SACCT0022001"
        		NodeName="">
          <Expr><![CDATA[^SACCT0022001$]]></Expr>
        </Entrance>
        <Entrance Desc="ENTR_SQRY00023101"
        		Respond="yes"
        		DstType="ALA"
        		Destination="QRY"
        		SvcName="SQRY00023101"
        		NodeName="">
          <Expr><![CDATA[^SQRY00023101$]]></Expr>
        </Entrance>
        <Entrance Desc="ENTR_SQRY00023001"
        		Respond="yes"
        		DstType="ALA"
        		Destination="QRY"
        		SvcName="SQRY00023001"
        		NodeName="">
          <Expr><![CDATA[^SQRY00023001$]]></Expr>
        </Entrance>
        <Entrance Desc="ENTR_SQRY00023002"
        		Respond="yes"
        		DstType="ALA"
        		Destination="QRY"
        		SvcName="SQRY00023002"
        		NodeName="">
          <Expr><![CDATA[^SQRY00023002$]]></Expr>
        </Entrance>
        <Entrance Desc="ENTR_SQRY00020003"
        		Respond="yes"
        		DstType="ALA"
        		Destination="QRY"
        		SvcName="SQRY00020003"
        		NodeName="">
          <Expr><![CDATA[^SQRY00020003$]]></Expr>
        </Entrance>
      </EntranceTab>
    </Rule>
  </RuleTab>
</RouteTab>
