<?xml version="1.0" encoding="UTF-8"?>

<ServiceTab RecNum="17">
  <Service Name="0001"
  		SvcDesc="协议支付签约触发短信"
  		TimeOut="0"
  		IFmt="Fmt_SQRY00020001_IN"
  		OFmt="Fmt_SQRY00020001_OUT"
  		PFile=""
  		BFile=""
  		IElem=""
  		OElem=""
  		Transaction="No"
  		RevsFlag="No"
  		RevsDtaType=""
  		RevsDtaName=""
  		RevsSvcName=""
  		CompsFlag="No"
  		CompsDtaType=""
  		CompsDtaName=""
  		CompsName=""
  		ExtCode=""
  		Prio="3"
  		DestTimeOut="No"
  		RevsSeq="Random"
  		CompsSeq="Random"
  		IsWsdl="no"
  		NameSpace=""
  		NameSpaceNS=""
  		SoapBinding=""
  		IsHavePrefix="">
    <NodeClass Name="未分类"
    		Desc="未分类"/>
    <ExtCodeExpr><![CDATA[]]></ExtCodeExpr>
    <PrioExpr><![CDATA[]]></PrioExpr>
    <SvrIdExpr><![CDATA[]]></SvrIdExpr>
    <IFile><![CDATA[]]></IFile>
    <OFile><![CDATA[]]></OFile>
    <RevsInit><![CDATA[]]></RevsInit>
    <RevsSucc><![CDATA[]]></RevsSucc>
    <RevsFail><![CDATA[]]></RevsFail>
    <CompsInit><![CDATA[]]></CompsInit>
    <CompsSucc><![CDATA[]]></CompsSucc>
    <CompsFail><![CDATA[]]></CompsFail>
    <IFmtGrpTab RecNum="0"/>
    <OFmtGrpTab RecNum="0"/>
    <EvtIfmtBegin><![CDATA[]]></EvtIfmtBegin>
    <EvtIfmtEnd><![CDATA[]]></EvtIfmtEnd>
    <EvtOfmtBegin><![CDATA[]]></EvtOfmtBegin>
    <EvtOfmtEnd><![CDATA[]]></EvtOfmtEnd>
    <EvtAcallBegin><![CDATA[]]></EvtAcallBegin>
    <EvtAcallEnd><![CDATA[]]></EvtAcallEnd>
    <EvtReturnBegin><![CDATA[]]></EvtReturnBegin>
    <EvtReturnEnd><![CDATA[]]></EvtReturnEnd>
    <EvtConvsvcBegin><![CDATA[]]></EvtConvsvcBegin>
    <EvtConvsvcEnd><![CDATA[]]></EvtConvsvcEnd>
    <EvtPfileBegin><![CDATA[]]></EvtPfileBegin>
    <EvtPfileEnd><![CDATA[]]></EvtPfileEnd>
    <EvtBfileBegin><![CDATA[]]></EvtBfileBegin>
    <EvtBfileEnd><![CDATA[]]></EvtBfileEnd>
    <EvtSfileBegin><![CDATA[]]></EvtSfileBegin>
    <EvtSfileEnd><![CDATA[]]></EvtSfileEnd>
    <EvtRfileBegin><![CDATA[]]></EvtRfileBegin>
    <EvtRfileEnd><![CDATA[]]></EvtRfileEnd>
  </Service>
  <Service Name="0002"
  		SvcDesc="借记转账签约触发短信"
  		TimeOut="0"
  		IFmt="Fmt_SQRY00020002_IN"
  		OFmt="Fmt_SACCT0021002_OUT"
  		PFile=""
  		BFile=""
  		IElem=""
  		OElem=""
  		Transaction="No"
  		RevsFlag="No"
  		RevsDtaType=""
  		RevsDtaName=""
  		RevsSvcName=""
  		CompsFlag="No"
  		CompsDtaType=""
  		CompsDtaName=""
  		CompsName=""
  		ExtCode=""
  		Prio="3"
  		DestTimeOut="No"
  		RevsSeq="Random"
  		CompsSeq="Random"
  		IsWsdl="no"
  		NameSpace=""
  		NameSpaceNS=""
  		SoapBinding=""
  		IsHavePrefix="">
    <NodeClass Name="未分类"
    		Desc="未分类"/>
    <ExtCodeExpr><![CDATA[]]></ExtCodeExpr>
    <PrioExpr><![CDATA[]]></PrioExpr>
    <SvrIdExpr><![CDATA[]]></SvrIdExpr>
    <IFile><![CDATA[]]></IFile>
    <OFile><![CDATA[]]></OFile>
    <RevsInit><![CDATA[]]></RevsInit>
    <RevsSucc><![CDATA[]]></RevsSucc>
    <RevsFail><![CDATA[]]></RevsFail>
    <CompsInit><![CDATA[]]></CompsInit>
    <CompsSucc><![CDATA[]]></CompsSucc>
    <CompsFail><![CDATA[]]></CompsFail>
    <IFmtGrpTab RecNum="0"/>
    <OFmtGrpTab RecNum="0"/>
    <EvtIfmtBegin><![CDATA[]]></EvtIfmtBegin>
    <EvtIfmtEnd><![CDATA[]]></EvtIfmtEnd>
    <EvtOfmtBegin><![CDATA[]]></EvtOfmtBegin>
    <EvtOfmtEnd><![CDATA[]]></EvtOfmtEnd>
    <EvtAcallBegin><![CDATA[]]></EvtAcallBegin>
    <EvtAcallEnd><![CDATA[]]></EvtAcallEnd>
    <EvtReturnBegin><![CDATA[]]></EvtReturnBegin>
    <EvtReturnEnd><![CDATA[]]></EvtReturnEnd>
    <EvtConvsvcBegin><![CDATA[]]></EvtConvsvcBegin>
    <EvtConvsvcEnd><![CDATA[]]></EvtConvsvcEnd>
    <EvtPfileBegin><![CDATA[]]></EvtPfileBegin>
    <EvtPfileEnd><![CDATA[]]></EvtPfileEnd>
    <EvtBfileBegin><![CDATA[]]></EvtBfileBegin>
    <EvtBfileEnd><![CDATA[]]></EvtBfileEnd>
    <EvtSfileBegin><![CDATA[]]></EvtSfileBegin>
    <EvtSfileEnd><![CDATA[]]></EvtSfileEnd>
    <EvtRfileBegin><![CDATA[]]></EvtRfileBegin>
    <EvtRfileEnd><![CDATA[]]></EvtRfileEnd>
  </Service>
  <Service Name="0003"
  		SvcDesc="直接支付触发短信"
  		TimeOut="0"
  		IFmt="Fmt_SQRY00020003_IN"
  		OFmt="Fmt_SQRY00020003_OUT"
  		PFile=""
  		BFile=""
  		IElem=""
  		OElem=""
  		Transaction="No"
  		RevsFlag="No"
  		RevsDtaType=""
  		RevsDtaName=""
  		RevsSvcName=""
  		CompsFlag="No"
  		CompsDtaType=""
  		CompsDtaName=""
  		CompsName=""
  		ExtCode=""
  		Prio="3"
  		DestTimeOut="No"
  		RevsSeq="Random"
  		CompsSeq="Random"
  		IsWsdl="no"
  		NameSpace=""
  		NameSpaceNS=""
  		SoapBinding=""
  		IsHavePrefix="">
    <NodeClass Name="未分类"
    		Desc="未分类"/>
    <ExtCodeExpr><![CDATA[]]></ExtCodeExpr>
    <PrioExpr><![CDATA[]]></PrioExpr>
    <SvrIdExpr><![CDATA[]]></SvrIdExpr>
    <IFile><![CDATA[]]></IFile>
    <OFile><![CDATA[]]></OFile>
    <RevsInit><![CDATA[]]></RevsInit>
    <RevsSucc><![CDATA[]]></RevsSucc>
    <RevsFail><![CDATA[]]></RevsFail>
    <CompsInit><![CDATA[]]></CompsInit>
    <CompsSucc><![CDATA[]]></CompsSucc>
    <CompsFail><![CDATA[]]></CompsFail>
    <IFmtGrpTab RecNum="0"/>
    <OFmtGrpTab RecNum="0"/>
    <EvtIfmtBegin><![CDATA[]]></EvtIfmtBegin>
    <EvtIfmtEnd><![CDATA[]]></EvtIfmtEnd>
    <EvtOfmtBegin><![CDATA[]]></EvtOfmtBegin>
    <EvtOfmtEnd><![CDATA[]]></EvtOfmtEnd>
    <EvtAcallBegin><![CDATA[]]></EvtAcallBegin>
    <EvtAcallEnd><![CDATA[]]></EvtAcallEnd>
    <EvtReturnBegin><![CDATA[]]></EvtReturnBegin>
    <EvtReturnEnd><![CDATA[]]></EvtReturnEnd>
    <EvtConvsvcBegin><![CDATA[]]></EvtConvsvcBegin>
    <EvtConvsvcEnd><![CDATA[]]></EvtConvsvcEnd>
    <EvtPfileBegin><![CDATA[]]></EvtPfileBegin>
    <EvtPfileEnd><![CDATA[]]></EvtPfileEnd>
    <EvtBfileBegin><![CDATA[]]></EvtBfileBegin>
    <EvtBfileEnd><![CDATA[]]></EvtBfileEnd>
    <EvtSfileBegin><![CDATA[]]></EvtSfileBegin>
    <EvtSfileEnd><![CDATA[]]></EvtSfileEnd>
    <EvtRfileBegin><![CDATA[]]></EvtRfileBegin>
    <EvtRfileEnd><![CDATA[]]></EvtRfileEnd>
  </Service>
  <Service Name="0101"
  		SvcDesc="账户信息验证"
  		TimeOut="0"
  		IFmt="Fmt_SQRY00020101_IN"
  		OFmt="Fmt_SQRY00020101_OUT"
  		PFile=""
  		BFile=""
  		IElem=""
  		OElem=""
  		Transaction="No"
  		RevsFlag="No"
  		RevsDtaType=""
  		RevsDtaName=""
  		RevsSvcName=""
  		CompsFlag="No"
  		CompsDtaType=""
  		CompsDtaName=""
  		CompsName=""
  		ExtCode=""
  		Prio="3"
  		DestTimeOut="No"
  		RevsSeq="Random"
  		CompsSeq="Random"
  		IsWsdl="no"
  		NameSpace=""
  		NameSpaceNS=""
  		SoapBinding=""
  		IsHavePrefix="">
    <NodeClass Name="未分类"
    		Desc="未分类"/>
    <ExtCodeExpr><![CDATA[]]></ExtCodeExpr>
    <PrioExpr><![CDATA[]]></PrioExpr>
    <SvrIdExpr><![CDATA[]]></SvrIdExpr>
    <IFile><![CDATA[]]></IFile>
    <OFile><![CDATA[]]></OFile>
    <RevsInit><![CDATA[]]></RevsInit>
    <RevsSucc><![CDATA[]]></RevsSucc>
    <RevsFail><![CDATA[]]></RevsFail>
    <CompsInit><![CDATA[]]></CompsInit>
    <CompsSucc><![CDATA[]]></CompsSucc>
    <CompsFail><![CDATA[]]></CompsFail>
    <IFmtGrpTab RecNum="0"/>
    <OFmtGrpTab RecNum="0"/>
    <EvtIfmtBegin><![CDATA[]]></EvtIfmtBegin>
    <EvtIfmtEnd><![CDATA[]]></EvtIfmtEnd>
    <EvtOfmtBegin><![CDATA[]]></EvtOfmtBegin>
    <EvtOfmtEnd><![CDATA[]]></EvtOfmtEnd>
    <EvtAcallBegin><![CDATA[]]></EvtAcallBegin>
    <EvtAcallEnd><![CDATA[]]></EvtAcallEnd>
    <EvtReturnBegin><![CDATA[]]></EvtReturnBegin>
    <EvtReturnEnd><![CDATA[]]></EvtReturnEnd>
    <EvtConvsvcBegin><![CDATA[]]></EvtConvsvcBegin>
    <EvtConvsvcEnd><![CDATA[]]></EvtConvsvcEnd>
    <EvtPfileBegin><![CDATA[]]></EvtPfileBegin>
    <EvtPfileEnd><![CDATA[]]></EvtPfileEnd>
    <EvtBfileBegin><![CDATA[]]></EvtBfileBegin>
    <EvtBfileEnd><![CDATA[]]></EvtBfileEnd>
    <EvtSfileBegin><![CDATA[]]></EvtSfileBegin>
    <EvtSfileEnd><![CDATA[]]></EvtSfileEnd>
    <EvtRfileBegin><![CDATA[]]></EvtRfileBegin>
    <EvtRfileEnd><![CDATA[]]></EvtRfileEnd>
  </Service>
  <Service Name="0201"
  		SvcDesc="协议支付签约"
  		TimeOut="0"
  		IFmt="Fmt_SSIGN0020201_IN"
  		OFmt="Fmt_SSIGN0020201_OUT"
  		PFile=""
  		BFile=""
  		IElem=""
  		OElem=""
  		Transaction="No"
  		RevsFlag="No"
  		RevsDtaType=""
  		RevsDtaName=""
  		RevsSvcName=""
  		CompsFlag="No"
  		CompsDtaType=""
  		CompsDtaName=""
  		CompsName=""
  		ExtCode=""
  		Prio="3"
  		DestTimeOut="No"
  		RevsSeq="Random"
  		CompsSeq="Random"
  		IsWsdl="no"
  		NameSpace=""
  		NameSpaceNS=""
  		SoapBinding=""
  		IsHavePrefix="">
    <NodeClass Name="未分类"
    		Desc="未分类"/>
    <ExtCodeExpr><![CDATA[]]></ExtCodeExpr>
    <PrioExpr><![CDATA[]]></PrioExpr>
    <SvrIdExpr><![CDATA[]]></SvrIdExpr>
    <IFile><![CDATA[]]></IFile>
    <OFile><![CDATA[]]></OFile>
    <RevsInit><![CDATA[]]></RevsInit>
    <RevsSucc><![CDATA[]]></RevsSucc>
    <RevsFail><![CDATA[]]></RevsFail>
    <CompsInit><![CDATA[]]></CompsInit>
    <CompsSucc><![CDATA[]]></CompsSucc>
    <CompsFail><![CDATA[]]></CompsFail>
    <IFmtGrpTab RecNum="0"/>
    <OFmtGrpTab RecNum="0"/>
    <EvtIfmtBegin><![CDATA[]]></EvtIfmtBegin>
    <EvtIfmtEnd><![CDATA[]]></EvtIfmtEnd>
    <EvtOfmtBegin><![CDATA[]]></EvtOfmtBegin>
    <EvtOfmtEnd><![CDATA[]]></EvtOfmtEnd>
    <EvtAcallBegin><![CDATA[]]></EvtAcallBegin>
    <EvtAcallEnd><![CDATA[]]></EvtAcallEnd>
    <EvtReturnBegin><![CDATA[]]></EvtReturnBegin>
    <EvtReturnEnd><![CDATA[]]></EvtReturnEnd>
    <EvtConvsvcBegin><![CDATA[]]></EvtConvsvcBegin>
    <EvtConvsvcEnd><![CDATA[]]></EvtConvsvcEnd>
    <EvtPfileBegin><![CDATA[]]></EvtPfileBegin>
    <EvtPfileEnd><![CDATA[]]></EvtPfileEnd>
    <EvtBfileBegin><![CDATA[]]></EvtBfileBegin>
    <EvtBfileEnd><![CDATA[]]></EvtBfileEnd>
    <EvtSfileBegin><![CDATA[]]></EvtSfileBegin>
    <EvtSfileEnd><![CDATA[]]></EvtSfileEnd>
    <EvtRfileBegin><![CDATA[]]></EvtRfileBegin>
    <EvtRfileEnd><![CDATA[]]></EvtRfileEnd>
  </Service>
  <Service Name="0202"
  		SvcDesc="借记转账签约"
  		TimeOut="0"
  		IFmt="Fmt_SSIGN0020202_IN"
  		OFmt="Fmt_SSIGN0020202_OUT"
  		PFile=""
  		BFile=""
  		IElem=""
  		OElem=""
  		Transaction="No"
  		RevsFlag="No"
  		RevsDtaType=""
  		RevsDtaName=""
  		RevsSvcName=""
  		CompsFlag="No"
  		CompsDtaType=""
  		CompsDtaName=""
  		CompsName=""
  		ExtCode=""
  		Prio="3"
  		DestTimeOut="No"
  		RevsSeq="Random"
  		CompsSeq="Random"
  		IsWsdl="no"
  		NameSpace=""
  		NameSpaceNS=""
  		SoapBinding=""
  		IsHavePrefix="">
    <NodeClass Name="未分类"
    		Desc="未分类"/>
    <ExtCodeExpr><![CDATA[]]></ExtCodeExpr>
    <PrioExpr><![CDATA[]]></PrioExpr>
    <SvrIdExpr><![CDATA[]]></SvrIdExpr>
    <IFile><![CDATA[]]></IFile>
    <OFile><![CDATA[]]></OFile>
    <RevsInit><![CDATA[]]></RevsInit>
    <RevsSucc><![CDATA[]]></RevsSucc>
    <RevsFail><![CDATA[]]></RevsFail>
    <CompsInit><![CDATA[]]></CompsInit>
    <CompsSucc><![CDATA[]]></CompsSucc>
    <CompsFail><![CDATA[]]></CompsFail>
    <IFmtGrpTab RecNum="0"/>
    <OFmtGrpTab RecNum="0"/>
    <EvtIfmtBegin><![CDATA[]]></EvtIfmtBegin>
    <EvtIfmtEnd><![CDATA[]]></EvtIfmtEnd>
    <EvtOfmtBegin><![CDATA[]]></EvtOfmtBegin>
    <EvtOfmtEnd><![CDATA[]]></EvtOfmtEnd>
    <EvtAcallBegin><![CDATA[]]></EvtAcallBegin>
    <EvtAcallEnd><![CDATA[]]></EvtAcallEnd>
    <EvtReturnBegin><![CDATA[]]></EvtReturnBegin>
    <EvtReturnEnd><![CDATA[]]></EvtReturnEnd>
    <EvtConvsvcBegin><![CDATA[]]></EvtConvsvcBegin>
    <EvtConvsvcEnd><![CDATA[]]></EvtConvsvcEnd>
    <EvtPfileBegin><![CDATA[]]></EvtPfileBegin>
    <EvtPfileEnd><![CDATA[]]></EvtPfileEnd>
    <EvtBfileBegin><![CDATA[]]></EvtBfileBegin>
    <EvtBfileEnd><![CDATA[]]></EvtBfileEnd>
    <EvtSfileBegin><![CDATA[]]></EvtSfileBegin>
    <EvtSfileEnd><![CDATA[]]></EvtSfileEnd>
    <EvtRfileBegin><![CDATA[]]></EvtRfileBegin>
    <EvtRfileEnd><![CDATA[]]></EvtRfileEnd>
  </Service>
  <Service Name="0301"
  		SvcDesc="协议支付解约"
  		TimeOut="0"
  		IFmt="Fmt_SSIGN0020301_IN"
  		OFmt="Fmt_SSIGN0020301_OUT"
  		PFile=""
  		BFile=""
  		IElem=""
  		OElem=""
  		Transaction="No"
  		RevsFlag="No"
  		RevsDtaType=""
  		RevsDtaName=""
  		RevsSvcName=""
  		CompsFlag="No"
  		CompsDtaType=""
  		CompsDtaName=""
  		CompsName=""
  		ExtCode=""
  		Prio="3"
  		DestTimeOut="No"
  		RevsSeq="Random"
  		CompsSeq="Random"
  		IsWsdl="no"
  		NameSpace=""
  		NameSpaceNS=""
  		SoapBinding=""
  		IsHavePrefix="">
    <NodeClass Name="未分类"
    		Desc="未分类"/>
    <ExtCodeExpr><![CDATA[]]></ExtCodeExpr>
    <PrioExpr><![CDATA[]]></PrioExpr>
    <SvrIdExpr><![CDATA[]]></SvrIdExpr>
    <IFile><![CDATA[]]></IFile>
    <OFile><![CDATA[]]></OFile>
    <RevsInit><![CDATA[]]></RevsInit>
    <RevsSucc><![CDATA[]]></RevsSucc>
    <RevsFail><![CDATA[]]></RevsFail>
    <CompsInit><![CDATA[]]></CompsInit>
    <CompsSucc><![CDATA[]]></CompsSucc>
    <CompsFail><![CDATA[]]></CompsFail>
    <IFmtGrpTab RecNum="0"/>
    <OFmtGrpTab RecNum="0"/>
    <EvtIfmtBegin><![CDATA[]]></EvtIfmtBegin>
    <EvtIfmtEnd><![CDATA[]]></EvtIfmtEnd>
    <EvtOfmtBegin><![CDATA[]]></EvtOfmtBegin>
    <EvtOfmtEnd><![CDATA[]]></EvtOfmtEnd>
    <EvtAcallBegin><![CDATA[]]></EvtAcallBegin>
    <EvtAcallEnd><![CDATA[]]></EvtAcallEnd>
    <EvtReturnBegin><![CDATA[]]></EvtReturnBegin>
    <EvtReturnEnd><![CDATA[]]></EvtReturnEnd>
    <EvtConvsvcBegin><![CDATA[]]></EvtConvsvcBegin>
    <EvtConvsvcEnd><![CDATA[]]></EvtConvsvcEnd>
    <EvtPfileBegin><![CDATA[]]></EvtPfileBegin>
    <EvtPfileEnd><![CDATA[]]></EvtPfileEnd>
    <EvtBfileBegin><![CDATA[]]></EvtBfileBegin>
    <EvtBfileEnd><![CDATA[]]></EvtBfileEnd>
    <EvtSfileBegin><![CDATA[]]></EvtSfileBegin>
    <EvtSfileEnd><![CDATA[]]></EvtSfileEnd>
    <EvtRfileBegin><![CDATA[]]></EvtRfileBegin>
    <EvtRfileEnd><![CDATA[]]></EvtRfileEnd>
  </Service>
  <Service Name="0302"
  		SvcDesc="借记转账解约"
  		TimeOut="0"
  		IFmt="Fmt_SSIGN0020302_IN"
  		OFmt="Fmt_SSIGN0020302_OUT"
  		PFile=""
  		BFile=""
  		IElem=""
  		OElem=""
  		Transaction="No"
  		RevsFlag="No"
  		RevsDtaType=""
  		RevsDtaName=""
  		RevsSvcName=""
  		CompsFlag="No"
  		CompsDtaType=""
  		CompsDtaName=""
  		CompsName=""
  		ExtCode=""
  		Prio="3"
  		DestTimeOut="No"
  		RevsSeq="Random"
  		CompsSeq="Random"
  		IsWsdl="no"
  		NameSpace=""
  		NameSpaceNS=""
  		SoapBinding=""
  		IsHavePrefix="">
    <NodeClass Name="未分类"
    		Desc="未分类"/>
    <ExtCodeExpr><![CDATA[]]></ExtCodeExpr>
    <PrioExpr><![CDATA[]]></PrioExpr>
    <SvrIdExpr><![CDATA[]]></SvrIdExpr>
    <IFile><![CDATA[]]></IFile>
    <OFile><![CDATA[]]></OFile>
    <RevsInit><![CDATA[]]></RevsInit>
    <RevsSucc><![CDATA[]]></RevsSucc>
    <RevsFail><![CDATA[]]></RevsFail>
    <CompsInit><![CDATA[]]></CompsInit>
    <CompsSucc><![CDATA[]]></CompsSucc>
    <CompsFail><![CDATA[]]></CompsFail>
    <IFmtGrpTab RecNum="0"/>
    <OFmtGrpTab RecNum="0"/>
    <EvtIfmtBegin><![CDATA[]]></EvtIfmtBegin>
    <EvtIfmtEnd><![CDATA[]]></EvtIfmtEnd>
    <EvtOfmtBegin><![CDATA[]]></EvtOfmtBegin>
    <EvtOfmtEnd><![CDATA[]]></EvtOfmtEnd>
    <EvtAcallBegin><![CDATA[]]></EvtAcallBegin>
    <EvtAcallEnd><![CDATA[]]></EvtAcallEnd>
    <EvtReturnBegin><![CDATA[]]></EvtReturnBegin>
    <EvtReturnEnd><![CDATA[]]></EvtReturnEnd>
    <EvtConvsvcBegin><![CDATA[]]></EvtConvsvcBegin>
    <EvtConvsvcEnd><![CDATA[]]></EvtConvsvcEnd>
    <EvtPfileBegin><![CDATA[]]></EvtPfileBegin>
    <EvtPfileEnd><![CDATA[]]></EvtPfileEnd>
    <EvtBfileBegin><![CDATA[]]></EvtBfileBegin>
    <EvtBfileEnd><![CDATA[]]></EvtBfileEnd>
    <EvtSfileBegin><![CDATA[]]></EvtSfileBegin>
    <EvtSfileEnd><![CDATA[]]></EvtSfileEnd>
    <EvtRfileBegin><![CDATA[]]></EvtRfileBegin>
    <EvtRfileEnd><![CDATA[]]></EvtRfileEnd>
  </Service>
  <Service Name="0401"
  		SvcDesc="余额查询"
  		TimeOut="0"
  		IFmt="Fmt_SQRY00020401_IN"
  		OFmt="Fmt_SQRY00020401_OUT"
  		PFile=""
  		BFile=""
  		IElem=""
  		OElem=""
  		Transaction="No"
  		RevsFlag="No"
  		RevsDtaType=""
  		RevsDtaName=""
  		RevsSvcName=""
  		CompsFlag="No"
  		CompsDtaType=""
  		CompsDtaName=""
  		CompsName=""
  		ExtCode=""
  		Prio="3"
  		DestTimeOut="No"
  		RevsSeq="Random"
  		CompsSeq="Random"
  		IsWsdl="no"
  		NameSpace=""
  		NameSpaceNS=""
  		SoapBinding=""
  		IsHavePrefix="">
    <NodeClass Name="未分类"
    		Desc="未分类"/>
    <ExtCodeExpr><![CDATA[]]></ExtCodeExpr>
    <PrioExpr><![CDATA[]]></PrioExpr>
    <SvrIdExpr><![CDATA[]]></SvrIdExpr>
    <IFile><![CDATA[]]></IFile>
    <OFile><![CDATA[]]></OFile>
    <RevsInit><![CDATA[]]></RevsInit>
    <RevsSucc><![CDATA[]]></RevsSucc>
    <RevsFail><![CDATA[]]></RevsFail>
    <CompsInit><![CDATA[]]></CompsInit>
    <CompsSucc><![CDATA[]]></CompsSucc>
    <CompsFail><![CDATA[]]></CompsFail>
    <IFmtGrpTab RecNum="0"/>
    <OFmtGrpTab RecNum="0"/>
    <EvtIfmtBegin><![CDATA[]]></EvtIfmtBegin>
    <EvtIfmtEnd><![CDATA[]]></EvtIfmtEnd>
    <EvtOfmtBegin><![CDATA[]]></EvtOfmtBegin>
    <EvtOfmtEnd><![CDATA[]]></EvtOfmtEnd>
    <EvtAcallBegin><![CDATA[]]></EvtAcallBegin>
    <EvtAcallEnd><![CDATA[]]></EvtAcallEnd>
    <EvtReturnBegin><![CDATA[]]></EvtReturnBegin>
    <EvtReturnEnd><![CDATA[]]></EvtReturnEnd>
    <EvtConvsvcBegin><![CDATA[]]></EvtConvsvcBegin>
    <EvtConvsvcEnd><![CDATA[]]></EvtConvsvcEnd>
    <EvtPfileBegin><![CDATA[]]></EvtPfileBegin>
    <EvtPfileEnd><![CDATA[]]></EvtPfileEnd>
    <EvtBfileBegin><![CDATA[]]></EvtBfileBegin>
    <EvtBfileEnd><![CDATA[]]></EvtBfileEnd>
    <EvtSfileBegin><![CDATA[]]></EvtSfileBegin>
    <EvtSfileEnd><![CDATA[]]></EvtSfileEnd>
    <EvtRfileBegin><![CDATA[]]></EvtRfileBegin>
    <EvtRfileEnd><![CDATA[]]></EvtRfileEnd>
  </Service>
  <Service Name="1001"
  		SvcDesc="协议支付"
  		TimeOut="0"
  		IFmt="Fmt_SACCT0021001_IN"
  		OFmt="Fmt_SACCT0021001_OUT"
  		PFile=""
  		BFile=""
  		IElem=""
  		OElem=""
  		Transaction="No"
  		RevsFlag="No"
  		RevsDtaType=""
  		RevsDtaName=""
  		RevsSvcName=""
  		CompsFlag="No"
  		CompsDtaType=""
  		CompsDtaName=""
  		CompsName=""
  		ExtCode=""
  		Prio="3"
  		DestTimeOut="No"
  		RevsSeq="Random"
  		CompsSeq="Random"
  		IsWsdl="no"
  		NameSpace=""
  		NameSpaceNS=""
  		SoapBinding=""
  		IsHavePrefix="">
    <NodeClass Name="未分类"
    		Desc="未分类"/>
    <ExtCodeExpr><![CDATA[]]></ExtCodeExpr>
    <PrioExpr><![CDATA[]]></PrioExpr>
    <SvrIdExpr><![CDATA[]]></SvrIdExpr>
    <IFile><![CDATA[]]></IFile>
    <OFile><![CDATA[]]></OFile>
    <RevsInit><![CDATA[]]></RevsInit>
    <RevsSucc><![CDATA[]]></RevsSucc>
    <RevsFail><![CDATA[]]></RevsFail>
    <CompsInit><![CDATA[]]></CompsInit>
    <CompsSucc><![CDATA[]]></CompsSucc>
    <CompsFail><![CDATA[]]></CompsFail>
    <IFmtGrpTab RecNum="0"/>
    <OFmtGrpTab RecNum="0"/>
    <EvtIfmtBegin><![CDATA[]]></EvtIfmtBegin>
    <EvtIfmtEnd><![CDATA[]]></EvtIfmtEnd>
    <EvtOfmtBegin><![CDATA[]]></EvtOfmtBegin>
    <EvtOfmtEnd><![CDATA[]]></EvtOfmtEnd>
    <EvtAcallBegin><![CDATA[]]></EvtAcallBegin>
    <EvtAcallEnd><![CDATA[]]></EvtAcallEnd>
    <EvtReturnBegin><![CDATA[]]></EvtReturnBegin>
    <EvtReturnEnd><![CDATA[]]></EvtReturnEnd>
    <EvtConvsvcBegin><![CDATA[]]></EvtConvsvcBegin>
    <EvtConvsvcEnd><![CDATA[]]></EvtConvsvcEnd>
    <EvtPfileBegin><![CDATA[]]></EvtPfileBegin>
    <EvtPfileEnd><![CDATA[]]></EvtPfileEnd>
    <EvtBfileBegin><![CDATA[]]></EvtBfileBegin>
    <EvtBfileEnd><![CDATA[]]></EvtBfileEnd>
    <EvtSfileBegin><![CDATA[]]></EvtSfileBegin>
    <EvtSfileEnd><![CDATA[]]></EvtSfileEnd>
    <EvtRfileBegin><![CDATA[]]></EvtRfileBegin>
    <EvtRfileEnd><![CDATA[]]></EvtRfileEnd>
  </Service>
  <Service Name="1002"
  		SvcDesc="直接支付"
  		TimeOut="0"
  		IFmt="Fmt_SACCT0021002_IN"
  		OFmt="Fmt_SACCT0021002_OUT"
  		PFile=""
  		BFile=""
  		IElem=""
  		OElem=""
  		Transaction="No"
  		RevsFlag="No"
  		RevsDtaType=""
  		RevsDtaName=""
  		RevsSvcName=""
  		CompsFlag="No"
  		CompsDtaType=""
  		CompsDtaName=""
  		CompsName=""
  		ExtCode=""
  		Prio="3"
  		DestTimeOut="No"
  		RevsSeq="Random"
  		CompsSeq="Random"
  		IsWsdl="no"
  		NameSpace=""
  		NameSpaceNS=""
  		SoapBinding=""
  		IsHavePrefix="">
    <NodeClass Name="未分类"
    		Desc="未分类"/>
    <ExtCodeExpr><![CDATA[]]></ExtCodeExpr>
    <PrioExpr><![CDATA[]]></PrioExpr>
    <SvrIdExpr><![CDATA[]]></SvrIdExpr>
    <IFile><![CDATA[]]></IFile>
    <OFile><![CDATA[]]></OFile>
    <RevsInit><![CDATA[]]></RevsInit>
    <RevsSucc><![CDATA[]]></RevsSucc>
    <RevsFail><![CDATA[]]></RevsFail>
    <CompsInit><![CDATA[]]></CompsInit>
    <CompsSucc><![CDATA[]]></CompsSucc>
    <CompsFail><![CDATA[]]></CompsFail>
    <IFmtGrpTab RecNum="0"/>
    <OFmtGrpTab RecNum="0"/>
    <EvtIfmtBegin><![CDATA[]]></EvtIfmtBegin>
    <EvtIfmtEnd><![CDATA[]]></EvtIfmtEnd>
    <EvtOfmtBegin><![CDATA[]]></EvtOfmtBegin>
    <EvtOfmtEnd><![CDATA[]]></EvtOfmtEnd>
    <EvtAcallBegin><![CDATA[]]></EvtAcallBegin>
    <EvtAcallEnd><![CDATA[]]></EvtAcallEnd>
    <EvtReturnBegin><![CDATA[]]></EvtReturnBegin>
    <EvtReturnEnd><![CDATA[]]></EvtReturnEnd>
    <EvtConvsvcBegin><![CDATA[]]></EvtConvsvcBegin>
    <EvtConvsvcEnd><![CDATA[]]></EvtConvsvcEnd>
    <EvtPfileBegin><![CDATA[]]></EvtPfileBegin>
    <EvtPfileEnd><![CDATA[]]></EvtPfileEnd>
    <EvtBfileBegin><![CDATA[]]></EvtBfileBegin>
    <EvtBfileEnd><![CDATA[]]></EvtBfileEnd>
    <EvtSfileBegin><![CDATA[]]></EvtSfileBegin>
    <EvtSfileEnd><![CDATA[]]></EvtSfileEnd>
    <EvtRfileBegin><![CDATA[]]></EvtRfileBegin>
    <EvtRfileEnd><![CDATA[]]></EvtRfileEnd>
  </Service>
  <Service Name="1003"
  		SvcDesc="借记转账"
  		TimeOut="0"
  		IFmt="Fmt_SACCT0021003_IN"
  		OFmt="Fmt_SACCT0021003_OUT"
  		PFile=""
  		BFile=""
  		IElem=""
  		OElem=""
  		Transaction="No"
  		RevsFlag="No"
  		RevsDtaType=""
  		RevsDtaName=""
  		RevsSvcName=""
  		CompsFlag="No"
  		CompsDtaType=""
  		CompsDtaName=""
  		CompsName=""
  		ExtCode=""
  		Prio="3"
  		DestTimeOut="No"
  		RevsSeq="Random"
  		CompsSeq="Random"
  		IsWsdl="no"
  		NameSpace=""
  		NameSpaceNS=""
  		SoapBinding=""
  		IsHavePrefix="">
    <NodeClass Name="未分类"
    		Desc="未分类"/>
    <ExtCodeExpr><![CDATA[]]></ExtCodeExpr>
    <PrioExpr><![CDATA[]]></PrioExpr>
    <SvrIdExpr><![CDATA[]]></SvrIdExpr>
    <IFile><![CDATA[]]></IFile>
    <OFile><![CDATA[]]></OFile>
    <RevsInit><![CDATA[]]></RevsInit>
    <RevsSucc><![CDATA[]]></RevsSucc>
    <RevsFail><![CDATA[]]></RevsFail>
    <CompsInit><![CDATA[]]></CompsInit>
    <CompsSucc><![CDATA[]]></CompsSucc>
    <CompsFail><![CDATA[]]></CompsFail>
    <IFmtGrpTab RecNum="0"/>
    <OFmtGrpTab RecNum="0"/>
    <EvtIfmtBegin><![CDATA[]]></EvtIfmtBegin>
    <EvtIfmtEnd><![CDATA[]]></EvtIfmtEnd>
    <EvtOfmtBegin><![CDATA[]]></EvtOfmtBegin>
    <EvtOfmtEnd><![CDATA[]]></EvtOfmtEnd>
    <EvtAcallBegin><![CDATA[]]></EvtAcallBegin>
    <EvtAcallEnd><![CDATA[]]></EvtAcallEnd>
    <EvtReturnBegin><![CDATA[]]></EvtReturnBegin>
    <EvtReturnEnd><![CDATA[]]></EvtReturnEnd>
    <EvtConvsvcBegin><![CDATA[]]></EvtConvsvcBegin>
    <EvtConvsvcEnd><![CDATA[]]></EvtConvsvcEnd>
    <EvtPfileBegin><![CDATA[]]></EvtPfileBegin>
    <EvtPfileEnd><![CDATA[]]></EvtPfileEnd>
    <EvtBfileBegin><![CDATA[]]></EvtBfileBegin>
    <EvtBfileEnd><![CDATA[]]></EvtBfileEnd>
    <EvtSfileBegin><![CDATA[]]></EvtSfileBegin>
    <EvtSfileEnd><![CDATA[]]></EvtSfileEnd>
    <EvtRfileBegin><![CDATA[]]></EvtRfileBegin>
    <EvtRfileEnd><![CDATA[]]></EvtRfileEnd>
  </Service>
  <Service Name="1101"
  		SvcDesc="退款"
  		TimeOut="0"
  		IFmt="Fmt_SACCT0021101_IN"
  		OFmt="Fmt_SACCT0021101_OUT"
  		PFile=""
  		BFile=""
  		IElem=""
  		OElem=""
  		Transaction="No"
  		RevsFlag="No"
  		RevsDtaType=""
  		RevsDtaName=""
  		RevsSvcName=""
  		CompsFlag="No"
  		CompsDtaType=""
  		CompsDtaName=""
  		CompsName=""
  		ExtCode=""
  		Prio="3"
  		DestTimeOut="No"
  		RevsSeq="Random"
  		CompsSeq="Random"
  		IsWsdl="no"
  		NameSpace=""
  		NameSpaceNS=""
  		SoapBinding=""
  		IsHavePrefix="">
    <NodeClass Name="未分类"
    		Desc="未分类"/>
    <ExtCodeExpr><![CDATA[]]></ExtCodeExpr>
    <PrioExpr><![CDATA[]]></PrioExpr>
    <SvrIdExpr><![CDATA[]]></SvrIdExpr>
    <IFile><![CDATA[]]></IFile>
    <OFile><![CDATA[]]></OFile>
    <RevsInit><![CDATA[]]></RevsInit>
    <RevsSucc><![CDATA[]]></RevsSucc>
    <RevsFail><![CDATA[]]></RevsFail>
    <CompsInit><![CDATA[]]></CompsInit>
    <CompsSucc><![CDATA[]]></CompsSucc>
    <CompsFail><![CDATA[]]></CompsFail>
    <IFmtGrpTab RecNum="0"/>
    <OFmtGrpTab RecNum="0"/>
    <EvtIfmtBegin><![CDATA[]]></EvtIfmtBegin>
    <EvtIfmtEnd><![CDATA[]]></EvtIfmtEnd>
    <EvtOfmtBegin><![CDATA[]]></EvtOfmtBegin>
    <EvtOfmtEnd><![CDATA[]]></EvtOfmtEnd>
    <EvtAcallBegin><![CDATA[]]></EvtAcallBegin>
    <EvtAcallEnd><![CDATA[]]></EvtAcallEnd>
    <EvtReturnBegin><![CDATA[]]></EvtReturnBegin>
    <EvtReturnEnd><![CDATA[]]></EvtReturnEnd>
    <EvtConvsvcBegin><![CDATA[]]></EvtConvsvcBegin>
    <EvtConvsvcEnd><![CDATA[]]></EvtConvsvcEnd>
    <EvtPfileBegin><![CDATA[]]></EvtPfileBegin>
    <EvtPfileEnd><![CDATA[]]></EvtPfileEnd>
    <EvtBfileBegin><![CDATA[]]></EvtBfileBegin>
    <EvtBfileEnd><![CDATA[]]></EvtBfileEnd>
    <EvtSfileBegin><![CDATA[]]></EvtSfileBegin>
    <EvtSfileEnd><![CDATA[]]></EvtSfileEnd>
    <EvtRfileBegin><![CDATA[]]></EvtRfileBegin>
    <EvtRfileEnd><![CDATA[]]></EvtRfileEnd>
  </Service>
  <Service Name="2001"
  		SvcDesc="贷记付款"
  		TimeOut="0"
  		IFmt="Fmt_SACCT0022001_IN"
  		OFmt="Fmt_SACCT0022001_OUT"
  		PFile=""
  		BFile=""
  		IElem=""
  		OElem=""
  		Transaction="No"
  		RevsFlag="No"
  		RevsDtaType=""
  		RevsDtaName=""
  		RevsSvcName=""
  		CompsFlag="No"
  		CompsDtaType=""
  		CompsDtaName=""
  		CompsName=""
  		ExtCode=""
  		Prio="3"
  		DestTimeOut="No"
  		RevsSeq="Random"
  		CompsSeq="Random"
  		IsWsdl="no"
  		NameSpace=""
  		NameSpaceNS=""
  		SoapBinding=""
  		IsHavePrefix="">
    <NodeClass Name="未分类"
    		Desc="未分类"/>
    <ExtCodeExpr><![CDATA[]]></ExtCodeExpr>
    <PrioExpr><![CDATA[]]></PrioExpr>
    <SvrIdExpr><![CDATA[]]></SvrIdExpr>
    <IFile><![CDATA[]]></IFile>
    <OFile><![CDATA[]]></OFile>
    <RevsInit><![CDATA[]]></RevsInit>
    <RevsSucc><![CDATA[]]></RevsSucc>
    <RevsFail><![CDATA[]]></RevsFail>
    <CompsInit><![CDATA[]]></CompsInit>
    <CompsSucc><![CDATA[]]></CompsSucc>
    <CompsFail><![CDATA[]]></CompsFail>
    <IFmtGrpTab RecNum="0"/>
    <OFmtGrpTab RecNum="0"/>
    <EvtIfmtBegin><![CDATA[]]></EvtIfmtBegin>
    <EvtIfmtEnd><![CDATA[]]></EvtIfmtEnd>
    <EvtOfmtBegin><![CDATA[]]></EvtOfmtBegin>
    <EvtOfmtEnd><![CDATA[]]></EvtOfmtEnd>
    <EvtAcallBegin><![CDATA[]]></EvtAcallBegin>
    <EvtAcallEnd><![CDATA[]]></EvtAcallEnd>
    <EvtReturnBegin><![CDATA[]]></EvtReturnBegin>
    <EvtReturnEnd><![CDATA[]]></EvtReturnEnd>
    <EvtConvsvcBegin><![CDATA[]]></EvtConvsvcBegin>
    <EvtConvsvcEnd><![CDATA[]]></EvtConvsvcEnd>
    <EvtPfileBegin><![CDATA[]]></EvtPfileBegin>
    <EvtPfileEnd><![CDATA[]]></EvtPfileEnd>
    <EvtBfileBegin><![CDATA[]]></EvtBfileBegin>
    <EvtBfileEnd><![CDATA[]]></EvtBfileEnd>
    <EvtSfileBegin><![CDATA[]]></EvtSfileBegin>
    <EvtSfileEnd><![CDATA[]]></EvtSfileEnd>
    <EvtRfileBegin><![CDATA[]]></EvtRfileBegin>
    <EvtRfileEnd><![CDATA[]]></EvtRfileEnd>
  </Service>
  <Service Name="3001"
  		SvcDesc="入账通知"
  		TimeOut="0"
  		IFmt="Fmt_SQRY00023001_IN"
  		OFmt="Fmt_SQRY00023001_OUT"
  		PFile=""
  		BFile=""
  		IElem=""
  		OElem=""
  		Transaction="No"
  		RevsFlag="No"
  		RevsDtaType=""
  		RevsDtaName=""
  		RevsSvcName=""
  		CompsFlag="No"
  		CompsDtaType=""
  		CompsDtaName=""
  		CompsName=""
  		ExtCode=""
  		Prio="3"
  		DestTimeOut="No"
  		RevsSeq="Random"
  		CompsSeq="Random"
  		IsWsdl="no"
  		NameSpace=""
  		NameSpaceNS=""
  		SoapBinding=""
  		IsHavePrefix="">
    <NodeClass Name="未分类"
    		Desc="未分类"/>
    <ExtCodeExpr><![CDATA[]]></ExtCodeExpr>
    <PrioExpr><![CDATA[]]></PrioExpr>
    <SvrIdExpr><![CDATA[]]></SvrIdExpr>
    <IFile><![CDATA[]]></IFile>
    <OFile><![CDATA[]]></OFile>
    <RevsInit><![CDATA[]]></RevsInit>
    <RevsSucc><![CDATA[]]></RevsSucc>
    <RevsFail><![CDATA[]]></RevsFail>
    <CompsInit><![CDATA[]]></CompsInit>
    <CompsSucc><![CDATA[]]></CompsSucc>
    <CompsFail><![CDATA[]]></CompsFail>
    <IFmtGrpTab RecNum="0"/>
    <OFmtGrpTab RecNum="0"/>
    <EvtIfmtBegin><![CDATA[]]></EvtIfmtBegin>
    <EvtIfmtEnd><![CDATA[]]></EvtIfmtEnd>
    <EvtOfmtBegin><![CDATA[]]></EvtOfmtBegin>
    <EvtOfmtEnd><![CDATA[]]></EvtOfmtEnd>
    <EvtAcallBegin><![CDATA[]]></EvtAcallBegin>
    <EvtAcallEnd><![CDATA[]]></EvtAcallEnd>
    <EvtReturnBegin><![CDATA[]]></EvtReturnBegin>
    <EvtReturnEnd><![CDATA[]]></EvtReturnEnd>
    <EvtConvsvcBegin><![CDATA[]]></EvtConvsvcBegin>
    <EvtConvsvcEnd><![CDATA[]]></EvtConvsvcEnd>
    <EvtPfileBegin><![CDATA[]]></EvtPfileBegin>
    <EvtPfileEnd><![CDATA[]]></EvtPfileEnd>
    <EvtBfileBegin><![CDATA[]]></EvtBfileBegin>
    <EvtBfileEnd><![CDATA[]]></EvtBfileEnd>
    <EvtSfileBegin><![CDATA[]]></EvtSfileBegin>
    <EvtSfileEnd><![CDATA[]]></EvtSfileEnd>
    <EvtRfileBegin><![CDATA[]]></EvtRfileBegin>
    <EvtRfileEnd><![CDATA[]]></EvtRfileEnd>
  </Service>
  <Service Name="3002"
  		SvcDesc="交易终态通知"
  		TimeOut="0"
  		IFmt="Fmt_SQRY00023002_IN"
  		OFmt="Fmt_SQRY00023002_OUT"
  		PFile=""
  		BFile=""
  		IElem=""
  		OElem=""
  		Transaction="No"
  		RevsFlag="No"
  		RevsDtaType=""
  		RevsDtaName=""
  		RevsSvcName=""
  		CompsFlag="No"
  		CompsDtaType=""
  		CompsDtaName=""
  		CompsName=""
  		ExtCode=""
  		Prio="3"
  		DestTimeOut="No"
  		RevsSeq="Random"
  		CompsSeq="Random"
  		IsWsdl="no"
  		NameSpace=""
  		NameSpaceNS=""
  		SoapBinding=""
  		IsHavePrefix="">
    <NodeClass Name="未分类"
    		Desc="未分类"/>
    <ExtCodeExpr><![CDATA[]]></ExtCodeExpr>
    <PrioExpr><![CDATA[]]></PrioExpr>
    <SvrIdExpr><![CDATA[]]></SvrIdExpr>
    <IFile><![CDATA[]]></IFile>
    <OFile><![CDATA[]]></OFile>
    <RevsInit><![CDATA[]]></RevsInit>
    <RevsSucc><![CDATA[]]></RevsSucc>
    <RevsFail><![CDATA[]]></RevsFail>
    <CompsInit><![CDATA[]]></CompsInit>
    <CompsSucc><![CDATA[]]></CompsSucc>
    <CompsFail><![CDATA[]]></CompsFail>
    <IFmtGrpTab RecNum="0"/>
    <OFmtGrpTab RecNum="0"/>
    <EvtIfmtBegin><![CDATA[]]></EvtIfmtBegin>
    <EvtIfmtEnd><![CDATA[]]></EvtIfmtEnd>
    <EvtOfmtBegin><![CDATA[]]></EvtOfmtBegin>
    <EvtOfmtEnd><![CDATA[]]></EvtOfmtEnd>
    <EvtAcallBegin><![CDATA[]]></EvtAcallBegin>
    <EvtAcallEnd><![CDATA[]]></EvtAcallEnd>
    <EvtReturnBegin><![CDATA[]]></EvtReturnBegin>
    <EvtReturnEnd><![CDATA[]]></EvtReturnEnd>
    <EvtConvsvcBegin><![CDATA[]]></EvtConvsvcBegin>
    <EvtConvsvcEnd><![CDATA[]]></EvtConvsvcEnd>
    <EvtPfileBegin><![CDATA[]]></EvtPfileBegin>
    <EvtPfileEnd><![CDATA[]]></EvtPfileEnd>
    <EvtBfileBegin><![CDATA[]]></EvtBfileBegin>
    <EvtBfileEnd><![CDATA[]]></EvtBfileEnd>
    <EvtSfileBegin><![CDATA[]]></EvtSfileBegin>
    <EvtSfileEnd><![CDATA[]]></EvtSfileEnd>
    <EvtRfileBegin><![CDATA[]]></EvtRfileBegin>
    <EvtRfileEnd><![CDATA[]]></EvtRfileEnd>
  </Service>
  <Service Name="3101"
  		SvcDesc="交易状态及信息查询"
  		TimeOut="0"
  		IFmt="Fmt_SQRY00023101_IN"
  		OFmt="Fmt_SQRY00023101_OUT"
  		PFile=""
  		BFile=""
  		IElem=""
  		OElem=""
  		Transaction="No"
  		RevsFlag="No"
  		RevsDtaType=""
  		RevsDtaName=""
  		RevsSvcName=""
  		CompsFlag="No"
  		CompsDtaType=""
  		CompsDtaName=""
  		CompsName=""
  		ExtCode=""
  		Prio="3"
  		DestTimeOut="No"
  		RevsSeq="Random"
  		CompsSeq="Random"
  		IsWsdl="no"
  		NameSpace=""
  		NameSpaceNS=""
  		SoapBinding=""
  		IsHavePrefix="">
    <NodeClass Name="未分类"
    		Desc="未分类"/>
    <ExtCodeExpr><![CDATA[]]></ExtCodeExpr>
    <PrioExpr><![CDATA[]]></PrioExpr>
    <SvrIdExpr><![CDATA[]]></SvrIdExpr>
    <IFile><![CDATA[]]></IFile>
    <OFile><![CDATA[]]></OFile>
    <RevsInit><![CDATA[]]></RevsInit>
    <RevsSucc><![CDATA[]]></RevsSucc>
    <RevsFail><![CDATA[]]></RevsFail>
    <CompsInit><![CDATA[]]></CompsInit>
    <CompsSucc><![CDATA[]]></CompsSucc>
    <CompsFail><![CDATA[]]></CompsFail>
    <IFmtGrpTab RecNum="0"/>
    <OFmtGrpTab RecNum="0"/>
    <EvtIfmtBegin><![CDATA[]]></EvtIfmtBegin>
    <EvtIfmtEnd><![CDATA[]]></EvtIfmtEnd>
    <EvtOfmtBegin><![CDATA[]]></EvtOfmtBegin>
    <EvtOfmtEnd><![CDATA[]]></EvtOfmtEnd>
    <EvtAcallBegin><![CDATA[]]></EvtAcallBegin>
    <EvtAcallEnd><![CDATA[]]></EvtAcallEnd>
    <EvtReturnBegin><![CDATA[]]></EvtReturnBegin>
    <EvtReturnEnd><![CDATA[]]></EvtReturnEnd>
    <EvtConvsvcBegin><![CDATA[]]></EvtConvsvcBegin>
    <EvtConvsvcEnd><![CDATA[]]></EvtConvsvcEnd>
    <EvtPfileBegin><![CDATA[]]></EvtPfileBegin>
    <EvtPfileEnd><![CDATA[]]></EvtPfileEnd>
    <EvtBfileBegin><![CDATA[]]></EvtBfileBegin>
    <EvtBfileEnd><![CDATA[]]></EvtBfileEnd>
    <EvtSfileBegin><![CDATA[]]></EvtSfileBegin>
    <EvtSfileEnd><![CDATA[]]></EvtSfileEnd>
    <EvtRfileBegin><![CDATA[]]></EvtRfileBegin>
    <EvtRfileEnd><![CDATA[]]></EvtRfileEnd>
  </Service>
</ServiceTab>
