<?xml version="1.0" encoding="UTF-8"?>

<ServiceDefineTab RecNum="17">
  <ServiceDefine Name="0001"
  		Desc="协议支付签约触发短信"/>
  <ServiceDefine Name="0002"
  		Desc="借记转账签约触发短信"/>
  <ServiceDefine Name="0003"
  		Desc="直接支付触发短信"/>
  <ServiceDefine Name="0101"
  		Desc="账户信息验证"/>
  <ServiceDefine Name="0201"
  		Desc="协议支付签约"/>
  <ServiceDefine Name="0202"
  		Desc="借记转账签约"/>
  <ServiceDefine Name="0301"
  		Desc="协议支付解约"/>
  <ServiceDefine Name="0302"
  		Desc="借记转账解约"/>
  <ServiceDefine Name="0401"
  		Desc="余额查询"/>
  <ServiceDefine Name="1001"
  		Desc="协议支付"/>
  <ServiceDefine Name="1002"
  		Desc="直接支付"/>
  <ServiceDefine Name="1003"
  		Desc="借记转账"/>
  <ServiceDefine Name="1101"
  		Desc="退款"/>
  <ServiceDefine Name="2001"
  		Desc="贷记付款"/>
  <ServiceDefine Name="3001"
  		Desc="入账通知"/>
  <ServiceDefine Name="3002"
  		Desc="交易终态通知"/>
  <ServiceDefine Name="3101"
  		Desc="交易状态及信息查询"/>
</ServiceDefineTab>
