<?xml version="1.0" encoding="UTF-8"?>

<SvcDependTab SrcType="B"
		SrcName="CUP_SVR">
  <SvcDepend SrcSvcName="0001">
    <ItemList>
      <Item DestType="C"
      		DestName="QRY"
      		SvcName="SQRY00020001"/>
    </ItemList>
  </SvcDepend>
  <SvcDepend SrcSvcName="0002">
    <ItemList>
      <Item DestType="C"
      		DestName="QRY"
      		SvcName="SQRY00020002"/>
    </ItemList>
  </SvcDepend>
  <SvcDepend SrcSvcName="0003">
    <ItemList>
      <Item DestType="C"
      		DestName="QRY"
      		SvcName="SQRY00020003"/>
    </ItemList>
  </SvcDepend>
  <SvcDepend SrcSvcName="0101">
    <ItemList>
      <Item DestType="C"
      		DestName="QRY"
      		SvcName="SQRY00020101"/>
    </ItemList>
  </SvcDepend>
  <SvcDepend SrcSvcName="0201">
    <ItemList>
      <Item DestType="C"
      		DestName="SIGN"
      		SvcName="SSIGN0020201"/>
    </ItemList>
  </SvcDepend>
  <SvcDepend SrcSvcName="0202">
    <ItemList>
      <Item DestType="C"
      		DestName="SIGN"
      		SvcName="SSIGN0020202"/>
    </ItemList>
  </SvcDepend>
  <SvcDepend SrcSvcName="0301">
    <ItemList>
      <Item DestType="C"
      		DestName="SIGN"
      		SvcName="SSIGN0020301"/>
    </ItemList>
  </SvcDepend>
  <SvcDepend SrcSvcName="0302">
    <ItemList>
      <Item DestType="C"
      		DestName="SIGN"
      		SvcName="SSIGN0020302"/>
    </ItemList>
  </SvcDepend>
  <SvcDepend SrcSvcName="0401">
    <ItemList>
      <Item DestType="C"
      		DestName="QRY"
      		SvcName="SQRY00020401"/>
    </ItemList>
  </SvcDepend>
  <SvcDepend SrcSvcName="1001">
    <ItemList>
      <Item DestType="C"
      		DestName="ACCT"
      		SvcName="SACCT0021001"/>
    </ItemList>
  </SvcDepend>
  <SvcDepend SrcSvcName="1002">
    <ItemList>
      <Item DestType="C"
      		DestName="ACCT"
      		SvcName="SACCT0021002"/>
    </ItemList>
  </SvcDepend>
  <SvcDepend SrcSvcName="1003">
    <ItemList>
      <Item DestType="C"
      		DestName="ACCT"
      		SvcName="SACCT0021003"/>
    </ItemList>
  </SvcDepend>
  <SvcDepend SrcSvcName="1101">
    <ItemList>
      <Item DestType="C"
      		DestName="ACCT"
      		SvcName="SACCT0021101"/>
    </ItemList>
  </SvcDepend>
  <SvcDepend SrcSvcName="2001">
    <ItemList>
      <Item DestType="C"
      		DestName="ACCT"
      		SvcName="SACCT0022001"/>
    </ItemList>
  </SvcDepend>
  <SvcDepend SrcSvcName="3001">
    <ItemList>
      <Item DestType="C"
      		DestName="QRY"
      		SvcName="SQRY00023001"/>
    </ItemList>
  </SvcDepend>
  <SvcDepend SrcSvcName="3002">
    <ItemList>
      <Item DestType="C"
      		DestName="QRY"
      		SvcName="SQRY00023002"/>
    </ItemList>
  </SvcDepend>
  <SvcDepend SrcSvcName="3101">
    <ItemList>
      <Item DestType="C"
      		DestName="QRY"
      		SvcName="SQRY00023101"/>
    </ItemList>
  </SvcDepend>
</SvcDependTab>
