<?xml version="1.0" encoding="UTF-8"?>

<ApplicationLogicAdapter Name="CARD"
		Desc="微信饭卡充值"
		Transaction="yes"
		RespFlag="yes"
		Prio="3"
		TimeOut="30"
		MaxRevsTms="0"
		MaxCompsTms="0"
		InElemName=""
		OutElemName="">
  <AlaInitEnd><![CDATA[]]></AlaInitEnd>
  <AlaTermBegin><![CDATA[]]></AlaTermBegin>
  <AlaTermEnd><![CDATA[]]></AlaTermEnd>
  <SvcSuccProc><![CDATA[]]></SvcSuccProc>
  <SvcLostProc><![CDATA[]]></SvcLostProc>
  <SvcPreProc><![CDATA[]]></SvcPreProc>
  <SvcTermEnd><![CDATA[]]></SvcTermEnd>
  <RevsInit><![CDATA[]]></RevsInit>
  <RevsSucc><![CDATA[]]></RevsSucc>
  <RevsFail><![CDATA[]]></RevsFail>
  <RevsCond><![CDATA[]]></RevsCond>
  <CompsInit><![CDATA[]]></CompsInit>
  <CompsSucc><![CDATA[]]></CompsSucc>
  <CompsFail><![CDATA[]]></CompsFail>
  <CompsCond><![CDATA[]]></CompsCond>
  <ChkItemTab RecNum="0"/>
</ApplicationLogicAdapter>
