<?xml version="1.0" encoding="UTF-8"?>

<DataMapTab RecNum="3">
  <DataMap SrcDta="CARD"
  		SrcSvc="GW9901"
  		SrcType="ALA"
  		DstDta="CARD_CLI"
  		DstSvc="GW9901"
  		DstType="DTA">
    <NodeClass Name="未分类"
    		Desc="未分类"/>
    <ItemTab RecNum="2">
      <Item IOType="I"
      		MapType="A"
      		SrcSdo="OBJ_ALA_abstarct_REQ.req"
      		DstSdo="OBJ_CARD_CLI_GW9901_REQ">
        <MapExpr><![CDATA[]]></MapExpr>
      </Item>
      <Item IOType="O"
      		MapType="E"
      		SrcSdo="OBJ_CARD_CLI_GW9901_RES"
      		DstSdo="OBJ_ALA_abstarct_RES.res">
        <MapExpr><![CDATA[]]></MapExpr>
      </Item>
    </ItemTab>
  </DataMap>
  <DataMap SrcDta="CARD"
  		SrcSvc="GW9902"
  		SrcType="ALA"
  		DstDta="CARD_CLI"
  		DstSvc="GW9902"
  		DstType="DTA">
    <NodeClass Name="未分类"
    		Desc="未分类"/>
    <ItemTab RecNum="2">
      <Item IOType="I"
      		MapType="A"
      		SrcSdo="OBJ_ALA_abstarct_REQ.req"
      		DstSdo="OBJ_CARD_CLI_GW9902_REQ">
        <MapExpr><![CDATA[]]></MapExpr>
      </Item>
      <Item IOType="O"
      		MapType="E"
      		SrcSdo="OBJ_CARD_CLI_GW9902_RES"
      		DstSdo="OBJ_ALA_abstarct_RES.res">
        <MapExpr><![CDATA[]]></MapExpr>
      </Item>
    </ItemTab>
  </DataMap>
  <DataMap SrcDta="CARD"
  		SrcSvc="GW9903"
  		SrcType="ALA"
  		DstDta="CARD_CLI"
  		DstSvc="GW9903"
  		DstType="DTA">
    <NodeClass Name="未分类"
    		Desc="未分类"/>
    <ItemTab RecNum="2">
      <Item IOType="I"
      		MapType="A"
      		SrcSdo="OBJ_ALA_abstarct_REQ.req"
      		DstSdo="OBJ_CARD_CLI_GW9903_REQ">
        <MapExpr><![CDATA[]]></MapExpr>
      </Item>
      <Item IOType="O"
      		MapType="E"
      		SrcSdo="OBJ_CARD_CLI_GW9903_RES"
      		DstSdo="OBJ_ALA_abstarct_RES.res">
        <MapExpr><![CDATA[]]></MapExpr>
      </Item>
    </ItemTab>
  </DataMap>
</DataMapTab>
