<?xml version="1.0" encoding="UTF-8"?>

<SvcDependTab SrcType="C"
		SrcName="CARD">
  <SvcDepend SrcSvcName="GW9901">
    <ItemList>
      <Item DestType="B"
      		DestName="CARD_CLI"
      		SvcName="GW9901"/>
    </ItemList>
  </SvcDepend>
  <SvcDepend SrcSvcName="GW9902">
    <ItemList>
      <Item DestType="B"
      		DestName="CARD_CLI"
      		SvcName="GW9902"/>
    </ItemList>
  </SvcDepend>
  <SvcDepend SrcSvcName="GW9903">
    <ItemList>
      <Item DestType="B"
      		DestName="CARD_CLI"
      		SvcName="GW9903"/>
    </ItemList>
  </SvcDepend>
</SvcDependTab>
