<?xml version="1.0" encoding="UTF-8"?>
<notation:Diagram xmi:version="2.0" xmlns:xmi="http://www.omg.org/XMI" xmlns:xsi="http://www.w3.org/2001/XMLSchema-instance" xmlns:notation="http://www.eclipse.org/gmf/runtime/1.0.2/notation" type="Component" name="CARD_diagram.xml" measurementUnit="Pixel">
  <children xsi:type="notation:Shape" type="2006" fontName="微软雅黑">
    <children xsi:type="notation:DecorationNode" type="5006"/>
    <element href="CARD.xml#//@comp.0"/>
    <layoutConstraint xsi:type="notation:Bounds" x="35" y="50" width="100" height="80"/>
  </children>
  <children xsi:type="notation:Shape" type="2008" fontName="Microsoft YaHei UI">
    <children xsi:type="notation:DecorationNode" type="5008"/>
    <element href="CARD.xml#//@comp.1"/>
    <layoutConstraint xsi:type="notation:Bounds" x="365" y="75" width="100" height="80"/>
  </children>
  <children xsi:type="notation:Shape" type="2002" fontName="微软雅黑">
    <children xsi:type="notation:DecorationNode" type="5002"/>
    <element href="CARD.xml#//@comp.2"/>
    <layoutConstraint xsi:type="notation:Bounds" x="630" y="10" width="100" height="80"/>
  </children>
  <styles xsi:type="notation:DiagramStyle"/>
  <element href="CARD.xml#/"/>
  <edges xsi:type="notation:Connector" type="4001" source="//@children.0" target="//@children.1">
    <styles xsi:type="notation:FontStyle" fontName="Microsoft YaHei UI"/>
    <element href="CARD.xml#//@conn.0"/>
    <bendpoints xsi:type="notation:RelativeBendpoints" points="[50, 2, -280, -23]$[280, 15, -50, -10]"/>
  </edges>
  <edges xsi:type="notation:Connector" type="4001" source="//@children.1" target="//@children.2">
    <styles xsi:type="notation:FontStyle" fontName="Microsoft YaHei UI"/>
    <element href="CARD.xml#//@conn.1"/>
    <bendpoints xsi:type="notation:RelativeBendpoints" points="[50, -15, -215, 50]$[216, -78, -49, -13]"/>
  </edges>
</notation:Diagram>
