<?xml version="1.0" encoding="UTF-8"?>

<DataElementTab RecNum="3">
  <DataElement DataType="Struct"
  		ElemName="SMS_CLI_IN_OUT"
  		ElemDesc="协议报文数据对象"
  		NodeClassName="未分类"
  		NodeClassDesc="未分类"
  		XmlNodeName="SMS_CLI_IN_OUT">
    <ItemTab RecNum="4">
      <Item ItemName="__GDTA_ITEMDATA_LENGTH"
      		ItemDesc="通用DTA的报文字段长度"
      		ItemType="DataDict"
      		TypeName="__GDTA_ITEMDATA_LENGTH"
      		ItemDeft=""
      		ElemType="No"
      		NodeType="Node"
      		Security="No"
      		EnumName =""
      		EnumKvp =""
      		RelateItemName ="">
        <ScopeExpr><![CDATA[]]></ScopeExpr>
      </Item>
      <Item ItemName="FMT_TYPE"
      		ItemDesc="报文类型"
      		ItemType="DataDict"
      		TypeName="str_2bit"
      		ItemDeft=""
      		ElemType="No"
      		Array="No"
      		NodeType="Node"
      		Security="No"
      		EnumName =""
      		EnumKvp =""
      		RelateItemName ="">
        <ScopeExpr><![CDATA[]]></ScopeExpr>
      </Item>
      <Item ItemName="__GDTA_SVCNAME"
      		ItemDesc="通用DTA的服务名"
      		ItemType="DataDict"
      		TypeName="__GDTA_SVCNAME"
      		ItemDeft=""
      		ElemType="No"
      		NodeType="Node"
      		Security="No"
      		EnumName =""
      		EnumKvp =""
      		RelateItemName ="">
        <ScopeExpr><![CDATA[]]></ScopeExpr>
      </Item>
      <Item ItemName="__GDTA_ITEMDATA"
      		ItemDesc="通用DTA的报文字段数据"
      		ItemType="DataDict"
      		TypeName="__GDTA_ITEMDATA"
      		ItemDeft=""
      		ElemType="No"
      		NodeType="Node"
      		Security="No"
      		EnumName =""
      		EnumKvp =""
      		RelateItemName ="">
        <ScopeExpr><![CDATA[]]></ScopeExpr>
      </Item>
    </ItemTab>
  </DataElement>
  <DataElement DataType="Struct"
  		ElemName="SMS_CLI_OUT"
  		ElemDesc="短信网关协议报文对象"
  		NodeClassName="未分类"
  		NodeClassDesc="未分类"
  		XmlNodeName="SMS_CLI_OUT">
    <ItemTab RecNum="0"/>
  </DataElement>
  <DataElement DataType="Struct"
  		ElemName="SMS_CLI_IN"
  		ElemDesc="外围渠道协议报文对象"
  		NodeClassName="未分类"
  		NodeClassDesc="未分类"
  		XmlNodeName="SMS_CLI_IN">
    <ItemTab RecNum="0"/>
  </DataElement>
</DataElementTab>
