<?xml version="1.0" encoding="UTF-8"?>

<FormatTab RecNum="12">
  <Format FmtName="PFMT_SMS_CLI_IN"
  		FmtDesc="短信网关协议报文"
  		IOType="buf"
  		Compress=""
  		FmtType="xml"
  		SignName=""
  		BitMapType=""
  		VarityLen="no"
  		LengthBytes="0"
  		LengthDlmt=""
  		FileFmtType=""
  		EnCoding="UTF-8"
  		Comment=""
  		ElemName="SMS_CLI_IN"
  		XMLType="Standard">
    <FileName><![CDATA[]]></FileName>
    <FilePath><![CDATA[]]></FilePath>
    <LengthParseExpr><![CDATA[]]></LengthParseExpr>
    <LengthBuildExpr><![CDATA[]]></LengthBuildExpr>
    <ParseExpr><![CDATA[]]></ParseExpr>
    <BuildExpr><![CDATA[]]></BuildExpr>
    <NodeClass Name="未分类"
    		Desc="未分类"/>
    <ItemTab RecNum="0"/>
    <PlatElemMapTab RecNum="0"/>
  </Format>
  <Format FmtName="PFMT_SMS_CLI_OUT"
  		FmtDesc="短信网关协议报文"
  		IOType="buf"
  		Compress=""
  		FmtType="xml"
  		SignName=""
  		BitMapType=""
  		VarityLen="no"
  		LengthBytes="0"
  		LengthDlmt=""
  		FileFmtType=""
  		EnCoding="UTF-8"
  		Comment=""
  		ElemName="SMS_CLI_IN_OUT"
  		XMLType="Standard">
    <FileName><![CDATA[]]></FileName>
    <FilePath><![CDATA[]]></FilePath>
    <LengthParseExpr><![CDATA[]]></LengthParseExpr>
    <LengthBuildExpr><![CDATA[]]></LengthBuildExpr>
    <ParseExpr><![CDATA[]]></ParseExpr>
    <BuildExpr><![CDATA[]]></BuildExpr>
    <NodeClass Name="未分类"
    		Desc="未分类"/>
    <ItemTab RecNum="4">
      <Item ItemType="item"
      		ItemSignName=""
      		ItemIgnr="no"
      		ItemDesc="通用DTA的报文字段长度"
      		ElemName="__GDTA_ITEMDATA_LENGTH"
      		ItemDlmt=""
      		AsciiFlag="yes"
      		DecLocale="0"
      		FixFlag="no"
      		ItemAdj="no"
      		ItemFill=""
      		LenDataFlag="no"
      		LenDataBytes=""
      		SubName=""
      		SubNodeName=""
      		RecNum=""
      		NotNull="yes"
      		PlatElemFlag="yes"
      		EnCoding="GBK"
      		CDATAFlag="no">
        <ConstData><![CDATA[]]></ConstData>
        <ItemParseExpr><![CDATA[]]></ItemParseExpr>
        <ItemBuildExpr><![CDATA[]]></ItemBuildExpr>
        <LenDataParseExpr><![CDATA[]]></LenDataParseExpr>
        <LenDataBuildExpr><![CDATA[]]></LenDataBuildExpr>
        <LengthExpr><![CDATA[]]></LengthExpr>
        <SubExpr><![CDATA[]]></SubExpr>
        <BeginTag><![CDATA[]]></BeginTag>
        <EndTag><![CDATA[]]></EndTag>
      </Item>
      <Item ItemType="item"
      		ItemSignName=""
      		ItemIgnr="no"
      		ItemDesc="报文类型"
      		ElemName="FMT_TYPE"
      		ItemDlmt=""
      		AsciiFlag="yes"
      		DecLocale="0"
      		FixFlag="no"
      		ItemAdj="no"
      		ItemFill=""
      		LenDataFlag="no"
      		LenDataBytes=""
      		SubName=""
      		SubNodeName=""
      		RecNum=""
      		NotNull="yes"
      		PlatElemFlag="no"
      		EnCoding="UTF-8"
      		CDATAFlag="no">
        <ConstData><![CDATA[]]></ConstData>
        <ItemParseExpr><![CDATA[]]></ItemParseExpr>
        <ItemBuildExpr><![CDATA[]]></ItemBuildExpr>
        <LenDataParseExpr><![CDATA[]]></LenDataParseExpr>
        <LenDataBuildExpr><![CDATA[]]></LenDataBuildExpr>
        <LengthExpr><![CDATA[]]></LengthExpr>
        <SubExpr><![CDATA[]]></SubExpr>
        <BeginTag><![CDATA[]]></BeginTag>
        <EndTag><![CDATA[]]></EndTag>
      </Item>
      <Item ItemType="item"
      		ItemSignName=""
      		ItemIgnr="no"
      		ItemDesc="通用DTA的服务名"
      		ElemName="__GDTA_SVCNAME"
      		ItemDlmt=""
      		AsciiFlag="yes"
      		DecLocale="0"
      		FixFlag="no"
      		ItemAdj="no"
      		ItemFill=""
      		LenDataFlag="no"
      		LenDataBytes=""
      		SubName=""
      		SubNodeName=""
      		RecNum=""
      		NotNull="yes"
      		PlatElemFlag="no"
      		EnCoding="UTF-8"
      		CDATAFlag="no">
        <ConstData><![CDATA[]]></ConstData>
        <ItemParseExpr><![CDATA[]]></ItemParseExpr>
        <ItemBuildExpr><![CDATA[]]></ItemBuildExpr>
        <LenDataParseExpr><![CDATA[]]></LenDataParseExpr>
        <LenDataBuildExpr><![CDATA[]]></LenDataBuildExpr>
        <LengthExpr><![CDATA[]]></LengthExpr>
        <SubExpr><![CDATA[]]></SubExpr>
        <BeginTag><![CDATA[]]></BeginTag>
        <EndTag><![CDATA[]]></EndTag>
      </Item>
      <Item ItemType="item"
      		ItemSignName=""
      		ItemIgnr="no"
      		ItemDesc="通用DTA的报文字段数据"
      		ElemName="__GDTA_ITEMDATA"
      		ItemDlmt=""
      		AsciiFlag="yes"
      		DecLocale="0"
      		FixFlag="no"
      		ItemAdj="no"
      		ItemFill=""
      		LenDataFlag="no"
      		LenDataBytes=""
      		SubName=""
      		SubNodeName=""
      		RecNum=""
      		NotNull="yes"
      		PlatElemFlag="no"
      		EnCoding="UTF-8"
      		CDATAFlag="no">
        <ConstData><![CDATA[]]></ConstData>
        <ItemParseExpr><![CDATA[]]></ItemParseExpr>
        <ItemBuildExpr><![CDATA[]]></ItemBuildExpr>
        <LenDataParseExpr><![CDATA[]]></LenDataParseExpr>
        <LenDataBuildExpr><![CDATA[]]></LenDataBuildExpr>
        <LengthExpr><![CDATA[]]></LengthExpr>
        <SubExpr><![CDATA[]]></SubExpr>
        <BeginTag><![CDATA[]]></BeginTag>
        <EndTag><![CDATA[]]></EndTag>
      </Item>
    </ItemTab>
    <PlatElemMapTab RecNum="1">
      <PlatElemMap FmtElem="__GDTA_ITEMDATA_LENGTH"
      		PlatElem="__GDTA_ITEMDATA_LENGTH"/>
    </PlatElemMapTab>
  </Format>
  <Format FmtName="PFMT_SMS_CLI_TCP"
  		FmtDesc="协议报文"
  		IOType="buf"
  		Compress=""
  		FmtType="string"
  		SignName=""
  		BitMapType=""
  		VarityLen="no"
  		LengthBytes="0"
  		LengthDlmt=""
  		FileFmtType=""
  		EnCoding="GBK"
  		Comment=""
  		ElemName="SMS_CLI_IN_OUT"
  		XMLType="Standard">
    <FileName><![CDATA[]]></FileName>
    <FilePath><![CDATA[]]></FilePath>
    <LengthParseExpr><![CDATA[]]></LengthParseExpr>
    <LengthBuildExpr><![CDATA[]]></LengthBuildExpr>
    <ParseExpr><![CDATA[]]></ParseExpr>
    <BuildExpr><![CDATA[]]></BuildExpr>
    <NodeClass Name="未分类"
    		Desc="未分类"/>
    <ItemTab RecNum="4">
      <Item ItemType="item"
      		ItemSignName=""
      		ItemIgnr="no"
      		ItemDesc="通用DTA的报文字段长度"
      		ElemName="__GDTA_ITEMDATA_LENGTH"
      		ItemDlmt=""
      		AsciiFlag="yes"
      		DecLocale="0"
      		FixFlag="yes"
      		ItemAdj="right"
      		ItemFill="30"
      		LenDataFlag="no"
      		LenDataBytes=""
      		SubName=""
      		SubNodeName=""
      		RecNum=""
      		NotNull="no"
      		PlatElemFlag="yes"
      		EnCoding="GBK"
      		CDATAFlag="no">
        <ConstData><![CDATA[]]></ConstData>
        <ItemParseExpr><![CDATA[]]></ItemParseExpr>
        <ItemBuildExpr><![CDATA[@busiMsgProc.setSMSPFMTLength();]]></ItemBuildExpr>
        <LenDataParseExpr><![CDATA[]]></LenDataParseExpr>
        <LenDataBuildExpr><![CDATA[]]></LenDataBuildExpr>
        <LengthExpr><![CDATA[8]]></LengthExpr>
        <SubExpr><![CDATA[]]></SubExpr>
        <BeginTag><![CDATA[]]></BeginTag>
        <EndTag><![CDATA[]]></EndTag>
      </Item>
      <Item ItemType="item"
      		ItemSignName=""
      		ItemIgnr="no"
      		ItemDesc="报文类型"
      		ElemName="FMT_TYPE"
      		ItemDlmt=""
      		AsciiFlag="yes"
      		DecLocale="0"
      		FixFlag="yes"
      		ItemAdj="left"
      		ItemFill="20"
      		LenDataFlag="no"
      		LenDataBytes=""
      		SubName=""
      		SubNodeName=""
      		RecNum=""
      		NotNull="no"
      		PlatElemFlag="no"
      		EnCoding="GBK"
      		CDATAFlag="no">
        <ConstData><![CDATA[]]></ConstData>
        <ItemParseExpr><![CDATA[]]></ItemParseExpr>
        <ItemBuildExpr><![CDATA[]]></ItemBuildExpr>
        <LenDataParseExpr><![CDATA[]]></LenDataParseExpr>
        <LenDataBuildExpr><![CDATA[]]></LenDataBuildExpr>
        <LengthExpr><![CDATA[2]]></LengthExpr>
        <SubExpr><![CDATA[]]></SubExpr>
        <BeginTag><![CDATA[]]></BeginTag>
        <EndTag><![CDATA[]]></EndTag>
      </Item>
      <Item ItemType="item"
      		ItemSignName=""
      		ItemIgnr="no"
      		ItemDesc="通用DTA的服务名"
      		ElemName="__GDTA_SVCNAME"
      		ItemDlmt=""
      		AsciiFlag="yes"
      		DecLocale="0"
      		FixFlag="yes"
      		ItemAdj="left"
      		ItemFill="20"
      		LenDataFlag="no"
      		LenDataBytes=""
      		SubName=""
      		SubNodeName=""
      		RecNum=""
      		NotNull="no"
      		PlatElemFlag="yes"
      		EnCoding="GBK"
      		CDATAFlag="no">
        <ConstData><![CDATA[]]></ConstData>
        <ItemParseExpr><![CDATA[]]></ItemParseExpr>
        <ItemBuildExpr><![CDATA[]]></ItemBuildExpr>
        <LenDataParseExpr><![CDATA[]]></LenDataParseExpr>
        <LenDataBuildExpr><![CDATA[]]></LenDataBuildExpr>
        <LengthExpr><![CDATA[6]]></LengthExpr>
        <SubExpr><![CDATA[]]></SubExpr>
        <BeginTag><![CDATA[]]></BeginTag>
        <EndTag><![CDATA[]]></EndTag>
      </Item>
      <Item ItemType="item"
      		ItemSignName=""
      		ItemIgnr="no"
      		ItemDesc="通用DTA的报文字段数据"
      		ElemName="__GDTA_ITEMDATA"
      		ItemDlmt=""
      		AsciiFlag="yes"
      		DecLocale="0"
      		FixFlag="yes"
      		ItemAdj="no"
      		ItemFill=""
      		LenDataFlag="no"
      		LenDataBytes=""
      		SubName=""
      		SubNodeName=""
      		RecNum=""
      		NotNull="no"
      		PlatElemFlag="yes"
      		EnCoding="GBK"
      		CDATAFlag="no">
        <ConstData><![CDATA[]]></ConstData>
        <ItemParseExpr><![CDATA[]]></ItemParseExpr>
        <ItemBuildExpr><![CDATA[]]></ItemBuildExpr>
        <LenDataParseExpr><![CDATA[]]></LenDataParseExpr>
        <LenDataBuildExpr><![CDATA[]]></LenDataBuildExpr>
        <LengthExpr><![CDATA[$SMS_CLI_IN_OUT.__GDTA_ITEMDATA_LENGTH-8]]></LengthExpr>
        <SubExpr><![CDATA[]]></SubExpr>
        <BeginTag><![CDATA[]]></BeginTag>
        <EndTag><![CDATA[]]></EndTag>
      </Item>
    </ItemTab>
    <PlatElemMapTab RecNum="3">
      <PlatElemMap FmtElem="__GDTA_ITEMDATA_LENGTH"
      		PlatElem="__GDTA_ITEMDATA_LENGTH"/>
      <PlatElemMap FmtElem="__GDTA_SVCNAME"
      		PlatElem="__GDTA_SVCNAME"/>
      <PlatElemMap FmtElem="__GDTA_ITEMDATA"
      		PlatElem="__GDTA_ITEMDATA"/>
    </PlatElemMapTab>
  </Format>
  <Format FmtName="FMT_SMS_CLI_HEAD_IN"
  		FmtDesc="公共响应报文头"
  		IOType="buf"
  		Compress=""
  		FmtType="xml"
  		SignName=""
  		BitMapType=""
  		VarityLen="no"
  		LengthBytes="0"
  		LengthDlmt=""
  		FileFmtType=""
  		EnCoding="GBK"
  		Comment=""
  		ElemName="SMS_CLI_HEAD_OUT"
  		XMLType="Standard">
    <FileName><![CDATA[]]></FileName>
    <FilePath><![CDATA[]]></FilePath>
    <LengthParseExpr><![CDATA[]]></LengthParseExpr>
    <LengthBuildExpr><![CDATA[]]></LengthBuildExpr>
    <ParseExpr><![CDATA[]]></ParseExpr>
    <BuildExpr><![CDATA[]]></BuildExpr>
    <NodeClass Name="未分类"
    		Desc="未分类"/>
    <ItemTab RecNum="4">
      <Item ItemType="item"
      		ItemSignName=""
      		ItemIgnr="no"
      		ItemDesc="渠道ID"
      		ElemName="channelid"
      		ItemDlmt=""
      		AsciiFlag="yes"
      		DecLocale="0"
      		FixFlag="no"
      		ItemAdj="no"
      		ItemFill=""
      		LenDataFlag="no"
      		LenDataBytes=""
      		SubName=""
      		SubNodeName=""
      		RecNum=""
      		NotNull="no"
      		PlatElemFlag="no"
      		EnCoding="GBK"
      		CDATAFlag="no">
        <ConstData><![CDATA[]]></ConstData>
        <ItemParseExpr><![CDATA[]]></ItemParseExpr>
        <ItemBuildExpr><![CDATA[]]></ItemBuildExpr>
        <LenDataParseExpr><![CDATA[]]></LenDataParseExpr>
        <LenDataBuildExpr><![CDATA[]]></LenDataBuildExpr>
        <LengthExpr><![CDATA[]]></LengthExpr>
        <SubExpr><![CDATA[]]></SubExpr>
        <BeginTag><![CDATA[]]></BeginTag>
        <EndTag><![CDATA[]]></EndTag>
      </Item>
      <Item ItemType="item"
      		ItemSignName=""
      		ItemIgnr="no"
      		ItemDesc="渠道流水"
      		ElemName="channelseq"
      		ItemDlmt=""
      		AsciiFlag="yes"
      		DecLocale="0"
      		FixFlag="no"
      		ItemAdj="no"
      		ItemFill=""
      		LenDataFlag="no"
      		LenDataBytes=""
      		SubName=""
      		SubNodeName=""
      		RecNum=""
      		NotNull="no"
      		PlatElemFlag="no"
      		EnCoding="GBK"
      		CDATAFlag="no">
        <ConstData><![CDATA[]]></ConstData>
        <ItemParseExpr><![CDATA[]]></ItemParseExpr>
        <ItemBuildExpr><![CDATA[]]></ItemBuildExpr>
        <LenDataParseExpr><![CDATA[]]></LenDataParseExpr>
        <LenDataBuildExpr><![CDATA[]]></LenDataBuildExpr>
        <LengthExpr><![CDATA[]]></LengthExpr>
        <SubExpr><![CDATA[]]></SubExpr>
        <BeginTag><![CDATA[]]></BeginTag>
        <EndTag><![CDATA[]]></EndTag>
      </Item>
      <Item ItemType="item"
      		ItemSignName=""
      		ItemIgnr="no"
      		ItemDesc="响应代码"
      		ElemName="respcode"
      		ItemDlmt=""
      		AsciiFlag="yes"
      		DecLocale="0"
      		FixFlag="no"
      		ItemAdj="no"
      		ItemFill=""
      		LenDataFlag="no"
      		LenDataBytes=""
      		SubName=""
      		SubNodeName=""
      		RecNum=""
      		NotNull="no"
      		PlatElemFlag="no"
      		EnCoding="GBK"
      		CDATAFlag="no">
        <ConstData><![CDATA[]]></ConstData>
        <ItemParseExpr><![CDATA[]]></ItemParseExpr>
        <ItemBuildExpr><![CDATA[]]></ItemBuildExpr>
        <LenDataParseExpr><![CDATA[]]></LenDataParseExpr>
        <LenDataBuildExpr><![CDATA[]]></LenDataBuildExpr>
        <LengthExpr><![CDATA[]]></LengthExpr>
        <SubExpr><![CDATA[]]></SubExpr>
        <BeginTag><![CDATA[]]></BeginTag>
        <EndTag><![CDATA[]]></EndTag>
      </Item>
      <Item ItemType="item"
      		ItemSignName=""
      		ItemIgnr="no"
      		ItemDesc="响应信息"
      		ElemName="respmsg"
      		ItemDlmt=""
      		AsciiFlag="yes"
      		DecLocale="0"
      		FixFlag="no"
      		ItemAdj="no"
      		ItemFill=""
      		LenDataFlag="no"
      		LenDataBytes=""
      		SubName=""
      		SubNodeName=""
      		RecNum=""
      		NotNull="no"
      		PlatElemFlag="no"
      		EnCoding="GBK"
      		CDATAFlag="no">
        <ConstData><![CDATA[]]></ConstData>
        <ItemParseExpr><![CDATA[]]></ItemParseExpr>
        <ItemBuildExpr><![CDATA[]]></ItemBuildExpr>
        <LenDataParseExpr><![CDATA[]]></LenDataParseExpr>
        <LenDataBuildExpr><![CDATA[]]></LenDataBuildExpr>
        <LengthExpr><![CDATA[]]></LengthExpr>
        <SubExpr><![CDATA[]]></SubExpr>
        <BeginTag><![CDATA[]]></BeginTag>
        <EndTag><![CDATA[]]></EndTag>
      </Item>
    </ItemTab>
    <PlatElemMapTab RecNum="0"/>
  </Format>
  <Format FmtName="FMT_SMS_CLI_HEAD_OUT"
  		FmtDesc="公共请求报文头"
  		IOType="buf"
  		Compress=""
  		FmtType="xml"
  		SignName=""
  		BitMapType=""
  		VarityLen="no"
  		LengthBytes="0"
  		LengthDlmt=""
  		FileFmtType=""
  		EnCoding="GBK"
  		Comment=""
  		ElemName="SMS_CLI_HEAD_IN"
  		XMLType="Standard">
    <FileName><![CDATA[]]></FileName>
    <FilePath><![CDATA[]]></FilePath>
    <LengthParseExpr><![CDATA[]]></LengthParseExpr>
    <LengthBuildExpr><![CDATA[]]></LengthBuildExpr>
    <ParseExpr><![CDATA[]]></ParseExpr>
    <BuildExpr><![CDATA[]]></BuildExpr>
    <NodeClass Name="未分类"
    		Desc="未分类"/>
    <ItemTab RecNum="7">
      <Item ItemType="item"
      		ItemSignName=""
      		ItemIgnr="no"
      		ItemDesc="用户id"
      		ElemName="userid"
      		ItemDlmt=""
      		AsciiFlag="yes"
      		DecLocale="0"
      		FixFlag="no"
      		ItemAdj="no"
      		ItemFill=""
      		LenDataFlag="no"
      		LenDataBytes=""
      		SubName=""
      		SubNodeName=""
      		RecNum=""
      		NotNull="no"
      		PlatElemFlag="no"
      		EnCoding="GBK"
      		CDATAFlag="no">
        <ConstData><![CDATA[]]></ConstData>
        <ItemParseExpr><![CDATA[]]></ItemParseExpr>
        <ItemBuildExpr><![CDATA[]]></ItemBuildExpr>
        <LenDataParseExpr><![CDATA[]]></LenDataParseExpr>
        <LenDataBuildExpr><![CDATA[]]></LenDataBuildExpr>
        <LengthExpr><![CDATA[]]></LengthExpr>
        <SubExpr><![CDATA[]]></SubExpr>
        <BeginTag><![CDATA[]]></BeginTag>
        <EndTag><![CDATA[]]></EndTag>
      </Item>
      <Item ItemType="item"
      		ItemSignName=""
      		ItemIgnr="no"
      		ItemDesc="交易机构"
      		ElemName="brc"
      		ItemDlmt=""
      		AsciiFlag="yes"
      		DecLocale="0"
      		FixFlag="no"
      		ItemAdj="no"
      		ItemFill=""
      		LenDataFlag="no"
      		LenDataBytes=""
      		SubName=""
      		SubNodeName=""
      		RecNum=""
      		NotNull="no"
      		PlatElemFlag="no"
      		EnCoding="GBK"
      		CDATAFlag="no">
        <ConstData><![CDATA[]]></ConstData>
        <ItemParseExpr><![CDATA[]]></ItemParseExpr>
        <ItemBuildExpr><![CDATA[]]></ItemBuildExpr>
        <LenDataParseExpr><![CDATA[]]></LenDataParseExpr>
        <LenDataBuildExpr><![CDATA[]]></LenDataBuildExpr>
        <LengthExpr><![CDATA[]]></LengthExpr>
        <SubExpr><![CDATA[]]></SubExpr>
        <BeginTag><![CDATA[]]></BeginTag>
        <EndTag><![CDATA[]]></EndTag>
      </Item>
      <Item ItemType="item"
      		ItemSignName=""
      		ItemIgnr="no"
      		ItemDesc="交易柜员"
      		ElemName="teller"
      		ItemDlmt=""
      		AsciiFlag="yes"
      		DecLocale="0"
      		FixFlag="no"
      		ItemAdj="no"
      		ItemFill=""
      		LenDataFlag="no"
      		LenDataBytes=""
      		SubName=""
      		SubNodeName=""
      		RecNum=""
      		NotNull="no"
      		PlatElemFlag="no"
      		EnCoding="GBK"
      		CDATAFlag="no">
        <ConstData><![CDATA[]]></ConstData>
        <ItemParseExpr><![CDATA[]]></ItemParseExpr>
        <ItemBuildExpr><![CDATA[]]></ItemBuildExpr>
        <LenDataParseExpr><![CDATA[]]></LenDataParseExpr>
        <LenDataBuildExpr><![CDATA[]]></LenDataBuildExpr>
        <LengthExpr><![CDATA[]]></LengthExpr>
        <SubExpr><![CDATA[]]></SubExpr>
        <BeginTag><![CDATA[]]></BeginTag>
        <EndTag><![CDATA[]]></EndTag>
      </Item>
      <Item ItemType="item"
      		ItemSignName=""
      		ItemIgnr="no"
      		ItemDesc="渠道ID"
      		ElemName="channelid"
      		ItemDlmt=""
      		AsciiFlag="yes"
      		DecLocale="0"
      		FixFlag="no"
      		ItemAdj="no"
      		ItemFill=""
      		LenDataFlag="no"
      		LenDataBytes=""
      		SubName=""
      		SubNodeName=""
      		RecNum=""
      		NotNull="no"
      		PlatElemFlag="no"
      		EnCoding="GBK"
      		CDATAFlag="no">
        <ConstData><![CDATA[]]></ConstData>
        <ItemParseExpr><![CDATA[]]></ItemParseExpr>
        <ItemBuildExpr><![CDATA[]]></ItemBuildExpr>
        <LenDataParseExpr><![CDATA[]]></LenDataParseExpr>
        <LenDataBuildExpr><![CDATA[]]></LenDataBuildExpr>
        <LengthExpr><![CDATA[]]></LengthExpr>
        <SubExpr><![CDATA[]]></SubExpr>
        <BeginTag><![CDATA[]]></BeginTag>
        <EndTag><![CDATA[]]></EndTag>
      </Item>
      <Item ItemType="item"
      		ItemSignName=""
      		ItemIgnr="no"
      		ItemDesc="渠道流水"
      		ElemName="channelseq"
      		ItemDlmt=""
      		AsciiFlag="yes"
      		DecLocale="0"
      		FixFlag="no"
      		ItemAdj="no"
      		ItemFill=""
      		LenDataFlag="no"
      		LenDataBytes=""
      		SubName=""
      		SubNodeName=""
      		RecNum=""
      		NotNull="no"
      		PlatElemFlag="no"
      		EnCoding="GBK"
      		CDATAFlag="no">
        <ConstData><![CDATA[]]></ConstData>
        <ItemParseExpr><![CDATA[]]></ItemParseExpr>
        <ItemBuildExpr><![CDATA[]]></ItemBuildExpr>
        <LenDataParseExpr><![CDATA[]]></LenDataParseExpr>
        <LenDataBuildExpr><![CDATA[]]></LenDataBuildExpr>
        <LengthExpr><![CDATA[]]></LengthExpr>
        <SubExpr><![CDATA[]]></SubExpr>
        <BeginTag><![CDATA[]]></BeginTag>
        <EndTag><![CDATA[]]></EndTag>
      </Item>
      <Item ItemType="item"
      		ItemSignName=""
      		ItemIgnr="no"
      		ItemDesc="渠道日期"
      		ElemName="channeldate"
      		ItemDlmt=""
      		AsciiFlag="yes"
      		DecLocale="0"
      		FixFlag="no"
      		ItemAdj="no"
      		ItemFill=""
      		LenDataFlag="no"
      		LenDataBytes=""
      		SubName=""
      		SubNodeName=""
      		RecNum=""
      		NotNull="no"
      		PlatElemFlag="no"
      		EnCoding="GBK"
      		CDATAFlag="no">
        <ConstData><![CDATA[]]></ConstData>
        <ItemParseExpr><![CDATA[]]></ItemParseExpr>
        <ItemBuildExpr><![CDATA[]]></ItemBuildExpr>
        <LenDataParseExpr><![CDATA[]]></LenDataParseExpr>
        <LenDataBuildExpr><![CDATA[]]></LenDataBuildExpr>
        <LengthExpr><![CDATA[]]></LengthExpr>
        <SubExpr><![CDATA[]]></SubExpr>
        <BeginTag><![CDATA[]]></BeginTag>
        <EndTag><![CDATA[]]></EndTag>
      </Item>
      <Item ItemType="item"
      		ItemSignName=""
      		ItemIgnr="no"
      		ItemDesc="渠道时间"
      		ElemName="channeltime"
      		ItemDlmt=""
      		AsciiFlag="yes"
      		DecLocale="0"
      		FixFlag="no"
      		ItemAdj="no"
      		ItemFill=""
      		LenDataFlag="no"
      		LenDataBytes=""
      		SubName=""
      		SubNodeName=""
      		RecNum=""
      		NotNull="no"
      		PlatElemFlag="no"
      		EnCoding="GBK"
      		CDATAFlag="no">
        <ConstData><![CDATA[]]></ConstData>
        <ItemParseExpr><![CDATA[]]></ItemParseExpr>
        <ItemBuildExpr><![CDATA[]]></ItemBuildExpr>
        <LenDataParseExpr><![CDATA[]]></LenDataParseExpr>
        <LenDataBuildExpr><![CDATA[]]></LenDataBuildExpr>
        <LengthExpr><![CDATA[]]></LengthExpr>
        <SubExpr><![CDATA[]]></SubExpr>
        <BeginTag><![CDATA[]]></BeginTag>
        <EndTag><![CDATA[]]></EndTag>
      </Item>
    </ItemTab>
    <PlatElemMapTab RecNum="0"/>
  </Format>
  <Format FmtName="FMT_SMS_CLI_S610001_OUT_BODY"
  		FmtDesc="发送实时短信输出报文体"
  		IOType="buf"
  		Compress=""
  		FmtType="xml"
  		SignName=""
  		BitMapType=""
  		VarityLen="no"
  		LengthBytes="0"
  		LengthDlmt=""
  		FileFmtType=""
  		EnCoding="GBK"
  		Comment=""
  		ElemName="SMS_CLI_S610001_IN_BODY"
  		XMLType="Standard">
    <FileName><![CDATA[]]></FileName>
    <FilePath><![CDATA[]]></FilePath>
    <LengthParseExpr><![CDATA[]]></LengthParseExpr>
    <LengthBuildExpr><![CDATA[]]></LengthBuildExpr>
    <ParseExpr><![CDATA[]]></ParseExpr>
    <BuildExpr><![CDATA[]]></BuildExpr>
    <NodeClass Name="未分类"
    		Desc="未分类"/>
    <ItemTab RecNum="6">
      <Item ItemType="item"
      		ItemSignName=""
      		ItemIgnr="no"
      		ItemDesc="手机号"
      		ElemName="mobile"
      		ItemDlmt=""
      		AsciiFlag="yes"
      		DecLocale="0"
      		FixFlag="no"
      		ItemAdj="no"
      		ItemFill=""
      		LenDataFlag="no"
      		LenDataBytes=""
      		SubName=""
      		SubNodeName=""
      		RecNum=""
      		NotNull="yes"
      		PlatElemFlag="no"
      		EnCoding="GBK"
      		CDATAFlag="no">
        <ConstData><![CDATA[]]></ConstData>
        <ItemParseExpr><![CDATA[]]></ItemParseExpr>
        <ItemBuildExpr><![CDATA[]]></ItemBuildExpr>
        <LenDataParseExpr><![CDATA[]]></LenDataParseExpr>
        <LenDataBuildExpr><![CDATA[]]></LenDataBuildExpr>
        <LengthExpr><![CDATA[]]></LengthExpr>
        <SubExpr><![CDATA[]]></SubExpr>
        <BeginTag><![CDATA[]]></BeginTag>
        <EndTag><![CDATA[]]></EndTag>
      </Item>
      <Item ItemType="item"
      		ItemSignName=""
      		ItemIgnr="no"
      		ItemDesc="短信内容"
      		ElemName="msg"
      		ItemDlmt=""
      		AsciiFlag="yes"
      		DecLocale="0"
      		FixFlag="no"
      		ItemAdj="no"
      		ItemFill=""
      		LenDataFlag="no"
      		LenDataBytes=""
      		SubName=""
      		SubNodeName=""
      		RecNum=""
      		NotNull="yes"
      		PlatElemFlag="no"
      		EnCoding="GBK"
      		CDATAFlag="no">
        <ConstData><![CDATA[]]></ConstData>
        <ItemParseExpr><![CDATA[]]></ItemParseExpr>
        <ItemBuildExpr><![CDATA[]]></ItemBuildExpr>
        <LenDataParseExpr><![CDATA[]]></LenDataParseExpr>
        <LenDataBuildExpr><![CDATA[]]></LenDataBuildExpr>
        <LengthExpr><![CDATA[]]></LengthExpr>
        <SubExpr><![CDATA[]]></SubExpr>
        <BeginTag><![CDATA[]]></BeginTag>
        <EndTag><![CDATA[]]></EndTag>
      </Item>
      <Item ItemType="item"
      		ItemSignName=""
      		ItemIgnr="no"
      		ItemDesc="优先级别"
      		ElemName="sendlevel"
      		ItemDlmt=""
      		AsciiFlag="yes"
      		DecLocale="0"
      		FixFlag="no"
      		ItemAdj="no"
      		ItemFill=""
      		LenDataFlag="no"
      		LenDataBytes=""
      		SubName=""
      		SubNodeName=""
      		RecNum=""
      		NotNull="yes"
      		PlatElemFlag="no"
      		EnCoding="GBK"
      		CDATAFlag="no">
        <ConstData><![CDATA[]]></ConstData>
        <ItemParseExpr><![CDATA[]]></ItemParseExpr>
        <ItemBuildExpr><![CDATA[]]></ItemBuildExpr>
        <LenDataParseExpr><![CDATA[]]></LenDataParseExpr>
        <LenDataBuildExpr><![CDATA[]]></LenDataBuildExpr>
        <LengthExpr><![CDATA[]]></LengthExpr>
        <SubExpr><![CDATA[]]></SubExpr>
        <BeginTag><![CDATA[]]></BeginTag>
        <EndTag><![CDATA[]]></EndTag>
      </Item>
      <Item ItemType="item"
      		ItemSignName=""
      		ItemIgnr="no"
      		ItemDesc="业务ID"
      		ElemName="busid"
      		ItemDlmt=""
      		AsciiFlag="yes"
      		DecLocale="0"
      		FixFlag="no"
      		ItemAdj="no"
      		ItemFill=""
      		LenDataFlag="no"
      		LenDataBytes=""
      		SubName=""
      		SubNodeName=""
      		RecNum=""
      		NotNull="yes"
      		PlatElemFlag="no"
      		EnCoding="GBK"
      		CDATAFlag="no">
        <ConstData><![CDATA[]]></ConstData>
        <ItemParseExpr><![CDATA[]]></ItemParseExpr>
        <ItemBuildExpr><![CDATA[]]></ItemBuildExpr>
        <LenDataParseExpr><![CDATA[]]></LenDataParseExpr>
        <LenDataBuildExpr><![CDATA[]]></LenDataBuildExpr>
        <LengthExpr><![CDATA[]]></LengthExpr>
        <SubExpr><![CDATA[]]></SubExpr>
        <BeginTag><![CDATA[]]></BeginTag>
        <EndTag><![CDATA[]]></EndTag>
      </Item>
      <Item ItemType="item"
      		ItemSignName=""
      		ItemIgnr="no"
      		ItemDesc="业务名称"
      		ElemName="busname"
      		ItemDlmt=""
      		AsciiFlag="yes"
      		DecLocale="0"
      		FixFlag="no"
      		ItemAdj="no"
      		ItemFill=""
      		LenDataFlag="no"
      		LenDataBytes=""
      		SubName=""
      		SubNodeName=""
      		RecNum=""
      		NotNull="yes"
      		PlatElemFlag="no"
      		EnCoding="GBK"
      		CDATAFlag="no">
        <ConstData><![CDATA[]]></ConstData>
        <ItemParseExpr><![CDATA[]]></ItemParseExpr>
        <ItemBuildExpr><![CDATA[]]></ItemBuildExpr>
        <LenDataParseExpr><![CDATA[]]></LenDataParseExpr>
        <LenDataBuildExpr><![CDATA[]]></LenDataBuildExpr>
        <LengthExpr><![CDATA[]]></LengthExpr>
        <SubExpr><![CDATA[]]></SubExpr>
        <BeginTag><![CDATA[]]></BeginTag>
        <EndTag><![CDATA[]]></EndTag>
      </Item>
      <Item ItemType="item"
      		ItemSignName=""
      		ItemIgnr="no"
      		ItemDesc="运营商服务号码"
      		ElemName="spno"
      		ItemDlmt=""
      		AsciiFlag="yes"
      		DecLocale="0"
      		FixFlag="no"
      		ItemAdj="no"
      		ItemFill=""
      		LenDataFlag="no"
      		LenDataBytes=""
      		SubName=""
      		SubNodeName=""
      		RecNum=""
      		NotNull="yes"
      		PlatElemFlag="no"
      		EnCoding="GBK"
      		CDATAFlag="no">
        <ConstData><![CDATA[]]></ConstData>
        <ItemParseExpr><![CDATA[]]></ItemParseExpr>
        <ItemBuildExpr><![CDATA[]]></ItemBuildExpr>
        <LenDataParseExpr><![CDATA[]]></LenDataParseExpr>
        <LenDataBuildExpr><![CDATA[]]></LenDataBuildExpr>
        <LengthExpr><![CDATA[]]></LengthExpr>
        <SubExpr><![CDATA[]]></SubExpr>
        <BeginTag><![CDATA[]]></BeginTag>
        <EndTag><![CDATA[]]></EndTag>
      </Item>
    </ItemTab>
    <PlatElemMapTab RecNum="0"/>
  </Format>
  <Format FmtName="FMT_SMS_CLI_S610001_OUT"
  		FmtDesc="发送实时短信输出报文"
  		IOType="buf"
  		Compress=""
  		FmtType="xml"
  		SignName=""
  		BitMapType=""
  		VarityLen="no"
  		LengthBytes="0"
  		LengthDlmt=""
  		FileFmtType=""
  		EnCoding="GBK"
  		Comment=""
  		ElemName="SMS_CLI_S610001_IN"
  		XMLType="Standard">
    <FileName><![CDATA[]]></FileName>
    <FilePath><![CDATA[]]></FilePath>
    <LengthParseExpr><![CDATA[]]></LengthParseExpr>
    <LengthBuildExpr><![CDATA[]]></LengthBuildExpr>
    <ParseExpr><![CDATA[]]></ParseExpr>
    <BuildExpr><![CDATA[]]></BuildExpr>
    <NodeClass Name="未分类"
    		Desc="未分类"/>
    <ItemTab RecNum="2">
      <Item ItemType="fmt"
      		ItemSignName=""
      		ItemIgnr="no"
      		ItemDesc="公共请求报文头"
      		ElemName=""
      		ItemDlmt=""
      		AsciiFlag="yes"
      		DecLocale="0"
      		FixFlag="no"
      		ItemAdj="no"
      		ItemFill=""
      		LenDataFlag="no"
      		LenDataBytes=""
      		SubName="FMT_SMS_CLI_HEAD_OUT"
      		SubNodeName="Head"
      		RecNum=""
      		NotNull="no"
      		PlatElemFlag="no"
      		EnCoding="GBK"
      		CDATAFlag="no">
        <ConstData><![CDATA[]]></ConstData>
        <ItemParseExpr><![CDATA[]]></ItemParseExpr>
        <ItemBuildExpr><![CDATA[]]></ItemBuildExpr>
        <LenDataParseExpr><![CDATA[]]></LenDataParseExpr>
        <LenDataBuildExpr><![CDATA[]]></LenDataBuildExpr>
        <LengthExpr><![CDATA[]]></LengthExpr>
        <SubExpr><![CDATA[]]></SubExpr>
        <BeginTag><![CDATA[]]></BeginTag>
        <EndTag><![CDATA[]]></EndTag>
      </Item>
      <Item ItemType="fmt"
      		ItemSignName=""
      		ItemIgnr="no"
      		ItemDesc="发送实时短信输出报文体"
      		ElemName=""
      		ItemDlmt=""
      		AsciiFlag="yes"
      		DecLocale="0"
      		FixFlag="no"
      		ItemAdj="no"
      		ItemFill=""
      		LenDataFlag="no"
      		LenDataBytes=""
      		SubName="FMT_SMS_CLI_S610001_OUT_BODY"
      		SubNodeName="Body"
      		RecNum=""
      		NotNull="yes"
      		PlatElemFlag="no"
      		EnCoding="UTF-8"
      		CDATAFlag="no">
        <ConstData><![CDATA[]]></ConstData>
        <ItemParseExpr><![CDATA[]]></ItemParseExpr>
        <ItemBuildExpr><![CDATA[]]></ItemBuildExpr>
        <LenDataParseExpr><![CDATA[]]></LenDataParseExpr>
        <LenDataBuildExpr><![CDATA[]]></LenDataBuildExpr>
        <LengthExpr><![CDATA[]]></LengthExpr>
        <SubExpr><![CDATA[]]></SubExpr>
        <BeginTag><![CDATA[]]></BeginTag>
        <EndTag><![CDATA[]]></EndTag>
      </Item>
    </ItemTab>
    <PlatElemMapTab RecNum="0"/>
  </Format>
  <Format FmtName="FMT_SMS_CLI_S610001_IN"
  		FmtDesc="发送实时短信输入报文"
  		IOType="buf"
  		Compress=""
  		FmtType="xml"
  		SignName=""
  		BitMapType=""
  		VarityLen="no"
  		LengthBytes="0"
  		LengthDlmt=""
  		FileFmtType=""
  		EnCoding="GBK"
  		Comment=""
  		ElemName="SMS_CLI_S610001_OUT"
  		XMLType="Standard">
    <FileName><![CDATA[]]></FileName>
    <FilePath><![CDATA[]]></FilePath>
    <LengthParseExpr><![CDATA[]]></LengthParseExpr>
    <LengthBuildExpr><![CDATA[]]></LengthBuildExpr>
    <ParseExpr><![CDATA[]]></ParseExpr>
    <BuildExpr><![CDATA[]]></BuildExpr>
    <NodeClass Name="未分类"
    		Desc="未分类"/>
    <ItemTab RecNum="1">
      <Item ItemType="fmt"
      		ItemSignName=""
      		ItemIgnr="no"
      		ItemDesc="公共响应报文头"
      		ElemName=""
      		ItemDlmt=""
      		AsciiFlag="yes"
      		DecLocale="0"
      		FixFlag="no"
      		ItemAdj="no"
      		ItemFill=""
      		LenDataFlag="no"
      		LenDataBytes=""
      		SubName="FMT_SMS_CLI_HEAD_IN"
      		SubNodeName="Head"
      		RecNum=""
      		NotNull="no"
      		PlatElemFlag="no"
      		EnCoding="GBK"
      		CDATAFlag="no">
        <ConstData><![CDATA[]]></ConstData>
        <ItemParseExpr><![CDATA[]]></ItemParseExpr>
        <ItemBuildExpr><![CDATA[]]></ItemBuildExpr>
        <LenDataParseExpr><![CDATA[]]></LenDataParseExpr>
        <LenDataBuildExpr><![CDATA[]]></LenDataBuildExpr>
        <LengthExpr><![CDATA[]]></LengthExpr>
        <SubExpr><![CDATA[]]></SubExpr>
        <BeginTag><![CDATA[]]></BeginTag>
        <EndTag><![CDATA[]]></EndTag>
      </Item>
    </ItemTab>
    <PlatElemMapTab RecNum="0"/>
  </Format>
  <Format FmtName="PFMT_SMS_CLT_OUT"
  		FmtDesc="定长短信协议发送报文"
  		IOType="buf"
  		Compress=""
  		FmtType="string"
  		SignName=""
  		BitMapType=""
  		VarityLen="no"
  		LengthBytes="0"
  		LengthDlmt=""
  		FileFmtType=""
  		EnCoding="GB2312"
  		Comment=""
  		ElemName="__GDTA_FORMAT"
  		XMLType="Standard">
    <FileName><![CDATA[]]></FileName>
    <FilePath><![CDATA[]]></FilePath>
    <LengthParseExpr><![CDATA[]]></LengthParseExpr>
    <LengthBuildExpr><![CDATA[]]></LengthBuildExpr>
    <ParseExpr><![CDATA[]]></ParseExpr>
    <BuildExpr><![CDATA[]]></BuildExpr>
    <NodeClass Name="未分类"
    		Desc="未分类"/>
    <ItemTab RecNum="1">
      <Item ItemType="item"
      		ItemSignName=""
      		ItemIgnr="no"
      		ItemDesc="报文数据"
      		ElemName="__GDTA_ITEMDATA"
      		ItemDlmt=""
      		AsciiFlag="yes"
      		DecLocale="0"
      		FixFlag="yes"
      		ItemAdj="no"
      		ItemFill=""
      		LenDataFlag="no"
      		LenDataBytes=""
      		SubName=""
      		SubNodeName=""
      		RecNum=""
      		NotNull="yes"
      		PlatElemFlag="no"
      		EnCoding="GB2312"
      		CDATAFlag="no">
        <ConstData><![CDATA[]]></ConstData>
        <ItemParseExpr><![CDATA[]]></ItemParseExpr>
        <ItemBuildExpr><![CDATA[]]></ItemBuildExpr>
        <LenDataParseExpr><![CDATA[]]></LenDataParseExpr>
        <LenDataBuildExpr><![CDATA[]]></LenDataBuildExpr>
        <LengthExpr><![CDATA[$__GDTA_FORMAT.__GDTA_ITEMDATA_LENGTH]]></LengthExpr>
        <SubExpr><![CDATA[]]></SubExpr>
        <BeginTag><![CDATA[]]></BeginTag>
        <EndTag><![CDATA[]]></EndTag>
      </Item>
    </ItemTab>
    <PlatElemMapTab RecNum="0"/>
  </Format>
  <Format FmtName="PFMT_SMS_CLT_IN"
  		FmtDesc="短信接入报文"
  		IOType="buf"
  		Compress=""
  		FmtType="string"
  		SignName=""
  		BitMapType=""
  		VarityLen="no"
  		LengthBytes="0"
  		LengthDlmt=""
  		FileFmtType=""
  		EnCoding="GB2312"
  		Comment=""
  		ElemName="__GDTA_FORMAT"
  		XMLType="Standard">
    <FileName><![CDATA[]]></FileName>
    <FilePath><![CDATA[]]></FilePath>
    <LengthParseExpr><![CDATA[]]></LengthParseExpr>
    <LengthBuildExpr><![CDATA[]]></LengthBuildExpr>
    <ParseExpr><![CDATA[]]></ParseExpr>
    <BuildExpr><![CDATA[]]></BuildExpr>
    <NodeClass Name="未分类"
    		Desc="未分类"/>
    <ItemTab RecNum="1">
      <Item ItemType="item"
      		ItemSignName=""
      		ItemIgnr="no"
      		ItemDesc="报文数据"
      		ElemName="__GDTA_ITEMDATA"
      		ItemDlmt=""
      		AsciiFlag="yes"
      		DecLocale="0"
      		FixFlag="yes"
      		ItemAdj="left"
      		ItemFill="20"
      		LenDataFlag="no"
      		LenDataBytes=""
      		SubName=""
      		SubNodeName=""
      		RecNum=""
      		NotNull="yes"
      		PlatElemFlag="no"
      		EnCoding="GB2312"
      		CDATAFlag="no">
        <ConstData><![CDATA[]]></ConstData>
        <ItemParseExpr><![CDATA[]]></ItemParseExpr>
        <ItemBuildExpr><![CDATA[]]></ItemBuildExpr>
        <LenDataParseExpr><![CDATA[]]></LenDataParseExpr>
        <LenDataBuildExpr><![CDATA[]]></LenDataBuildExpr>
        <LengthExpr><![CDATA[$__GDTA_FORMAT.__GDTA_ITEMDATA_LENGTH=11;]]></LengthExpr>
        <SubExpr><![CDATA[]]></SubExpr>
        <BeginTag><![CDATA[]]></BeginTag>
        <EndTag><![CDATA[]]></EndTag>
      </Item>
    </ItemTab>
    <PlatElemMapTab RecNum="0"/>
  </Format>
  <Format FmtName="FMT_SN_SMS_CLT_OUT"
  		FmtDesc="短信发送报文"
  		IOType="buf"
  		Compress=""
  		FmtType="string"
  		SignName=""
  		BitMapType=""
  		VarityLen="no"
  		LengthBytes="0"
  		LengthDlmt=""
  		FileFmtType=""
  		EnCoding="GB2312"
  		Comment=""
  		ElemName="SMS_CLT_OUT"
  		XMLType="Standard">
    <FileName><![CDATA[]]></FileName>
    <FilePath><![CDATA[]]></FilePath>
    <LengthParseExpr><![CDATA[]]></LengthParseExpr>
    <LengthBuildExpr><![CDATA[]]></LengthBuildExpr>
    <ParseExpr><![CDATA[]]></ParseExpr>
    <BuildExpr><![CDATA[]]></BuildExpr>
    <NodeClass Name="未分类"
    		Desc="未分类"/>
    <ItemTab RecNum="15">
      <Item ItemType="item"
      		ItemSignName=""
      		ItemIgnr="no"
      		ItemDesc="4位通用字符串"
      		ElemName="package_header"
      		ItemDlmt=""
      		AsciiFlag="yes"
      		DecLocale="0"
      		FixFlag="yes"
      		ItemAdj="no"
      		ItemFill=""
      		LenDataFlag="no"
      		LenDataBytes=""
      		SubName=""
      		SubNodeName=""
      		RecNum=""
      		NotNull="yes"
      		PlatElemFlag="no"
      		EnCoding="GB2312"
      		CDATAFlag="no">
        <ConstData><![CDATA[]]></ConstData>
        <ItemParseExpr><![CDATA[]]></ItemParseExpr>
        <ItemBuildExpr><![CDATA[]]></ItemBuildExpr>
        <LenDataParseExpr><![CDATA[]]></LenDataParseExpr>
        <LenDataBuildExpr><![CDATA[]]></LenDataBuildExpr>
        <LengthExpr><![CDATA[4]]></LengthExpr>
        <SubExpr><![CDATA[]]></SubExpr>
        <BeginTag><![CDATA[]]></BeginTag>
        <EndTag><![CDATA[]]></EndTag>
      </Item>
      <Item ItemType="item"
      		ItemSignName=""
      		ItemIgnr="no"
      		ItemDesc="4位通用字符串"
      		ElemName="total_length"
      		ItemDlmt=""
      		AsciiFlag="yes"
      		DecLocale="0"
      		FixFlag="yes"
      		ItemAdj="no"
      		ItemFill=""
      		LenDataFlag="no"
      		LenDataBytes=""
      		SubName=""
      		SubNodeName=""
      		RecNum=""
      		NotNull="yes"
      		PlatElemFlag="no"
      		EnCoding="GB2312"
      		CDATAFlag="no">
        <ConstData><![CDATA[]]></ConstData>
        <ItemParseExpr><![CDATA[]]></ItemParseExpr>
        <ItemBuildExpr><![CDATA[]]></ItemBuildExpr>
        <LenDataParseExpr><![CDATA[]]></LenDataParseExpr>
        <LenDataBuildExpr><![CDATA[]]></LenDataBuildExpr>
        <LengthExpr><![CDATA[4]]></LengthExpr>
        <SubExpr><![CDATA[]]></SubExpr>
        <BeginTag><![CDATA[]]></BeginTag>
        <EndTag><![CDATA[]]></EndTag>
      </Item>
      <Item ItemType="item"
      		ItemSignName=""
      		ItemIgnr="no"
      		ItemDesc="2位通用字符串"
      		ElemName="send_type"
      		ItemDlmt=""
      		AsciiFlag="yes"
      		DecLocale="0"
      		FixFlag="yes"
      		ItemAdj="no"
      		ItemFill=""
      		LenDataFlag="no"
      		LenDataBytes=""
      		SubName=""
      		SubNodeName=""
      		RecNum=""
      		NotNull="yes"
      		PlatElemFlag="no"
      		EnCoding="GB2312"
      		CDATAFlag="no">
        <ConstData><![CDATA[]]></ConstData>
        <ItemParseExpr><![CDATA[]]></ItemParseExpr>
        <ItemBuildExpr><![CDATA[]]></ItemBuildExpr>
        <LenDataParseExpr><![CDATA[]]></LenDataParseExpr>
        <LenDataBuildExpr><![CDATA[]]></LenDataBuildExpr>
        <LengthExpr><![CDATA[2]]></LengthExpr>
        <SubExpr><![CDATA[]]></SubExpr>
        <BeginTag><![CDATA[]]></BeginTag>
        <EndTag><![CDATA[]]></EndTag>
      </Item>
      <Item ItemType="item"
      		ItemSignName=""
      		ItemIgnr="no"
      		ItemDesc="2位通用字符串"
      		ElemName="valid_period"
      		ItemDlmt=""
      		AsciiFlag="yes"
      		DecLocale="0"
      		FixFlag="yes"
      		ItemAdj="no"
      		ItemFill=""
      		LenDataFlag="no"
      		LenDataBytes=""
      		SubName=""
      		SubNodeName=""
      		RecNum=""
      		NotNull="yes"
      		PlatElemFlag="no"
      		EnCoding="GB2312"
      		CDATAFlag="no">
        <ConstData><![CDATA[]]></ConstData>
        <ItemParseExpr><![CDATA[]]></ItemParseExpr>
        <ItemBuildExpr><![CDATA[]]></ItemBuildExpr>
        <LenDataParseExpr><![CDATA[]]></LenDataParseExpr>
        <LenDataBuildExpr><![CDATA[]]></LenDataBuildExpr>
        <LengthExpr><![CDATA[2]]></LengthExpr>
        <SubExpr><![CDATA[]]></SubExpr>
        <BeginTag><![CDATA[]]></BeginTag>
        <EndTag><![CDATA[]]></EndTag>
      </Item>
      <Item ItemType="item"
      		ItemSignName=""
      		ItemIgnr="no"
      		ItemDesc="2位通用字符串"
      		ElemName="channel_type"
      		ItemDlmt=""
      		AsciiFlag="yes"
      		DecLocale="0"
      		FixFlag="yes"
      		ItemAdj="left"
      		ItemFill="20"
      		LenDataFlag="no"
      		LenDataBytes=""
      		SubName=""
      		SubNodeName=""
      		RecNum=""
      		NotNull="yes"
      		PlatElemFlag="no"
      		EnCoding="GB2312"
      		CDATAFlag="no">
        <ConstData><![CDATA[]]></ConstData>
        <ItemParseExpr><![CDATA[]]></ItemParseExpr>
        <ItemBuildExpr><![CDATA[]]></ItemBuildExpr>
        <LenDataParseExpr><![CDATA[]]></LenDataParseExpr>
        <LenDataBuildExpr><![CDATA[]]></LenDataBuildExpr>
        <LengthExpr><![CDATA[2]]></LengthExpr>
        <SubExpr><![CDATA[]]></SubExpr>
        <BeginTag><![CDATA[]]></BeginTag>
        <EndTag><![CDATA[]]></EndTag>
      </Item>
      <Item ItemType="item"
      		ItemSignName=""
      		ItemIgnr="no"
      		ItemDesc="2位通用字符串"
      		ElemName="fee_type"
      		ItemDlmt=""
      		AsciiFlag="yes"
      		DecLocale="0"
      		FixFlag="yes"
      		ItemAdj="no"
      		ItemFill=""
      		LenDataFlag="no"
      		LenDataBytes=""
      		SubName=""
      		SubNodeName=""
      		RecNum=""
      		NotNull="yes"
      		PlatElemFlag="no"
      		EnCoding="GB2312"
      		CDATAFlag="no">
        <ConstData><![CDATA[]]></ConstData>
        <ItemParseExpr><![CDATA[]]></ItemParseExpr>
        <ItemBuildExpr><![CDATA[]]></ItemBuildExpr>
        <LenDataParseExpr><![CDATA[]]></LenDataParseExpr>
        <LenDataBuildExpr><![CDATA[]]></LenDataBuildExpr>
        <LengthExpr><![CDATA[2]]></LengthExpr>
        <SubExpr><![CDATA[]]></SubExpr>
        <BeginTag><![CDATA[]]></BeginTag>
        <EndTag><![CDATA[]]></EndTag>
      </Item>
      <Item ItemType="item"
      		ItemSignName=""
      		ItemIgnr="no"
      		ItemDesc="2位通用字符串"
      		ElemName="interaction_type"
      		ItemDlmt=""
      		AsciiFlag="yes"
      		DecLocale="0"
      		FixFlag="yes"
      		ItemAdj="no"
      		ItemFill=""
      		LenDataFlag="no"
      		LenDataBytes=""
      		SubName=""
      		SubNodeName=""
      		RecNum=""
      		NotNull="yes"
      		PlatElemFlag="no"
      		EnCoding="GB2312"
      		CDATAFlag="no">
        <ConstData><![CDATA[]]></ConstData>
        <ItemParseExpr><![CDATA[]]></ItemParseExpr>
        <ItemBuildExpr><![CDATA[]]></ItemBuildExpr>
        <LenDataParseExpr><![CDATA[]]></LenDataParseExpr>
        <LenDataBuildExpr><![CDATA[]]></LenDataBuildExpr>
        <LengthExpr><![CDATA[1]]></LengthExpr>
        <SubExpr><![CDATA[]]></SubExpr>
        <BeginTag><![CDATA[]]></BeginTag>
        <EndTag><![CDATA[]]></EndTag>
      </Item>
      <Item ItemType="item"
      		ItemSignName=""
      		ItemIgnr="no"
      		ItemDesc="1位通用字符串"
      		ElemName="service_type"
      		ItemDlmt=""
      		AsciiFlag="yes"
      		DecLocale="0"
      		FixFlag="yes"
      		ItemAdj="no"
      		ItemFill=""
      		LenDataFlag="no"
      		LenDataBytes=""
      		SubName=""
      		SubNodeName=""
      		RecNum=""
      		NotNull="yes"
      		PlatElemFlag="no"
      		EnCoding="GB2312"
      		CDATAFlag="no">
        <ConstData><![CDATA[]]></ConstData>
        <ItemParseExpr><![CDATA[]]></ItemParseExpr>
        <ItemBuildExpr><![CDATA[]]></ItemBuildExpr>
        <LenDataParseExpr><![CDATA[]]></LenDataParseExpr>
        <LenDataBuildExpr><![CDATA[]]></LenDataBuildExpr>
        <LengthExpr><![CDATA[2]]></LengthExpr>
        <SubExpr><![CDATA[]]></SubExpr>
        <BeginTag><![CDATA[]]></BeginTag>
        <EndTag><![CDATA[]]></EndTag>
      </Item>
      <Item ItemType="item"
      		ItemSignName=""
      		ItemIgnr="no"
      		ItemDesc="2位通用字符串"
      		ElemName="mt_time"
      		ItemDlmt=""
      		AsciiFlag="yes"
      		DecLocale="0"
      		FixFlag="yes"
      		ItemAdj="left"
      		ItemFill="20"
      		LenDataFlag="no"
      		LenDataBytes=""
      		SubName=""
      		SubNodeName=""
      		RecNum=""
      		NotNull="yes"
      		PlatElemFlag="no"
      		EnCoding="GB2312"
      		CDATAFlag="no">
        <ConstData><![CDATA[]]></ConstData>
        <ItemParseExpr><![CDATA[]]></ItemParseExpr>
        <ItemBuildExpr><![CDATA[]]></ItemBuildExpr>
        <LenDataParseExpr><![CDATA[]]></LenDataParseExpr>
        <LenDataBuildExpr><![CDATA[]]></LenDataBuildExpr>
        <LengthExpr><![CDATA[14]]></LengthExpr>
        <SubExpr><![CDATA[]]></SubExpr>
        <BeginTag><![CDATA[]]></BeginTag>
        <EndTag><![CDATA[]]></EndTag>
      </Item>
      <Item ItemType="item"
      		ItemSignName=""
      		ItemIgnr="no"
      		ItemDesc="20位的通用字符串"
      		ElemName="account"
      		ItemDlmt=""
      		AsciiFlag="yes"
      		DecLocale="0"
      		FixFlag="yes"
      		ItemAdj="left"
      		ItemFill="20"
      		LenDataFlag="no"
      		LenDataBytes=""
      		SubName=""
      		SubNodeName=""
      		RecNum=""
      		NotNull="yes"
      		PlatElemFlag="no"
      		EnCoding="GB2312"
      		CDATAFlag="no">
        <ConstData><![CDATA[]]></ConstData>
        <ItemParseExpr><![CDATA[]]></ItemParseExpr>
        <ItemBuildExpr><![CDATA[]]></ItemBuildExpr>
        <LenDataParseExpr><![CDATA[]]></LenDataParseExpr>
        <LenDataBuildExpr><![CDATA[]]></LenDataBuildExpr>
        <LengthExpr><![CDATA[20]]></LengthExpr>
        <SubExpr><![CDATA[]]></SubExpr>
        <BeginTag><![CDATA[]]></BeginTag>
        <EndTag><![CDATA[]]></EndTag>
      </Item>
      <Item ItemType="item"
      		ItemSignName=""
      		ItemIgnr="no"
      		ItemDesc="25位通用字符串"
      		ElemName="other"
      		ItemDlmt=""
      		AsciiFlag="yes"
      		DecLocale="0"
      		FixFlag="yes"
      		ItemAdj="left"
      		ItemFill="20"
      		LenDataFlag="no"
      		LenDataBytes=""
      		SubName=""
      		SubNodeName=""
      		RecNum=""
      		NotNull="yes"
      		PlatElemFlag="no"
      		EnCoding="GB2312"
      		CDATAFlag="no">
        <ConstData><![CDATA[]]></ConstData>
        <ItemParseExpr><![CDATA[]]></ItemParseExpr>
        <ItemBuildExpr><![CDATA[]]></ItemBuildExpr>
        <LenDataParseExpr><![CDATA[]]></LenDataParseExpr>
        <LenDataBuildExpr><![CDATA[]]></LenDataBuildExpr>
        <LengthExpr><![CDATA[25]]></LengthExpr>
        <SubExpr><![CDATA[]]></SubExpr>
        <BeginTag><![CDATA[]]></BeginTag>
        <EndTag><![CDATA[]]></EndTag>
      </Item>
      <Item ItemType="item"
      		ItemSignName=""
      		ItemIgnr="no"
      		ItemDesc="18位通用字符串"
      		ElemName="mo_seq"
      		ItemDlmt=""
      		AsciiFlag="yes"
      		DecLocale="0"
      		FixFlag="yes"
      		ItemAdj="left"
      		ItemFill="20"
      		LenDataFlag="no"
      		LenDataBytes=""
      		SubName=""
      		SubNodeName=""
      		RecNum=""
      		NotNull="yes"
      		PlatElemFlag="no"
      		EnCoding="GB2312"
      		CDATAFlag="no">
        <ConstData><![CDATA[]]></ConstData>
        <ItemParseExpr><![CDATA[]]></ItemParseExpr>
        <ItemBuildExpr><![CDATA[]]></ItemBuildExpr>
        <LenDataParseExpr><![CDATA[]]></LenDataParseExpr>
        <LenDataBuildExpr><![CDATA[]]></LenDataBuildExpr>
        <LengthExpr><![CDATA[18]]></LengthExpr>
        <SubExpr><![CDATA[]]></SubExpr>
        <BeginTag><![CDATA[]]></BeginTag>
        <EndTag><![CDATA[]]></EndTag>
      </Item>
      <Item ItemType="item"
      		ItemSignName=""
      		ItemIgnr="no"
      		ItemDesc="18位通用字符串"
      		ElemName="mt_seq"
      		ItemDlmt=""
      		AsciiFlag="yes"
      		DecLocale="0"
      		FixFlag="yes"
      		ItemAdj="left"
      		ItemFill="20"
      		LenDataFlag="no"
      		LenDataBytes=""
      		SubName=""
      		SubNodeName=""
      		RecNum=""
      		NotNull="yes"
      		PlatElemFlag="no"
      		EnCoding="GB2312"
      		CDATAFlag="no">
        <ConstData><![CDATA[]]></ConstData>
        <ItemParseExpr><![CDATA[]]></ItemParseExpr>
        <ItemBuildExpr><![CDATA[]]></ItemBuildExpr>
        <LenDataParseExpr><![CDATA[]]></LenDataParseExpr>
        <LenDataBuildExpr><![CDATA[]]></LenDataBuildExpr>
        <LengthExpr><![CDATA[18]]></LengthExpr>
        <SubExpr><![CDATA[]]></SubExpr>
        <BeginTag><![CDATA[]]></BeginTag>
        <EndTag><![CDATA[]]></EndTag>
      </Item>
      <Item ItemType="item"
      		ItemSignName=""
      		ItemIgnr="no"
      		ItemDesc="18位通用字符串"
      		ElemName="phone_num"
      		ItemDlmt=""
      		AsciiFlag="yes"
      		DecLocale="0"
      		FixFlag="yes"
      		ItemAdj="left"
      		ItemFill="20"
      		LenDataFlag="no"
      		LenDataBytes=""
      		SubName=""
      		SubNodeName=""
      		RecNum=""
      		NotNull="yes"
      		PlatElemFlag="no"
      		EnCoding="GB2312"
      		CDATAFlag="no">
        <ConstData><![CDATA[]]></ConstData>
        <ItemParseExpr><![CDATA[]]></ItemParseExpr>
        <ItemBuildExpr><![CDATA[]]></ItemBuildExpr>
        <LenDataParseExpr><![CDATA[]]></LenDataParseExpr>
        <LenDataBuildExpr><![CDATA[]]></LenDataBuildExpr>
        <LengthExpr><![CDATA[121]]></LengthExpr>
        <SubExpr><![CDATA[]]></SubExpr>
        <BeginTag><![CDATA[]]></BeginTag>
        <EndTag><![CDATA[]]></EndTag>
      </Item>
      <Item ItemType="item"
      		ItemSignName=""
      		ItemIgnr="no"
      		ItemDesc="255位通用字符串"
      		ElemName="content"
      		ItemDlmt=""
      		AsciiFlag="yes"
      		DecLocale="0"
      		FixFlag="yes"
      		ItemAdj="left"
      		ItemFill="20"
      		LenDataFlag="no"
      		LenDataBytes=""
      		SubName=""
      		SubNodeName=""
      		RecNum=""
      		NotNull="yes"
      		PlatElemFlag="no"
      		EnCoding="GB2312"
      		CDATAFlag="no">
        <ConstData><![CDATA[]]></ConstData>
        <ItemParseExpr><![CDATA[]]></ItemParseExpr>
        <ItemBuildExpr><![CDATA[]]></ItemBuildExpr>
        <LenDataParseExpr><![CDATA[]]></LenDataParseExpr>
        <LenDataBuildExpr><![CDATA[]]></LenDataBuildExpr>
        <LengthExpr><![CDATA[255]]></LengthExpr>
        <SubExpr><![CDATA[]]></SubExpr>
        <BeginTag><![CDATA[]]></BeginTag>
        <EndTag><![CDATA[]]></EndTag>
      </Item>
    </ItemTab>
    <PlatElemMapTab RecNum="0"/>
  </Format>
  <Format FmtName="FMT_SN_SMS_CLT_IN"
  		FmtDesc="短信接收报文"
  		IOType="buf"
  		Compress=""
  		FmtType="string"
  		SignName=""
  		BitMapType=""
  		VarityLen="no"
  		LengthBytes="0"
  		LengthDlmt=""
  		FileFmtType=""
  		EnCoding="GB2312"
  		Comment=""
  		ElemName="SMS_CLT_IN"
  		XMLType="Standard">
    <FileName><![CDATA[]]></FileName>
    <FilePath><![CDATA[]]></FilePath>
    <LengthParseExpr><![CDATA[]]></LengthParseExpr>
    <LengthBuildExpr><![CDATA[]]></LengthBuildExpr>
    <ParseExpr><![CDATA[]]></ParseExpr>
    <BuildExpr><![CDATA[]]></BuildExpr>
    <NodeClass Name="未分类"
    		Desc="未分类"/>
    <ItemTab RecNum="3">
      <Item ItemType="item"
      		ItemSignName=""
      		ItemIgnr="no"
      		ItemDesc="4位通用字符串"
      		ElemName="res_len"
      		ItemDlmt=""
      		AsciiFlag="yes"
      		DecLocale="0"
      		FixFlag="yes"
      		ItemAdj="left"
      		ItemFill="20"
      		LenDataFlag="no"
      		LenDataBytes=""
      		SubName=""
      		SubNodeName=""
      		RecNum=""
      		NotNull="yes"
      		PlatElemFlag="no"
      		EnCoding="GB2312"
      		CDATAFlag="no">
        <ConstData><![CDATA[]]></ConstData>
        <ItemParseExpr><![CDATA[]]></ItemParseExpr>
        <ItemBuildExpr><![CDATA[]]></ItemBuildExpr>
        <LenDataParseExpr><![CDATA[]]></LenDataParseExpr>
        <LenDataBuildExpr><![CDATA[]]></LenDataBuildExpr>
        <LengthExpr><![CDATA[4]]></LengthExpr>
        <SubExpr><![CDATA[]]></SubExpr>
        <BeginTag><![CDATA[]]></BeginTag>
        <EndTag><![CDATA[]]></EndTag>
      </Item>
      <Item ItemType="item"
      		ItemSignName=""
      		ItemIgnr="no"
      		ItemDesc="4位通用字符串"
      		ElemName="package_header"
      		ItemDlmt=""
      		AsciiFlag="yes"
      		DecLocale="0"
      		FixFlag="yes"
      		ItemAdj="left"
      		ItemFill="20"
      		LenDataFlag="no"
      		LenDataBytes=""
      		SubName=""
      		SubNodeName=""
      		RecNum=""
      		NotNull="yes"
      		PlatElemFlag="no"
      		EnCoding="GB2312"
      		CDATAFlag="no">
        <ConstData><![CDATA[]]></ConstData>
        <ItemParseExpr><![CDATA[]]></ItemParseExpr>
        <ItemBuildExpr><![CDATA[]]></ItemBuildExpr>
        <LenDataParseExpr><![CDATA[]]></LenDataParseExpr>
        <LenDataBuildExpr><![CDATA[]]></LenDataBuildExpr>
        <LengthExpr><![CDATA[3]]></LengthExpr>
        <SubExpr><![CDATA[]]></SubExpr>
        <BeginTag><![CDATA[]]></BeginTag>
        <EndTag><![CDATA[]]></EndTag>
      </Item>
      <Item ItemType="item"
      		ItemSignName=""
      		ItemIgnr="no"
      		ItemDesc="4位通用字符串"
      		ElemName="res_len"
      		ItemDlmt=""
      		AsciiFlag="yes"
      		DecLocale="0"
      		FixFlag="yes"
      		ItemAdj="left"
      		ItemFill="20"
      		LenDataFlag="no"
      		LenDataBytes=""
      		SubName=""
      		SubNodeName=""
      		RecNum=""
      		NotNull="yes"
      		PlatElemFlag="no"
      		EnCoding="GB2312"
      		CDATAFlag="no">
        <ConstData><![CDATA[]]></ConstData>
        <ItemParseExpr><![CDATA[]]></ItemParseExpr>
        <ItemBuildExpr><![CDATA[]]></ItemBuildExpr>
        <LenDataParseExpr><![CDATA[]]></LenDataParseExpr>
        <LenDataBuildExpr><![CDATA[]]></LenDataBuildExpr>
        <LengthExpr><![CDATA[4]]></LengthExpr>
        <SubExpr><![CDATA[]]></SubExpr>
        <BeginTag><![CDATA[]]></BeginTag>
        <EndTag><![CDATA[]]></EndTag>
      </Item>
    </ItemTab>
    <PlatElemMapTab RecNum="0"/>
  </Format>
</FormatTab>
