<?xml version="1.0" encoding="UTF-8"?>

<ApplicationLogicAdapter Name="ACCT"
		Desc="无卡支付账务类业务"
		Transaction="yes"
		RespFlag="yes"
		Prio="3"
		TimeOut="50"
		MaxRevsTms="0"
		MaxCompsTms="0"
		InElemName=""
		OutElemName="">
  <AlaInitEnd><![CDATA[]]></AlaInitEnd>
  <AlaTermBegin><![CDATA[]]></AlaTermBegin>
  <AlaTermEnd><![CDATA[]]></AlaTermEnd>
  <SvcSuccProc><![CDATA[]]></SvcSuccProc>
  <SvcLostProc><![CDATA[]]></SvcLostProc>
  <SvcPreProc><![CDATA[$BkData.EntrNo="035001";
$BkData.BusiNo="0001";
@busiPub.chkAla();
@sysPub.sysChkStat();
@sysPub.sysChkTx();
@sysPub.sysChkEntr($BkData.EntrNo);
@sysPub.sysChkChn($fmt_CUP_SVR_IN[0].MsgHeader[0].BkData[0].ChnlNo);
@busiPub.instBook();]]></SvcPreProc>
  <SvcTermEnd><![CDATA[@busiPub.uptBook();
@busiPub.chkTimeOut();]]></SvcTermEnd>
  <RevsInit><![CDATA[]]></RevsInit>
  <RevsSucc><![CDATA[]]></RevsSucc>
  <RevsFail><![CDATA[]]></RevsFail>
  <RevsCond><![CDATA[]]></RevsCond>
  <CompsInit><![CDATA[]]></CompsInit>
  <CompsSucc><![CDATA[]]></CompsSucc>
  <CompsFail><![CDATA[]]></CompsFail>
  <CompsCond><![CDATA[]]></CompsCond>
  <ChkItemTab RecNum="0"/>
</ApplicationLogicAdapter>
