<?xml version="1.0" encoding="UTF-8"?>

<SvcDependTab SrcType="C"
		SrcName="ACCT">
  <SvcDepend SrcSvcName="SACCT0021001">
    <ItemList>
      <Item DestType="B"
      		DestName="HOST_CLI"
      		SvcName="S801053"/>
      <Item DestType="B"
      		DestName="HOST_CLI"
      		SvcName="S818888"/>
      <Item DestType="B"
      		DestName="CRED_CLI"
      		SvcName="212006"/>
      <Item DestType="B"
      		DestName="CRED_CLI"
      		SvcName="030105"/>
    </ItemList>
  </SvcDepend>
  <SvcDepend SrcSvcName="SACCT0021002">
    <ItemList>
      <Item DestType="B"
      		DestName="HOST_CLI"
      		SvcName="S801053"/>
      <Item DestType="B"
      		DestName="HOST_CLI"
      		SvcName="S818888"/>
      <Item DestType="B"
      		DestName="CRED_CLI"
      		SvcName="030105"/>
      <Item DestType="B"
      		DestName="CRED_CLI"
      		SvcName="212006"/>
    </ItemList>
  </SvcDepend>
  <SvcDepend SrcSvcName="SACCT0021003">
    <ItemList>
      <Item DestType="B"
      		DestName="HOST_CLI"
      		SvcName="S801003"/>
      <Item DestType="B"
      		DestName="HOST_CLI"
      		SvcName="S818888"/>
      <Item DestType="B"
      		DestName="CRED_CLI"
      		SvcName="030105"/>
      <Item DestType="B"
      		DestName="CRED_CLI"
      		SvcName="212006"/>
    </ItemList>
  </SvcDepend>
  <SvcDepend SrcSvcName="SACCT0021101">
    <ItemList>
      <Item DestType="B"
      		DestName="HOST_CLI"
      		SvcName="S805016"/>
      <Item DestType="B"
      		DestName="HOST_CLI"
      		SvcName="S818888"/>
      <Item DestType="B"
      		DestName="CRED_CLI"
      		SvcName="030105"/>
      <Item DestType="B"
      		DestName="CRED_CLI"
      		SvcName="212006"/>
    </ItemList>
  </SvcDepend>
  <SvcDepend SrcSvcName="SACCT0022001">
    <ItemList>
      <Item DestType="B"
      		DestName="HOST_CLI"
      		SvcName="S801003"/>
      <Item DestType="B"
      		DestName="HOST_CLI"
      		SvcName="S818888"/>
      <Item DestType="B"
      		DestName="CRED_CLI"
      		SvcName="030105"/>
      <Item DestType="B"
      		DestName="CRED_CLI"
      		SvcName="212006"/>
    </ItemList>
  </SvcDepend>
</SvcDependTab>
