<?xml version="1.0" encoding="UTF-8"?>

<Logic Name="SACCT0021001"
		Desc="协议支付"
		LogicType="SvcLogic"
		PrioParm="0"
		TimeOut="0"
		RevsFlag="no"
		Transaction="No"
		DestTimeOut="yes"
		RevsSeq="Random"
		RevsSvcName=""
		RevsDtaType=""
		RevsDtaName=""
		CompsSeq="Random"
		CompsFlag="no"
		CompsSvcName=""
		CompsDtaType=""
		CompsDtaName=""
		InElemName="fmt_CUP_SVR_IN"
		OutElemName="fmt_CUP_SVR_OUT"
		LocalCall="no"
		RemoteCall="yes"
		Merged="no"
		DsAlias="">
  <NodeClass Name="未分类"
  		Desc="未分类"/>
  <RevsInit><![CDATA[]]></RevsInit>
  <RevsSucc><![CDATA[]]></RevsSucc>
  <RevsFail><![CDATA[]]></RevsFail>
  <CompsInit><![CDATA[]]></CompsInit>
  <CompsSucc><![CDATA[]]></CompsSucc>
  <CompsFail><![CDATA[]]></CompsFail>
  <SvcSuccProc><![CDATA[]]></SvcSuccProc>
  <SvcLostProc><![CDATA[]]></SvcLostProc>
  <SvcPreProc><![CDATA[]]></SvcPreProc>
  <SvcTermEnd><![CDATA[]]></SvcTermEnd>
  <SqlTab RecNum="0"/>
  <RouteExpr><![CDATA[]]></RouteExpr>
  <EntranceTab RecNum="0"/>
  <Flow> 
    <Container Transaction="no"
    		DsAlias=""
    		Name="Sequence"
    		FlowDesc="Sequence">
      <Computation Name="Expr4"
      		FlowDesc="报文赋值及前检查"> 
        <EvtBefore><![CDATA[]]></EvtBefore>  
        <EvtFailedAfter><![CDATA[]]></EvtFailedAfter>  
        <EvtSuccessAfter><![CDATA[]]></EvtSuccessAfter>  
        <Expression><![CDATA[@SACCT0021001.chk();]]></Expression> 
      </Computation>
      <Computation Name="Expr"
      		FlowDesc="二维码业务及签约协议号检查"> 
        <EvtFailedAfter><![CDATA[]]></EvtFailedAfter>  
        <EvtSuccessAfter><![CDATA[]]></EvtSuccessAfter>  
        <EvtBefore/>  
        <Expression><![CDATA[@SACCT0021001.chkBusi();]]></Expression> 
      </Computation>
      <Computation Name="Expr1"
      		FlowDesc="查询卡BIN"> 
        <EvtBefore><![CDATA[]]></EvtBefore>  
        <EvtFailedAfter><![CDATA[]]></EvtFailedAfter>  
        <EvtSuccessAfter><![CDATA[]]></EvtSuccessAfter>  
        <Expression><![CDATA[@busiPub.cupGetAcctType( $T_NCP_SIGN[0].ACCT_NO );]]></Expression> 
      </Computation>
      <Computation Name="Expr3"
      		FlowDesc="业务限额检查控制"> 
        <EvtFailedAfter><![CDATA[]]></EvtFailedAfter>  
        <EvtSuccessAfter><![CDATA[]]></EvtSuccessAfter>  
        <Expression> <![CDATA[@ACCTPub.chkBusiLmt();]]> </Expression>  
        <EvtBefore> <![CDATA[@ACCTPub.chkCupLmtBef();]]> </EvtBefore> 
      </Computation>
      <If Name="If2"
      		FlowDesc="借记卡"> 
        <EvtBefore><![CDATA[]]></EvtBefore>  
        <EvtFailedAfter><![CDATA[]]></EvtFailedAfter>  
        <EvtSuccessAfter><![CDATA[]]></EvtSuccessAfter>  
        <ElseIf> 
          <Condition><![CDATA[$INIT[0]._CARD_TYPE == "5";]]></Condition>  
          <Computation Name="Expr5"
          		FlowDesc="不支持贷记卡"> 
            <EvtBefore><![CDATA[]]></EvtBefore>  
            <EvtFailedAfter><![CDATA[]]></EvtFailedAfter>  
            <EvtSuccessAfter><![CDATA[]]></EvtSuccessAfter>  
            <Expression><![CDATA[@busiPub.cupNoSup();]]></Expression> 
          </Computation> 
        </ElseIf>  
        <Else> 
          <Exit Name="Exit"
          		FlowDesc="Exit"> 
            <EvtFailedAfter><![CDATA[]]></EvtFailedAfter>  
            <EvtSuccessAfter><![CDATA[]]></EvtSuccessAfter>  
            <EvtBefore/> 
          </Exit> 
        </Else>  
        <Condition><![CDATA[$INIT[0]._CARD_TYPE == "0";]]></Condition>  
        <Computation Name="Expr2"
        		FlowDesc="核心记账处理"> 
          <EvtBefore><![CDATA[]]></EvtBefore>  
          <EvtFailedAfter><![CDATA[]]></EvtFailedAfter>  
          <Expression><![CDATA[@SACCT0021001.callHost();]]></Expression>  
          <EvtSuccessAfter> <![CDATA[@busiPub.setCupSuc();
@ACCTPub.uptLmtTot();]]> </EvtSuccessAfter> 
        </Computation> 
      </If>  
      <EvtBefore><![CDATA[]]></EvtBefore>  
      <EvtFailedAfter><![CDATA[]]></EvtFailedAfter>  
      <EvtSuccessAfter><![CDATA[]]></EvtSuccessAfter> 
    </Container> 
  </Flow>
  <ChkItemTab RecNum="0"/>
</Logic>
