<?xml version="1.0" encoding="UTF-8"?>

<Logic Name="SACCT0021101"
		Desc="退款"
		LogicType="SvcLogic"
		PrioParm="0"
		TimeOut="0"
		RevsFlag="no"
		Transaction="No"
		DestTimeOut="no"
		RevsSeq="Random"
		RevsSvcName=""
		RevsDtaType=""
		RevsDtaName=""
		CompsSeq="Random"
		CompsFlag="no"
		CompsSvcName=""
		CompsDtaType=""
		CompsDtaName=""
		InElemName="fmt_CUP_SVR_IN"
		OutElemName="fmt_CUP_SVR_OUT"
		LocalCall="no"
		RemoteCall="yes"
		Merged="no"
		DsAlias="">
  <NodeClass Name="未分类"
  		Desc="未分类"/>
  <RevsInit><![CDATA[]]></RevsInit>
  <RevsSucc><![CDATA[]]></RevsSucc>
  <RevsFail><![CDATA[]]></RevsFail>
  <CompsInit><![CDATA[]]></CompsInit>
  <CompsSucc><![CDATA[]]></CompsSucc>
  <CompsFail><![CDATA[]]></CompsFail>
  <SvcSuccProc><![CDATA[]]></SvcSuccProc>
  <SvcLostProc><![CDATA[]]></SvcLostProc>
  <SvcPreProc><![CDATA[]]></SvcPreProc>
  <SvcTermEnd><![CDATA[]]></SvcTermEnd>
  <SqlTab RecNum="0"/>
  <RouteExpr><![CDATA[]]></RouteExpr>
  <EntranceTab RecNum="0"/>
  <Flow> 
    <Container Transaction="no"
    		DsAlias=""
    		Name="Sequence"
    		FlowDesc="Sequence">
      <Computation Name="Expr1"
      		FlowDesc="文赋值及检查">
        <EvtBefore><![CDATA[]]></EvtBefore>
        <EvtFailedAfter><![CDATA[]]></EvtFailedAfter>
        <EvtSuccessAfter><![CDATA[]]></EvtSuccessAfter>
        <Expression><![CDATA[@SACCT0021101.chk();]]></Expression>
      </Computation>
      <Computation Name="Expr"
      		FlowDesc="判断是付款行还是收款行">
        <EvtFailedAfter><![CDATA[]]></EvtFailedAfter>
        <EvtSuccessAfter><![CDATA[]]></EvtSuccessAfter>
        <Expression><![CDATA[@busiPub.chkRPFlg();]]></Expression>
        <EvtBefore/>
      </Computation>
      <If Name="If"
      		FlowDesc="If">
        <EvtBefore><![CDATA[]]></EvtBefore>
        <EvtFailedAfter><![CDATA[]]></EvtFailedAfter>
        <EvtSuccessAfter><![CDATA[]]></EvtSuccessAfter>
        <ElseIf>
          <Condition><![CDATA[$INIT[0]._RPFLG == "1"]]></Condition>
          <Computation Name="Expr4"
          		FlowDesc="不支持付款行">
            <EvtBefore><![CDATA[]]></EvtBefore>
            <EvtFailedAfter><![CDATA[]]></EvtFailedAfter>
            <EvtSuccessAfter><![CDATA[]]></EvtSuccessAfter>
            <Expression><![CDATA[@busiPub.cupNoSup();]]></Expression>
          </Computation>
        </ElseIf>
        <Condition><![CDATA[$INIT[0]._RPFLG == "2"]]></Condition>
        <Container Transaction="no"
        		DsAlias=""
        		Name="Sequence1"
        		FlowDesc="收款行流程">
          <Computation Name="Expr3"
          		FlowDesc="退货业务逻辑检查">
            <EvtBefore><![CDATA[]]></EvtBefore>
            <EvtFailedAfter><![CDATA[]]></EvtFailedAfter>
            <EvtSuccessAfter><![CDATA[]]></EvtSuccessAfter>
            <Expression><![CDATA[@SACCT0021101.chkRetBusi();]]></Expression>
          </Computation>
          <Computation Name="Expr2"
          		FlowDesc="退货退到原付款人账户">
            <EvtBefore><![CDATA[]]></EvtBefore>
            <EvtFailedAfter><![CDATA[]]></EvtFailedAfter>
            <EvtSuccessAfter><![CDATA[]]></EvtSuccessAfter>
            <Expression><![CDATA[@busiPub.cupGetAcctType($T_NCP_BOOK_HIST[0].PAY_ACCT_NO);]]></Expression>
          </Computation>
          <If Name="If1"
          		FlowDesc="借记卡">
            <EvtBefore><![CDATA[]]></EvtBefore>
            <EvtFailedAfter><![CDATA[]]></EvtFailedAfter>
            <EvtSuccessAfter><![CDATA[]]></EvtSuccessAfter>
            <ElseIf>
              <Condition><![CDATA[$INIT[0]._CARD_TYPE == "5"]]></Condition>
              <Computation Name="Expr6"
              		FlowDesc="不支持贷记卡">
                <EvtBefore><![CDATA[]]></EvtBefore>
                <EvtFailedAfter><![CDATA[]]></EvtFailedAfter>
                <EvtSuccessAfter><![CDATA[]]></EvtSuccessAfter>
                <Expression><![CDATA[@busiPub.cupNoSup();]]></Expression>
              </Computation>
            </ElseIf>
            <Condition><![CDATA[$INIT[0]._CARD_TYPE == "0"]]></Condition>
            <Else> 
              <Exit Name="Exit"
              		FlowDesc="Exit">
                <EvtBefore><![CDATA[]]></EvtBefore>
                <EvtFailedAfter><![CDATA[]]></EvtFailedAfter>
                <EvtSuccessAfter><![CDATA[]]></EvtSuccessAfter>
              </Exit> 
            </Else>
            <Computation Name="Expr5"
            		FlowDesc="主机记账处理">
              <EvtBefore><![CDATA[]]></EvtBefore>
              <EvtFailedAfter><![CDATA[]]></EvtFailedAfter>
              <Expression><![CDATA[@SACCT0021101.callHost();]]></Expression>
              <EvtSuccessAfter><![CDATA[@busiPub.setCupSuc();]]></EvtSuccessAfter>
            </Computation>
          </If>
          <EvtBefore><![CDATA[]]></EvtBefore>
          <EvtFailedAfter><![CDATA[]]></EvtFailedAfter>
          <EvtSuccessAfter><![CDATA[]]></EvtSuccessAfter>
        </Container>
      </If>
      <EvtBefore><![CDATA[]]></EvtBefore>
      <EvtFailedAfter><![CDATA[]]></EvtFailedAfter>
      <EvtSuccessAfter><![CDATA[]]></EvtSuccessAfter>
    </Container> 
  </Flow>
  <ChkItemTab RecNum="0"/>
</Logic>
