<?xml version="1.0" encoding="UTF-8"?>

<Logic Name="SACCT0021003"
		Desc="借记转账"
		LogicType="SvcLogic"
		PrioParm="0"
		TimeOut="0"
		RevsFlag="no"
		Transaction="No"
		DestTimeOut="yes"
		RevsSeq="Random"
		RevsSvcName=""
		RevsDtaType=""
		RevsDtaName=""
		CompsSeq="Random"
		CompsFlag="no"
		CompsSvcName=""
		CompsDtaType=""
		CompsDtaName=""
		InElemName="fmt_CUP_SVR_IN"
		OutElemName="fmt_CUP_SVR_OUT"
		LocalCall="no"
		RemoteCall="yes"
		Merged="no"
		DsAlias="">
  <NodeClass Name="未分类"
  		Desc="未分类"/>
  <RevsInit><![CDATA[]]></RevsInit>
  <RevsSucc><![CDATA[]]></RevsSucc>
  <RevsFail><![CDATA[]]></RevsFail>
  <CompsInit><![CDATA[]]></CompsInit>
  <CompsSucc><![CDATA[]]></CompsSucc>
  <CompsFail><![CDATA[]]></CompsFail>
  <SvcSuccProc><![CDATA[]]></SvcSuccProc>
  <SvcLostProc><![CDATA[]]></SvcLostProc>
  <SvcPreProc><![CDATA[]]></SvcPreProc>
  <SvcTermEnd><![CDATA[]]></SvcTermEnd>
  <SqlTab RecNum="0"/>
  <RouteExpr><![CDATA[]]></RouteExpr>
  <EntranceTab RecNum="0"/>
  <Flow> 
    <Container Transaction="no"
    		DsAlias=""
    		Name="Sequence"
    		FlowDesc="Sequence">
      <EvtBefore><![CDATA[]]></EvtBefore>
      <EvtFailedAfter><![CDATA[]]></EvtFailedAfter>
      <EvtSuccessAfter><![CDATA[]]></EvtSuccessAfter>
      <Computation Name="Expr"
      		FlowDesc="检查签约信息">
        <EvtFailedAfter><![CDATA[]]></EvtFailedAfter>
        <EvtSuccessAfter><![CDATA[]]></EvtSuccessAfter>
        <Expression><![CDATA[@SACCT0021003.checkSign();]]></Expression>
        <EvtBefore><![CDATA[@SACCT0021003.chk();]]></EvtBefore>
      </Computation>
      <If Name="If"
      		FlowDesc="If">
        <EvtBefore><![CDATA[]]></EvtBefore>
        <EvtFailedAfter><![CDATA[]]></EvtFailedAfter>
        <EvtSuccessAfter><![CDATA[]]></EvtSuccessAfter>
        <Condition><![CDATA[$INIT[0]._FUNC_RETURN == "0";]]></Condition>
        <Container Transaction="no"
        		DsAlias=""
        		Name="Sequence1"
        		FlowDesc="Sequence1">
          <EvtBefore><![CDATA[]]></EvtBefore>
          <EvtFailedAfter><![CDATA[]]></EvtFailedAfter>
          <EvtSuccessAfter><![CDATA[]]></EvtSuccessAfter>
          <Computation Name="Expr1"
          		FlowDesc="检查卡种">
            <EvtBefore><![CDATA[]]></EvtBefore>
            <EvtFailedAfter><![CDATA[]]></EvtFailedAfter>
            <EvtSuccessAfter><![CDATA[]]></EvtSuccessAfter>
            <Expression><![CDATA[@busiPub.cupGetAcctType( $fmt_CUP_SVR_IN[0].Req_Body[0].PyerInf[0].PyerAcctId );]]></Expression>
          </Computation>
          <If Name="If1"
          		FlowDesc="借记卡">
            <EvtBefore><![CDATA[]]></EvtBefore>
            <EvtFailedAfter><![CDATA[]]></EvtFailedAfter>
            <EvtSuccessAfter><![CDATA[]]></EvtSuccessAfter>
            <ElseIf>
              <ExtComm CommPartType="D"
              		SvcName="030105"
              		CommPartName="CRED_CLI"
              		RspType="sync"
              		AsynMatch="someone"
              		AsynMatchFlag="__PLAT_FLOW.__ASYN_ID"
              		FileTransit="__PLAT_FLOW.__FILE_NAME"
              		RepairOper="no"
              		Name="ExtComm1"
              		FlowDesc="ExtComm1">
                <EvtFailedAfter><![CDATA[]]></EvtFailedAfter>
                <EvtSuccessAfter><![CDATA[]]></EvtSuccessAfter>
                <EvtBefore><![CDATA[@SACCT0021003.credMsg();
@CRED0212006.bodyMsgProc();]]></EvtBefore>
              </ExtComm>
              <Condition><![CDATA[$INIT[0]._CARD_TYPE == "5"]]></Condition>
            </ElseIf>
            <ExtComm CommPartType="D"
            		SvcName="S801053"
            		CommPartName="HOST_CLI"
            		RspType="sync"
            		AsynMatch="someone"
            		AsynMatchFlag="__PLAT_FLOW.__ASYN_ID"
            		FileTransit="__PLAT_FLOW.__FILE_NAME"
            		RepairOper="no"
            		Name="ExtComm"
            		FlowDesc="ExtComm">
              <EvtSuccessAfter><![CDATA[]]></EvtSuccessAfter>
              <EvtBefore><![CDATA[@SACCT0021003.hostMsg();
@HOST0860002.bodyMsgProc();]]></EvtBefore>
              <EvtFailedAfter><![CDATA[@autoRevProc.saveRevData();]]></EvtFailedAfter>
            </ExtComm>
            <Condition><![CDATA[$INIT[0]._CARD_TYPE == "0"]]></Condition>
          </If>
          <Computation Name="Expr2"
          		FlowDesc="Expr2">
            <EvtBefore><![CDATA[]]></EvtBefore>
            <EvtFailedAfter><![CDATA[]]></EvtFailedAfter>
            <EvtSuccessAfter><![CDATA[]]></EvtSuccessAfter>
            <Expression><![CDATA[@SACCT0021003.rspProc();]]></Expression>
          </Computation>
        </Container>
      </If>
    </Container> 
  </Flow>
  <ChkItemTab RecNum="0"/>
</Logic>
