<?xml version="1.0" encoding="UTF-8"?>

<DataMapTab RecNum="3">
  <DataMap SrcDta="TERM_SVR"
  		SrcSvc=""
  		SrcType="DTA"
  		DstDta="QRY"
  		DstSvc=""
  		DstType="ALA">
    <NodeClass Name="未分类"
    		Desc="未分类"/>
    <ItemTab RecNum="5">
      <Item IOType="I"
      		MapType="X"
      		SrcSdo=""
      		DstSdo="fmt_CUP_SVR_IN.MsgHeader.BkData.ChnlNo">
        <MapExpr><![CDATA[$fmt_CUP_SVR_IN[0].MsgHeader[0].BkData[0].ChnlNo]]></MapExpr>
      </Item>
      <Item IOType="I"
      		MapType="D"
      		SrcSdo="TERM_SVR_IN_OUT.TX_CODE"
      		DstSdo="fmt_CUP_SVR_IN.MsgHeader.TRANSLOG_ELEMENT.txcode">
        <MapExpr><![CDATA[]]></MapExpr>
      </Item>
      <Item IOType="O"
      		MapType="D"
      		SrcSdo="fmt_CUP_SVR_OUT.Rsp_Body.TrxInf.TrxId"
      		DstSdo="TERM_SVR_IN_OUT.TRANSLOG_ELEMENT.PARM1">
        <MapExpr><![CDATA[]]></MapExpr>
      </Item>
      <Item IOType="O"
      		MapType="D"
      		SrcSdo="fmt_CUP_SVR_OUT.Rsp_Body.SderInf.SderAcctId"
      		DstSdo="TERM_SVR_IN_OUT.TRANSLOG_ELEMENT.PARM2">
        <MapExpr><![CDATA[]]></MapExpr>
      </Item>
      <Item IOType="O"
      		MapType="X"
      		SrcSdo=""
      		DstSdo="TERM_SVR_IN_OUT.TRANSLOG_ELEMENT.txname">
        <MapExpr><![CDATA[$T_TX[0].TX_NAME]]></MapExpr>
      </Item>
    </ItemTab>
  </DataMap>
  <DataMap SrcDta="TERM_SVR"
  		SrcSvc="NCP_QRY_610004"
  		SrcType="DTA"
  		DstDta="QRY"
  		DstSvc="SQRY00610004"
  		DstType="ALA">
    <NodeClass Name="未分类"
    		Desc="未分类"/>
    <ItemTab RecNum="1">
      <Item IOType="O"
      		MapType="E"
      		SrcSdo="TERM_NCP_QRY_610004_OUT"
      		DstSdo="TERM_NCP_QRY_610004_OUT">
        <MapExpr><![CDATA[]]></MapExpr>
      </Item>
    </ItemTab>
  </DataMap>
  <DataMap SrcDta="TERM_SVR"
  		SrcSvc="NCP_QRY_610005"
  		SrcType="DTA"
  		DstDta="QRY"
  		DstSvc="SQRY00610005"
  		DstType="ALA">
    <NodeClass Name="未分类"
    		Desc="未分类"/>
    <ItemTab RecNum="1">
      <Item IOType="O"
      		MapType="E"
      		SrcSdo="TERM_NCP_QRY_610005_OUT"
      		DstSdo="TERM_NCP_QRY_610005_OUT">
        <MapExpr><![CDATA[]]></MapExpr>
      </Item>
    </ItemTab>
  </DataMap>
</DataMapTab>
