<?xml version="1.0" encoding="UTF-8"?>

<DataElementTab RecNum="4">
  <DataElement DataType="Struct"
  		ElemName="TERM_SVR_IN_OUT"
  		ElemDesc="柜面渠道请求和响应协议报文数据对象"
  		NodeClassName="未分类"
  		NodeClassDesc="未分类"
  		XmlNodeName="TERM_SVR_IN_OUT">
    <ItemTab RecNum="10">
      <Item ItemName="FMT_LENGTH"
      		ItemDesc="报文长度"
      		ItemType="DataDict"
      		TypeName="int_10bit"
      		ItemDeft=""
      		ElemType="No"
      		Array="No"
      		NodeType="Node"
      		Security="No"
      		EnumName =""
      		EnumKvp =""
      		RelateItemName ="">
        <ScopeExpr><![CDATA[]]></ScopeExpr>
      </Item>
      <Item ItemName="__GDTA_ITEMDATA_LENGTH"
      		ItemDesc="报文长度"
      		ItemType="DataDict"
      		TypeName="__GDTA_ITEMDATA_LENGTH"
      		ItemDeft=""
      		ElemType="No"
      		NodeType="Node"
      		Security="No"
      		EnumName =""
      		EnumKvp =""
      		RelateItemName ="">
        <ScopeExpr><![CDATA[]]></ScopeExpr>
      </Item>
      <Item ItemName="TX_CODE"
      		ItemDesc="报文类型"
      		ItemType="DataDict"
      		TypeName="str_6bit"
      		ItemDeft=""
      		ElemType="No"
      		NodeType="Node"
      		Security="No"
      		EnumName =""
      		EnumKvp =""
      		RelateItemName ="">
        <ScopeExpr><![CDATA[]]></ScopeExpr>
      </Item>
      <Item ItemName="FMT_TYPE"
      		ItemDesc="文件传送标识"
      		ItemType="DataDict"
      		TypeName="str_2bit"
      		ItemDeft=""
      		ElemType="No"
      		NodeType="Node"
      		Security="No"
      		EnumName =""
      		EnumKvp =""
      		RelateItemName ="">
        <ScopeExpr><![CDATA[]]></ScopeExpr>
      </Item>
      <Item ItemName="FILE_FLAG"
      		ItemDesc="报文校验码"
      		ItemType="DataDict"
      		TypeName="str_1bit"
      		ItemDeft=""
      		ElemType="No"
      		NodeType="Node"
      		Security="No"
      		EnumName =""
      		EnumKvp =""
      		RelateItemName ="">
        <ScopeExpr><![CDATA[]]></ScopeExpr>
      </Item>
      <Item ItemName="FMT_CHECK_CODE"
      		ItemDesc="服务码"
      		ItemType="DataDict"
      		TypeName="str_32bit"
      		ItemDeft=""
      		ElemType="No"
      		NodeType="Node"
      		Security="No"
      		EnumName =""
      		EnumKvp =""
      		RelateItemName ="">
        <ScopeExpr><![CDATA[]]></ScopeExpr>
      </Item>
      <Item ItemName="__GDTA_SVCNAME"
      		ItemDesc="交易码"
      		ItemType="DataDict"
      		TypeName="__GDTA_SVCNAME"
      		ItemDeft=""
      		ElemType="No"
      		NodeType="Node"
      		Security="No"
      		EnumName =""
      		EnumKvp =""
      		RelateItemName ="">
        <ScopeExpr><![CDATA[]]></ScopeExpr>
      </Item>
      <Item ItemName="FMT_AGRMT"
      		ItemDesc="报文协议"
      		ItemType="DataDict"
      		TypeName="str_1bit"
      		ItemDeft=""
      		ElemType="No"
      		NodeType="Node"
      		Security="No"
      		EnumName =""
      		EnumKvp =""
      		RelateItemName ="">
        <ScopeExpr><![CDATA[]]></ScopeExpr>
      </Item>
      <Item ItemName="__GDTA_ITEMDATA"
      		ItemDesc="交易报文"
      		ItemType="DataDict"
      		TypeName="__GDTA_ITEMDATA"
      		ItemDeft=""
      		ElemType="No"
      		NodeType="Node"
      		Security="No"
      		EnumName =""
      		EnumKvp =""
      		RelateItemName ="">
        <ScopeExpr><![CDATA[]]></ScopeExpr>
      </Item>
      <Item ItemName="TRANSLOG_ELEMENT"
      		ItemDesc="translog日志数据对象"
      		ItemType="DataElem"
      		TypeName="TRANSLOG_ELEMENT"
      		ItemDeft=""
      		ElemType=""
      		Array="No"
      		NodeType="Node"
      		Security=""
      		EnumName =""
      		EnumKvp =""
      		RelateItemName ="">
        <ScopeExpr><![CDATA[]]></ScopeExpr>
      </Item>
    </ItemTab>
  </DataElement>
  <DataElement DataType="Struct"
  		ElemName="TRANSLOG_ELEMENT"
  		ElemDesc="translog日志数据对象"
  		NodeClassName="未分类"
  		NodeClassDesc="未分类"
  		XmlNodeName="TRANSLOG_ELEMENT">
    <ItemTab RecNum="21">
      <Item ItemName="machnname"
      		ItemDesc="机器名"
      		ItemType="DataDict"
      		TypeName="str_12bit"
      		ItemDeft=""
      		ElemType="No"
      		Array="No"
      		NodeType="Node"
      		Security="No"
      		EnumName =""
      		EnumKvp =""
      		RelateItemName ="">
        <ScopeExpr><![CDATA[]]></ScopeExpr>
      </Item>
      <Item ItemName="txtime"
      		ItemDesc="交易时间"
      		ItemType="DataDict"
      		TypeName="str_6bit"
      		ItemDeft=""
      		ElemType="No"
      		Array="No"
      		NodeType="Node"
      		Security="No"
      		EnumName =""
      		EnumKvp =""
      		RelateItemName ="">
        <ScopeExpr><![CDATA[]]></ScopeExpr>
      </Item>
      <Item ItemName="dtaname"
      		ItemDesc="交易渠道"
      		ItemType="DataDict"
      		TypeName="str_12bit"
      		ItemDeft=""
      		ElemType="No"
      		Array="No"
      		NodeType="Node"
      		Security="No"
      		EnumName =""
      		EnumKvp =""
      		RelateItemName ="">
        <ScopeExpr><![CDATA[]]></ScopeExpr>
      </Item>
      <Item ItemName="platseq"
      		ItemDesc="平台流水号"
      		ItemType="DataDict"
      		TypeName="int_1bit"
      		ItemDeft=""
      		ElemType="No"
      		Array="No"
      		NodeType="Node"
      		Security="No"
      		EnumName =""
      		EnumKvp =""
      		RelateItemName ="">
        <ScopeExpr><![CDATA[]]></ScopeExpr>
      </Item>
      <Item ItemName="platdate"
      		ItemDesc="前置日期"
      		ItemType="DataDict"
      		TypeName="str_8bit"
      		ItemDeft=""
      		ElemType="No"
      		Array="No"
      		NodeType="Node"
      		Security="No"
      		EnumName =""
      		EnumKvp =""
      		RelateItemName ="">
        <ScopeExpr><![CDATA[]]></ScopeExpr>
      </Item>
      <Item ItemName="seqno"
      		ItemDesc="前置流水"
      		ItemType="DataDict"
      		TypeName="int_8bit"
      		ItemDeft=""
      		ElemType="No"
      		Array="No"
      		NodeType="Node"
      		Security="No"
      		EnumName =""
      		EnumKvp =""
      		RelateItemName ="">
        <ScopeExpr><![CDATA[]]></ScopeExpr>
      </Item>
      <Item ItemName="txcode"
      		ItemDesc="交易码"
      		ItemType="DataDict"
      		TypeName="str_30bit"
      		ItemDeft=""
      		ElemType="No"
      		Array="No"
      		NodeType="Node"
      		Security="No"
      		EnumName =""
      		EnumKvp =""
      		RelateItemName ="">
        <ScopeExpr><![CDATA[]]></ScopeExpr>
      </Item>
      <Item ItemName="txname"
      		ItemDesc="交易名称"
      		ItemType="DataDict"
      		TypeName="str_60bit"
      		ItemDeft=""
      		ElemType="No"
      		Array="No"
      		NodeType="Node"
      		Security="No"
      		EnumName =""
      		EnumKvp =""
      		RelateItemName ="">
        <ScopeExpr><![CDATA[]]></ScopeExpr>
      </Item>
      <Item ItemName="txbrch"
      		ItemDesc="交易机构"
      		ItemType="DataDict"
      		TypeName="str_4bit"
      		ItemDeft=""
      		ElemType="No"
      		Array="No"
      		NodeType="Node"
      		Security="No"
      		EnumName =""
      		EnumKvp =""
      		RelateItemName ="">
        <ScopeExpr><![CDATA[]]></ScopeExpr>
      </Item>
      <Item ItemName="txteller"
      		ItemDesc="交易柜员"
      		ItemType="DataDict"
      		TypeName="str_6bit"
      		ItemDeft=""
      		ElemType="No"
      		Array="No"
      		NodeType="Node"
      		Security="No"
      		EnumName =""
      		EnumKvp =""
      		RelateItemName ="">
        <ScopeExpr><![CDATA[]]></ScopeExpr>
      </Item>
      <Item ItemName="errcode"
      		ItemDesc="响应码"
      		ItemType="DataDict"
      		TypeName="str_6bit"
      		ItemDeft=""
      		ElemType="No"
      		Array="No"
      		NodeType="Node"
      		Security="No"
      		EnumName =""
      		EnumKvp =""
      		RelateItemName ="">
        <ScopeExpr><![CDATA[]]></ScopeExpr>
      </Item>
      <Item ItemName="errmsg"
      		ItemDesc="响应信息"
      		ItemType="DataDict"
      		TypeName="str_1024bit"
      		ItemDeft=""
      		ElemType="No"
      		Array="No"
      		NodeType="Node"
      		Security="No"
      		EnumName =""
      		EnumKvp =""
      		RelateItemName ="">
        <ScopeExpr><![CDATA[]]></ScopeExpr>
      </Item>
      <Item ItemName="startime"
      		ItemDesc="交易开始时间毫秒"
      		ItemType="DataDict"
      		TypeName="long_32bit"
      		ItemDeft=""
      		ElemType="No"
      		Array="No"
      		NodeType="Node"
      		Security="No"
      		EnumName =""
      		EnumKvp =""
      		RelateItemName ="">
        <ScopeExpr><![CDATA[]]></ScopeExpr>
      </Item>
      <Item ItemName="endtime"
      		ItemDesc="交易结束时间毫秒"
      		ItemType="DataDict"
      		TypeName="long_32bit"
      		ItemDeft=""
      		ElemType="No"
      		Array="No"
      		NodeType="Node"
      		Security="No"
      		EnumName =""
      		EnumKvp =""
      		RelateItemName ="">
        <ScopeExpr><![CDATA[]]></ScopeExpr>
      </Item>
      <Item ItemName="usetime"
      		ItemDesc="耗时"
      		ItemType="DataDict"
      		TypeName="double_16_2"
      		ItemDeft=""
      		ElemType="No"
      		Array="No"
      		NodeType="Node"
      		Security="No"
      		EnumName =""
      		EnumKvp =""
      		RelateItemName ="">
        <ScopeExpr><![CDATA[]]></ScopeExpr>
      </Item>
      <Item ItemName="PARM1"
      		ItemDesc="自定义参数1"
      		ItemType="DataDict"
      		TypeName="str_200bit"
      		ItemDeft=""
      		ElemType="No"
      		Array="No"
      		NodeType="Node"
      		Security="No"
      		EnumName =""
      		EnumKvp =""
      		RelateItemName ="">
        <ScopeExpr><![CDATA[]]></ScopeExpr>
      </Item>
      <Item ItemName="PARM2"
      		ItemDesc="自定义参数2"
      		ItemType="DataDict"
      		TypeName="str_200bit"
      		ItemDeft=""
      		ElemType="No"
      		Array="No"
      		NodeType="Node"
      		Security="No"
      		EnumName =""
      		EnumKvp =""
      		RelateItemName ="">
        <ScopeExpr><![CDATA[]]></ScopeExpr>
      </Item>
      <Item ItemName="PARM3"
      		ItemDesc="自定义参数3"
      		ItemType="DataDict"
      		TypeName="str_200bit"
      		ItemDeft=""
      		ElemType="No"
      		Array="No"
      		NodeType="Node"
      		Security="No"
      		EnumName =""
      		EnumKvp =""
      		RelateItemName ="">
        <ScopeExpr><![CDATA[]]></ScopeExpr>
      </Item>
      <Item ItemName="PARM4"
      		ItemDesc="自定义参数4"
      		ItemType="DataDict"
      		TypeName="str_200bit"
      		ItemDeft=""
      		ElemType="No"
      		Array="No"
      		NodeType="Node"
      		Security="No"
      		EnumName =""
      		EnumKvp =""
      		RelateItemName ="">
        <ScopeExpr><![CDATA[]]></ScopeExpr>
      </Item>
      <Item ItemName="PARM5"
      		ItemDesc="自定义参数5"
      		ItemType="DataDict"
      		TypeName="str_200bit"
      		ItemDeft=""
      		ElemType="No"
      		Array="No"
      		NodeType="Node"
      		Security="No"
      		EnumName =""
      		EnumKvp =""
      		RelateItemName ="">
        <ScopeExpr><![CDATA[]]></ScopeExpr>
      </Item>
      <Item ItemName="PARM6"
      		ItemDesc="自定义参数6"
      		ItemType="DataDict"
      		TypeName="str_200bit"
      		ItemDeft=""
      		ElemType="No"
      		Array="No"
      		NodeType="Node"
      		Security="No"
      		EnumName =""
      		EnumKvp =""
      		RelateItemName ="">
        <ScopeExpr><![CDATA[]]></ScopeExpr>
      </Item>
    </ItemTab>
  </DataElement>
  <DataElement DataType="Struct"
  		ElemName="fmt_TERM_SVR_Pub_Rsp"
  		ElemDesc="柜面渠道公共响应报文"
  		NodeClassName="未分类"
  		NodeClassDesc="未分类"
  		XmlNodeName="fmt_TERM_SVR_Pub_Rsp">
    <ItemTab RecNum="9">
      <Item ItemName="RspCode"
      		ItemDesc="返回码"
      		ItemType="DataDict"
      		TypeName="str_30bit"
      		ItemDeft=""
      		ElemType="No"
      		NodeType="Node"
      		Security="No"
      		EnumName =""
      		EnumKvp =""
      		RelateItemName ="">
        <ScopeExpr><![CDATA[]]></ScopeExpr>
      </Item>
      <Item ItemName="RspMsg"
      		ItemDesc="返回信息"
      		ItemType="DataDict"
      		TypeName="str_128bit"
      		ItemDeft=""
      		ElemType="No"
      		NodeType="Node"
      		Security="No"
      		EnumName =""
      		EnumKvp =""
      		RelateItemName ="">
        <ScopeExpr><![CDATA[]]></ScopeExpr>
      </Item>
      <Item ItemName="TermDate"
      		ItemDesc="前置日期"
      		ItemType="DataDict"
      		TypeName="str_10bit"
      		ItemDeft=""
      		ElemType="No"
      		NodeType="Node"
      		Security="No"
      		EnumName =""
      		EnumKvp =""
      		RelateItemName ="">
        <ScopeExpr><![CDATA[]]></ScopeExpr>
      </Item>
      <Item ItemName="TermSeq"
      		ItemDesc="前置流水"
      		ItemType="DataDict"
      		TypeName="str_20bit"
      		ItemDeft=""
      		ElemType="No"
      		NodeType="Node"
      		Security="No"
      		EnumName =""
      		EnumKvp =""
      		RelateItemName ="">
        <ScopeExpr><![CDATA[]]></ScopeExpr>
      </Item>
      <Item ItemName="TermTime"
      		ItemDesc="前置时间"
      		ItemType="DataDict"
      		TypeName="str_6bit"
      		ItemDeft=""
      		ElemType="No"
      		NodeType="Node"
      		Security="No"
      		EnumName =""
      		EnumKvp =""
      		RelateItemName ="">
        <ScopeExpr><![CDATA[]]></ScopeExpr>
      </Item>
      <Item ItemName="SerSeqNo"
      		ItemDesc="主机流水号"
      		ItemType="DataDict"
      		TypeName="str_8bit"
      		ItemDeft=""
      		ElemType="No"
      		NodeType="Node"
      		Security="No"
      		EnumName =""
      		EnumKvp =""
      		RelateItemName ="">
        <ScopeExpr><![CDATA[]]></ScopeExpr>
      </Item>
      <Item ItemName="FileName"
      		ItemDesc="文件传输名称"
      		ItemType="DataDict"
      		TypeName="str_92bit"
      		ItemDeft=""
      		ElemType="No"
      		NodeType="Node"
      		Security="No"
      		EnumName =""
      		EnumKvp =""
      		RelateItemName ="">
        <ScopeExpr><![CDATA[]]></ScopeExpr>
      </Item>
      <Item ItemName="FileFlag"
      		ItemDesc="文件传送标志"
      		ItemType="DataDict"
      		TypeName="str_5bit"
      		ItemDeft=""
      		ElemType="No"
      		NodeType="Node"
      		Security="No"
      		EnumName =""
      		EnumKvp =""
      		RelateItemName ="">
        <ScopeExpr><![CDATA[]]></ScopeExpr>
      </Item>
      <Item ItemName="InqFormid"
      		ItemDesc="查询格式编号"
      		ItemType="DataDict"
      		TypeName="str_6bit"
      		ItemDeft=""
      		ElemType="No"
      		NodeType="Node"
      		Security="No"
      		EnumName =""
      		EnumKvp =""
      		RelateItemName ="">
        <ScopeExpr><![CDATA[]]></ScopeExpr>
      </Item>
    </ItemTab>
  </DataElement>
  <DataElement DataType="Struct"
  		ElemName="fmt_TERM_SVR_Pub_Req"
  		ElemDesc="柜面渠道公共请求报文"
  		NodeClassName="未分类"
  		NodeClassDesc="未分类"
  		XmlNodeName="fmt_TERM_SVR_Pub_Req">
    <ItemTab RecNum="18">
      <Item ItemName="TellerName"
      		ItemDesc="柜员名称"
      		ItemType="DataDict"
      		TypeName="str_70bit"
      		ItemDeft=""
      		ElemType="No"
      		NodeType="Node"
      		Security="No"
      		EnumName =""
      		EnumKvp =""
      		RelateItemName ="">
        <ScopeExpr><![CDATA[]]></ScopeExpr>
      </Item>
      <Item ItemName="TellerLvl0"
      		ItemDesc="操作员级别"
      		ItemType="DataDict"
      		TypeName="str_16bit"
      		ItemDeft=""
      		ElemType="No"
      		NodeType="Node"
      		Security="No"
      		EnumName =""
      		EnumKvp =""
      		RelateItemName ="">
        <ScopeExpr><![CDATA[]]></ScopeExpr>
      </Item>
      <Item ItemName="AuthFlag"
      		ItemDesc="授权标志"
      		ItemType="DataDict"
      		TypeName="str_1bit"
      		ItemDeft=""
      		ElemType="No"
      		NodeType="Node"
      		Security="No"
      		EnumName =""
      		EnumKvp =""
      		RelateItemName ="">
        <ScopeExpr><![CDATA[]]></ScopeExpr>
      </Item>
      <Item ItemName="BrcName0"
      		ItemDesc="交易机构名称"
      		ItemType="DataDict"
      		TypeName="str_40bit"
      		ItemDeft=""
      		ElemType="No"
      		NodeType="Node"
      		Security="No"
      		EnumName =""
      		EnumKvp =""
      		RelateItemName ="">
        <ScopeExpr><![CDATA[]]></ScopeExpr>
      </Item>
      <Item ItemName="TellerType0"
      		ItemDesc="操作员种类"
      		ItemType="DataDict"
      		TypeName="str_2bit"
      		ItemDeft=""
      		ElemType="No"
      		NodeType="Node"
      		Security="No"
      		EnumName =""
      		EnumKvp =""
      		RelateItemName ="">
        <ScopeExpr><![CDATA[]]></ScopeExpr>
      </Item>
      <Item ItemName="BrcType0"
      		ItemDesc="机构类别"
      		ItemType="DataDict"
      		TypeName="str_10bit"
      		ItemDeft=""
      		ElemType="No"
      		NodeType="Node"
      		Security="No"
      		EnumName =""
      		EnumKvp =""
      		RelateItemName ="">
        <ScopeExpr><![CDATA[]]></ScopeExpr>
      </Item>
      <Item ItemName="TranDate"
      		ItemDesc="交易日期"
      		ItemType="DataDict"
      		TypeName="str_10bit"
      		ItemDeft=""
      		ElemType="No"
      		NodeType="Node"
      		Security="No"
      		EnumName =""
      		EnumKvp =""
      		RelateItemName ="">
        <ScopeExpr><![CDATA[]]></ScopeExpr>
      </Item>
      <Item ItemName="Teller"
      		ItemDesc="银行柜员编号"
      		ItemType="DataDict"
      		TypeName="str_10bit"
      		ItemDeft=""
      		ElemType="No"
      		NodeType="Node"
      		Security="No"
      		EnumName =""
      		EnumKvp =""
      		RelateItemName ="">
        <ScopeExpr><![CDATA[]]></ScopeExpr>
      </Item>
      <Item ItemName="TermId"
      		ItemDesc="交易终端号"
      		ItemType="DataDict"
      		TypeName="str_10bit"
      		ItemDeft=""
      		ElemType="No"
      		NodeType="Node"
      		Security="No"
      		EnumName =""
      		EnumKvp =""
      		RelateItemName ="">
        <ScopeExpr><![CDATA[]]></ScopeExpr>
      </Item>
      <Item ItemName="Brc"
      		ItemDesc="机构码"
      		ItemType="DataDict"
      		TypeName="str_11bit"
      		ItemDeft=""
      		ElemType="No"
      		NodeType="Node"
      		Security="No"
      		EnumName =""
      		EnumKvp =""
      		RelateItemName ="">
        <ScopeExpr><![CDATA[]]></ScopeExpr>
      </Item>
      <Item ItemName="BrcLvl0"
      		ItemDesc="机构级别"
      		ItemType="DataDict"
      		TypeName="str_2bit"
      		ItemDeft=""
      		ElemType="No"
      		NodeType="Node"
      		Security="No"
      		EnumName =""
      		EnumKvp =""
      		RelateItemName ="">
        <ScopeExpr><![CDATA[]]></ScopeExpr>
      </Item>
      <Item ItemName="ChannelId"
      		ItemDesc="交易渠道"
      		ItemType="DataDict"
      		TypeName="str_6bit"
      		ItemDeft=""
      		ElemType="No"
      		NodeType="Node"
      		Security="No"
      		EnumName =""
      		EnumKvp =""
      		RelateItemName ="">
        <ScopeExpr><![CDATA[]]></ScopeExpr>
      </Item>
      <Item ItemName="TranName"
      		ItemDesc="交易名称"
      		ItemType="DataDict"
      		TypeName="str_100bit"
      		ItemDeft=""
      		ElemType="No"
      		NodeType="Node"
      		Security="No"
      		EnumName =""
      		EnumKvp =""
      		RelateItemName ="">
        <ScopeExpr><![CDATA[]]></ScopeExpr>
      </Item>
      <Item ItemName="TermIP"
      		ItemDesc="终端IP"
      		ItemType="DataDict"
      		TypeName="str_20bit"
      		ItemDeft=""
      		ElemType="No"
      		NodeType="Node"
      		Security="No"
      		EnumName =""
      		EnumKvp =""
      		RelateItemName ="">
        <ScopeExpr><![CDATA[]]></ScopeExpr>
      </Item>
      <Item ItemName="FileName"
      		ItemDesc="文件传输名称"
      		ItemType="DataDict"
      		TypeName="str_92bit"
      		ItemDeft=""
      		ElemType="No"
      		NodeType="Node"
      		Security="No"
      		EnumName =""
      		EnumKvp =""
      		RelateItemName ="">
        <ScopeExpr><![CDATA[]]></ScopeExpr>
      </Item>
      <Item ItemName="InqFormid"
      		ItemDesc="查询格式编号"
      		ItemType="DataDict"
      		TypeName="str_6bit"
      		ItemDeft=""
      		ElemType="No"
      		NodeType="Node"
      		Security="No"
      		EnumName =""
      		EnumKvp =""
      		RelateItemName ="">
        <ScopeExpr><![CDATA[]]></ScopeExpr>
      </Item>
      <Item ItemName="TranTime"
      		ItemDesc="交易时间"
      		ItemType="DataDict"
      		TypeName="str_20bit"
      		ItemDeft=""
      		ElemType="No"
      		NodeType="Node"
      		Security="No"
      		EnumName =""
      		EnumKvp =""
      		RelateItemName ="">
        <ScopeExpr><![CDATA[]]></ScopeExpr>
      </Item>
      <Item ItemName="FileFlag"
      		ItemDesc="文件传送标志"
      		ItemType="DataDict"
      		TypeName="str_5bit"
      		ItemDeft=""
      		ElemType="No"
      		NodeType="Node"
      		Security="No"
      		EnumName =""
      		EnumKvp =""
      		RelateItemName ="">
        <ScopeExpr><![CDATA[]]></ScopeExpr>
      </Item>
    </ItemTab>
  </DataElement>
</DataElementTab>
