<?xml version="1.0" encoding="UTF-8"?>

<RouteTab>
  <RuleTab RecNum="1">
    <Rule RuleID="RT_TERM_NCP"
    		RuleType="request">
      <NodeClass Name="未分类"
      		Desc="未分类"/>
      <SvcExpr><![CDATA[^.*$]]></SvcExpr>
      <RouteExpr><![CDATA[$__GDTA_FORMAT.__GDTA_SVCNAME]]></RouteExpr>
      <EntranceTab RecNum="3">
        <Entrance Desc="协议支付解约通知"
        		Respond="yes"
        		DstType="ALA"
        		Destination="QRY"
        		SvcName="SQRY00610004"
        		NodeName="">
          <Expr><![CDATA[NCP_QRY_610004]]></Expr>
        </Entrance>
        <Entrance Desc="协议支付解约通知"
        		Respond="yes"
        		DstType="ALA"
        		Destination="QRY"
        		SvcName="SQRY00610002"
        		NodeName="">
          <Expr><![CDATA[NCP_QRY_610002]]></Expr>
        </Entrance>
        <Entrance Desc="协议支付解约通知"
        		Respond="yes"
        		DstType="ALA"
        		Destination="QRY"
        		SvcName="SQRY00610005"
        		NodeName="">
          <Expr><![CDATA[NCP_QRY_610005]]></Expr>
        </Entrance>
      </EntranceTab>
    </Rule>
  </RuleTab>
</RouteTab>
