<?xml version="1.0" encoding="UTF-8"?>

<ServiceTab RecNum="3">
  <Service Name="NCP_QRY_610002"
  		SvcDesc="协议支付解约通知"
  		TimeOut="0"
  		IFmt="FMT_TERM_SVR_610002_IN"
  		OFmt="FMT_TERM_SVR_610002_OUT"
  		PFile=""
  		BFile=""
  		IElem=""
  		OElem=""
  		Transaction="No"
  		RevsFlag="No"
  		RevsDtaType=""
  		RevsDtaName=""
  		RevsSvcName=""
  		CompsFlag="No"
  		CompsDtaType=""
  		CompsDtaName=""
  		CompsName=""
  		ExtCode="610002"
  		Prio="3"
  		DestTimeOut="No"
  		RevsSeq="Random"
  		CompsSeq="Random"
  		IsWsdl="no"
  		NameSpace=""
  		NameSpaceNS=""
  		SoapBinding=""
  		IsHavePrefix="">
    <NodeClass Name="未分类"
    		Desc="未分类"/>
    <ExtCodeExpr><![CDATA[]]></ExtCodeExpr>
    <PrioExpr><![CDATA[]]></PrioExpr>
    <SvrIdExpr><![CDATA[]]></SvrIdExpr>
    <IFile><![CDATA[]]></IFile>
    <OFile><![CDATA[]]></OFile>
    <RevsInit><![CDATA[]]></RevsInit>
    <RevsSucc><![CDATA[]]></RevsSucc>
    <RevsFail><![CDATA[]]></RevsFail>
    <CompsInit><![CDATA[]]></CompsInit>
    <CompsSucc><![CDATA[]]></CompsSucc>
    <CompsFail><![CDATA[]]></CompsFail>
    <IFmtGrpTab RecNum="0"/>
    <OFmtGrpTab RecNum="0"/>
    <EvtIfmtBegin><![CDATA[]]></EvtIfmtBegin>
    <EvtIfmtEnd><![CDATA[]]></EvtIfmtEnd>
    <EvtOfmtBegin><![CDATA[]]></EvtOfmtBegin>
    <EvtOfmtEnd><![CDATA[]]></EvtOfmtEnd>
    <EvtAcallBegin><![CDATA[]]></EvtAcallBegin>
    <EvtAcallEnd><![CDATA[]]></EvtAcallEnd>
    <EvtReturnBegin><![CDATA[]]></EvtReturnBegin>
    <EvtReturnEnd><![CDATA[]]></EvtReturnEnd>
    <EvtConvsvcBegin><![CDATA[]]></EvtConvsvcBegin>
    <EvtConvsvcEnd><![CDATA[]]></EvtConvsvcEnd>
    <EvtPfileBegin><![CDATA[]]></EvtPfileBegin>
    <EvtPfileEnd><![CDATA[]]></EvtPfileEnd>
    <EvtBfileBegin><![CDATA[]]></EvtBfileBegin>
    <EvtBfileEnd><![CDATA[]]></EvtBfileEnd>
    <EvtSfileBegin><![CDATA[]]></EvtSfileBegin>
    <EvtSfileEnd><![CDATA[]]></EvtSfileEnd>
    <EvtRfileBegin><![CDATA[]]></EvtRfileBegin>
    <EvtRfileEnd><![CDATA[]]></EvtRfileEnd>
  </Service>
  <Service Name="NCP_QRY_610004"
  		SvcDesc="银联无卡支付业务查询"
  		TimeOut="0"
  		IFmt="FMT_TERM_SVR_610004_IN"
  		OFmt="FMT_TERM_SVR_610004_OUT"
  		PFile=""
  		BFile=""
  		IElem=""
  		OElem=""
  		Transaction="No"
  		RevsFlag="No"
  		RevsDtaType=""
  		RevsDtaName=""
  		RevsSvcName=""
  		CompsFlag="No"
  		CompsDtaType=""
  		CompsDtaName=""
  		CompsName=""
  		ExtCode="610004"
  		Prio="3"
  		DestTimeOut="No"
  		RevsSeq="Random"
  		CompsSeq="Random"
  		IsWsdl="no"
  		NameSpace=""
  		NameSpaceNS=""
  		SoapBinding=""
  		IsHavePrefix="">
    <NodeClass Name="未分类"
    		Desc="未分类"/>
    <ExtCodeExpr><![CDATA[]]></ExtCodeExpr>
    <PrioExpr><![CDATA[]]></PrioExpr>
    <SvrIdExpr><![CDATA[]]></SvrIdExpr>
    <IFile><![CDATA[]]></IFile>
    <OFile><![CDATA[]]></OFile>
    <RevsInit><![CDATA[]]></RevsInit>
    <RevsSucc><![CDATA[]]></RevsSucc>
    <RevsFail><![CDATA[]]></RevsFail>
    <CompsInit><![CDATA[]]></CompsInit>
    <CompsSucc><![CDATA[]]></CompsSucc>
    <CompsFail><![CDATA[]]></CompsFail>
    <IFmtGrpTab RecNum="0"/>
    <OFmtGrpTab RecNum="0"/>
    <EvtIfmtBegin><![CDATA[]]></EvtIfmtBegin>
    <EvtIfmtEnd><![CDATA[]]></EvtIfmtEnd>
    <EvtOfmtBegin><![CDATA[]]></EvtOfmtBegin>
    <EvtOfmtEnd><![CDATA[]]></EvtOfmtEnd>
    <EvtAcallBegin><![CDATA[]]></EvtAcallBegin>
    <EvtAcallEnd><![CDATA[]]></EvtAcallEnd>
    <EvtReturnBegin><![CDATA[]]></EvtReturnBegin>
    <EvtReturnEnd><![CDATA[]]></EvtReturnEnd>
    <EvtConvsvcBegin><![CDATA[]]></EvtConvsvcBegin>
    <EvtConvsvcEnd><![CDATA[]]></EvtConvsvcEnd>
    <EvtPfileBegin><![CDATA[]]></EvtPfileBegin>
    <EvtPfileEnd><![CDATA[]]></EvtPfileEnd>
    <EvtBfileBegin><![CDATA[]]></EvtBfileBegin>
    <EvtBfileEnd><![CDATA[]]></EvtBfileEnd>
    <EvtSfileBegin><![CDATA[]]></EvtSfileBegin>
    <EvtSfileEnd><![CDATA[]]></EvtSfileEnd>
    <EvtRfileBegin><![CDATA[]]></EvtRfileBegin>
    <EvtRfileEnd><![CDATA[]]></EvtRfileEnd>
  </Service>
  <Service Name="NCP_QRY_610005"
  		SvcDesc="银联无卡支付业务协议查询"
  		TimeOut="0"
  		IFmt="FMT_TERM_SVR_610005_IN"
  		OFmt="FMT_TERM_SVR_610005_OUT"
  		PFile=""
  		BFile=""
  		IElem=""
  		OElem=""
  		Transaction="No"
  		RevsFlag="No"
  		RevsDtaType=""
  		RevsDtaName=""
  		RevsSvcName=""
  		CompsFlag="No"
  		CompsDtaType=""
  		CompsDtaName=""
  		CompsName=""
  		ExtCode="610005"
  		Prio="3"
  		DestTimeOut="No"
  		RevsSeq="Random"
  		CompsSeq="Random"
  		IsWsdl="no"
  		NameSpace=""
  		NameSpaceNS=""
  		SoapBinding=""
  		IsHavePrefix="">
    <NodeClass Name="未分类"
    		Desc="未分类"/>
    <ExtCodeExpr><![CDATA[]]></ExtCodeExpr>
    <PrioExpr><![CDATA[]]></PrioExpr>
    <SvrIdExpr><![CDATA[]]></SvrIdExpr>
    <IFile><![CDATA[]]></IFile>
    <OFile><![CDATA[]]></OFile>
    <RevsInit><![CDATA[]]></RevsInit>
    <RevsSucc><![CDATA[]]></RevsSucc>
    <RevsFail><![CDATA[]]></RevsFail>
    <CompsInit><![CDATA[]]></CompsInit>
    <CompsSucc><![CDATA[]]></CompsSucc>
    <CompsFail><![CDATA[]]></CompsFail>
    <IFmtGrpTab RecNum="0"/>
    <OFmtGrpTab RecNum="0"/>
    <EvtIfmtBegin><![CDATA[]]></EvtIfmtBegin>
    <EvtIfmtEnd><![CDATA[]]></EvtIfmtEnd>
    <EvtOfmtBegin><![CDATA[]]></EvtOfmtBegin>
    <EvtOfmtEnd><![CDATA[]]></EvtOfmtEnd>
    <EvtAcallBegin><![CDATA[]]></EvtAcallBegin>
    <EvtAcallEnd><![CDATA[]]></EvtAcallEnd>
    <EvtReturnBegin><![CDATA[]]></EvtReturnBegin>
    <EvtReturnEnd><![CDATA[]]></EvtReturnEnd>
    <EvtConvsvcBegin><![CDATA[]]></EvtConvsvcBegin>
    <EvtConvsvcEnd><![CDATA[]]></EvtConvsvcEnd>
    <EvtPfileBegin><![CDATA[]]></EvtPfileBegin>
    <EvtPfileEnd><![CDATA[]]></EvtPfileEnd>
    <EvtBfileBegin><![CDATA[]]></EvtBfileBegin>
    <EvtBfileEnd><![CDATA[]]></EvtBfileEnd>
    <EvtSfileBegin><![CDATA[]]></EvtSfileBegin>
    <EvtSfileEnd><![CDATA[]]></EvtSfileEnd>
    <EvtRfileBegin><![CDATA[]]></EvtRfileBegin>
    <EvtRfileEnd><![CDATA[]]></EvtRfileEnd>
  </Service>
</ServiceTab>
