<?xml version="1.0" encoding="UTF-8"?>

<SignTab RecNum="6">
  <Sign SignName="SIGN_TERM_SVR_610004_OUT"
  		SignDesc="柜面渠道公共响应报文标记集"
  		SignType="sign_xhttp"
  		CtrlType="ctrltype_tag"
  		LengthBytes="0"
  		LengthDlmt=""
  		SignDlmt="3e"
  		DataDlmt="3c2f3e3c"
  		ElemName="TERM_NCP_QRY_610004_OUT">
    <LengthParseExpr><![CDATA[]]></LengthParseExpr>
    <LengthBuildExpr><![CDATA[]]></LengthBuildExpr>
    <NodeClass Name="未分类"
    		Desc="未分类"/>
    <ItemTab RecNum="9">
      <Item ItemSignName="RspCode"
      		ItemDesc="返回码"
      		ElemName="RspCode"
      		AsciiFlag="yes"
      		DecLocale="0"
      		FixFlag="no"
      		ItemAdj=""
      		ItemFill=""
      		LenDataFlag="no"
      		LengthBytes=""
      		LengthDlmt="">
        <LengthExpr><![CDATA[]]></LengthExpr>
        <LenDataParseExpr><![CDATA[]]></LenDataParseExpr>
        <LenDataBuildExpr><![CDATA[]]></LenDataBuildExpr>
        <ParseExpr><![CDATA[]]></ParseExpr>
        <BuildExpr><![CDATA[]]></BuildExpr>
      </Item>
      <Item ItemSignName="RspMsg"
      		ItemDesc="返回信息"
      		ElemName="RspMsg"
      		AsciiFlag="yes"
      		DecLocale="0"
      		FixFlag="no"
      		ItemAdj=""
      		ItemFill=""
      		LenDataFlag="no"
      		LengthBytes=""
      		LengthDlmt="">
        <LengthExpr><![CDATA[]]></LengthExpr>
        <LenDataParseExpr><![CDATA[]]></LenDataParseExpr>
        <LenDataBuildExpr><![CDATA[]]></LenDataBuildExpr>
        <ParseExpr><![CDATA[]]></ParseExpr>
        <BuildExpr><![CDATA[]]></BuildExpr>
      </Item>
      <Item ItemSignName="TermDate"
      		ItemDesc="前置日期"
      		ElemName="TermDate"
      		AsciiFlag="yes"
      		DecLocale="0"
      		FixFlag="no"
      		ItemAdj=""
      		ItemFill=""
      		LenDataFlag="no"
      		LengthBytes=""
      		LengthDlmt="">
        <LengthExpr><![CDATA[]]></LengthExpr>
        <LenDataParseExpr><![CDATA[]]></LenDataParseExpr>
        <LenDataBuildExpr><![CDATA[]]></LenDataBuildExpr>
        <ParseExpr><![CDATA[]]></ParseExpr>
        <BuildExpr><![CDATA[]]></BuildExpr>
      </Item>
      <Item ItemSignName="TermSeq"
      		ItemDesc="前置流水"
      		ElemName="TermSeq"
      		AsciiFlag="yes"
      		DecLocale="0"
      		FixFlag="no"
      		ItemAdj=""
      		ItemFill=""
      		LenDataFlag="no"
      		LengthBytes=""
      		LengthDlmt="">
        <LengthExpr><![CDATA[]]></LengthExpr>
        <LenDataParseExpr><![CDATA[]]></LenDataParseExpr>
        <LenDataBuildExpr><![CDATA[]]></LenDataBuildExpr>
        <ParseExpr><![CDATA[]]></ParseExpr>
        <BuildExpr><![CDATA[]]></BuildExpr>
      </Item>
      <Item ItemSignName="TermTime"
      		ItemDesc="前置时间"
      		ElemName="TermTime"
      		AsciiFlag="yes"
      		DecLocale="0"
      		FixFlag="no"
      		ItemAdj=""
      		ItemFill=""
      		LenDataFlag="no"
      		LengthBytes=""
      		LengthDlmt="">
        <LengthExpr><![CDATA[]]></LengthExpr>
        <LenDataParseExpr><![CDATA[]]></LenDataParseExpr>
        <LenDataBuildExpr><![CDATA[]]></LenDataBuildExpr>
        <ParseExpr><![CDATA[]]></ParseExpr>
        <BuildExpr><![CDATA[]]></BuildExpr>
      </Item>
      <Item ItemSignName="SerSeqNo"
      		ItemDesc="主机流水号"
      		ElemName="SerSeqNo"
      		AsciiFlag="yes"
      		DecLocale="0"
      		FixFlag="no"
      		ItemAdj=""
      		ItemFill=""
      		LenDataFlag="no"
      		LengthBytes=""
      		LengthDlmt="">
        <LengthExpr><![CDATA[]]></LengthExpr>
        <LenDataParseExpr><![CDATA[]]></LenDataParseExpr>
        <LenDataBuildExpr><![CDATA[]]></LenDataBuildExpr>
        <ParseExpr><![CDATA[]]></ParseExpr>
        <BuildExpr><![CDATA[]]></BuildExpr>
      </Item>
      <Item ItemSignName="FileName"
      		ItemDesc="文件传输名称"
      		ElemName="FileName"
      		AsciiFlag="yes"
      		DecLocale="0"
      		FixFlag="no"
      		ItemAdj=""
      		ItemFill=""
      		LenDataFlag="no"
      		LengthBytes=""
      		LengthDlmt="">
        <LengthExpr><![CDATA[]]></LengthExpr>
        <LenDataParseExpr><![CDATA[]]></LenDataParseExpr>
        <LenDataBuildExpr><![CDATA[]]></LenDataBuildExpr>
        <ParseExpr><![CDATA[]]></ParseExpr>
        <BuildExpr><![CDATA[]]></BuildExpr>
      </Item>
      <Item ItemSignName="FileFlag"
      		ItemDesc="文件传送标志"
      		ElemName="FileFlag"
      		AsciiFlag="yes"
      		DecLocale="0"
      		FixFlag="no"
      		ItemAdj=""
      		ItemFill=""
      		LenDataFlag="no"
      		LengthBytes=""
      		LengthDlmt="">
        <LengthExpr><![CDATA[]]></LengthExpr>
        <LenDataParseExpr><![CDATA[]]></LenDataParseExpr>
        <LenDataBuildExpr><![CDATA[]]></LenDataBuildExpr>
        <ParseExpr><![CDATA[]]></ParseExpr>
        <BuildExpr><![CDATA[]]></BuildExpr>
      </Item>
      <Item ItemSignName="InqFormid"
      		ItemDesc="查询格式编号"
      		ElemName="InqFormid"
      		AsciiFlag="yes"
      		DecLocale="0"
      		FixFlag="no"
      		ItemAdj=""
      		ItemFill=""
      		LenDataFlag="no"
      		LengthBytes=""
      		LengthDlmt="">
        <LengthExpr><![CDATA[]]></LengthExpr>
        <LenDataParseExpr><![CDATA[]]></LenDataParseExpr>
        <LenDataBuildExpr><![CDATA[]]></LenDataBuildExpr>
        <ParseExpr><![CDATA[]]></ParseExpr>
        <BuildExpr><![CDATA[]]></BuildExpr>
      </Item>
    </ItemTab>
  </Sign>
  <Sign SignName="SIGN_TERM_SVR_610002_OUT"
  		SignDesc="柜面渠道公共响应报文标记集"
  		SignType="sign_xhttp"
  		CtrlType="ctrltype_tag"
  		LengthBytes="0"
  		LengthDlmt=""
  		SignDlmt="3e"
  		DataDlmt="3c2f3e3c"
  		ElemName="TERM_NCP_QRY_610002_OUT">
    <LengthParseExpr><![CDATA[]]></LengthParseExpr>
    <LengthBuildExpr><![CDATA[]]></LengthBuildExpr>
    <NodeClass Name="未分类"
    		Desc="未分类"/>
    <ItemTab RecNum="9">
      <Item ItemSignName="RspCode"
      		ItemDesc="返回码"
      		ElemName="RspCode"
      		AsciiFlag="yes"
      		DecLocale="0"
      		FixFlag="no"
      		ItemAdj=""
      		ItemFill=""
      		LenDataFlag="no"
      		LengthBytes=""
      		LengthDlmt="">
        <LengthExpr><![CDATA[]]></LengthExpr>
        <LenDataParseExpr><![CDATA[]]></LenDataParseExpr>
        <LenDataBuildExpr><![CDATA[]]></LenDataBuildExpr>
        <ParseExpr><![CDATA[]]></ParseExpr>
        <BuildExpr><![CDATA[]]></BuildExpr>
      </Item>
      <Item ItemSignName="RspMsg"
      		ItemDesc="返回信息"
      		ElemName="RspMsg"
      		AsciiFlag="yes"
      		DecLocale="0"
      		FixFlag="no"
      		ItemAdj=""
      		ItemFill=""
      		LenDataFlag="no"
      		LengthBytes=""
      		LengthDlmt="">
        <LengthExpr><![CDATA[]]></LengthExpr>
        <LenDataParseExpr><![CDATA[]]></LenDataParseExpr>
        <LenDataBuildExpr><![CDATA[]]></LenDataBuildExpr>
        <ParseExpr><![CDATA[]]></ParseExpr>
        <BuildExpr><![CDATA[]]></BuildExpr>
      </Item>
      <Item ItemSignName="TermDate"
      		ItemDesc="前置日期"
      		ElemName="TermDate"
      		AsciiFlag="yes"
      		DecLocale="0"
      		FixFlag="no"
      		ItemAdj=""
      		ItemFill=""
      		LenDataFlag="no"
      		LengthBytes=""
      		LengthDlmt="">
        <LengthExpr><![CDATA[]]></LengthExpr>
        <LenDataParseExpr><![CDATA[]]></LenDataParseExpr>
        <LenDataBuildExpr><![CDATA[]]></LenDataBuildExpr>
        <ParseExpr><![CDATA[]]></ParseExpr>
        <BuildExpr><![CDATA[]]></BuildExpr>
      </Item>
      <Item ItemSignName="TermSeq"
      		ItemDesc="前置流水"
      		ElemName="TermSeq"
      		AsciiFlag="yes"
      		DecLocale="0"
      		FixFlag="no"
      		ItemAdj=""
      		ItemFill=""
      		LenDataFlag="no"
      		LengthBytes=""
      		LengthDlmt="">
        <LengthExpr><![CDATA[]]></LengthExpr>
        <LenDataParseExpr><![CDATA[]]></LenDataParseExpr>
        <LenDataBuildExpr><![CDATA[]]></LenDataBuildExpr>
        <ParseExpr><![CDATA[]]></ParseExpr>
        <BuildExpr><![CDATA[]]></BuildExpr>
      </Item>
      <Item ItemSignName="TermTime"
      		ItemDesc="前置时间"
      		ElemName="TermTime"
      		AsciiFlag="yes"
      		DecLocale="0"
      		FixFlag="no"
      		ItemAdj=""
      		ItemFill=""
      		LenDataFlag="no"
      		LengthBytes=""
      		LengthDlmt="">
        <LengthExpr><![CDATA[]]></LengthExpr>
        <LenDataParseExpr><![CDATA[]]></LenDataParseExpr>
        <LenDataBuildExpr><![CDATA[]]></LenDataBuildExpr>
        <ParseExpr><![CDATA[]]></ParseExpr>
        <BuildExpr><![CDATA[]]></BuildExpr>
      </Item>
      <Item ItemSignName="SerSeqNo"
      		ItemDesc="主机流水号"
      		ElemName="SerSeqNo"
      		AsciiFlag="yes"
      		DecLocale="0"
      		FixFlag="no"
      		ItemAdj=""
      		ItemFill=""
      		LenDataFlag="no"
      		LengthBytes=""
      		LengthDlmt="">
        <LengthExpr><![CDATA[]]></LengthExpr>
        <LenDataParseExpr><![CDATA[]]></LenDataParseExpr>
        <LenDataBuildExpr><![CDATA[]]></LenDataBuildExpr>
        <ParseExpr><![CDATA[]]></ParseExpr>
        <BuildExpr><![CDATA[]]></BuildExpr>
      </Item>
      <Item ItemSignName="FileName"
      		ItemDesc="文件传输名称"
      		ElemName="FileName"
      		AsciiFlag="yes"
      		DecLocale="0"
      		FixFlag="no"
      		ItemAdj=""
      		ItemFill=""
      		LenDataFlag="no"
      		LengthBytes=""
      		LengthDlmt="">
        <LengthExpr><![CDATA[]]></LengthExpr>
        <LenDataParseExpr><![CDATA[]]></LenDataParseExpr>
        <LenDataBuildExpr><![CDATA[]]></LenDataBuildExpr>
        <ParseExpr><![CDATA[]]></ParseExpr>
        <BuildExpr><![CDATA[]]></BuildExpr>
      </Item>
      <Item ItemSignName="FileFlag"
      		ItemDesc="文件传送标志"
      		ElemName="FileFlag"
      		AsciiFlag="yes"
      		DecLocale="0"
      		FixFlag="no"
      		ItemAdj=""
      		ItemFill=""
      		LenDataFlag="no"
      		LengthBytes=""
      		LengthDlmt="">
        <LengthExpr><![CDATA[]]></LengthExpr>
        <LenDataParseExpr><![CDATA[]]></LenDataParseExpr>
        <LenDataBuildExpr><![CDATA[]]></LenDataBuildExpr>
        <ParseExpr><![CDATA[]]></ParseExpr>
        <BuildExpr><![CDATA[]]></BuildExpr>
      </Item>
      <Item ItemSignName="InqFormid"
      		ItemDesc="查询格式编号"
      		ElemName="InqFormid"
      		AsciiFlag="yes"
      		DecLocale="0"
      		FixFlag="no"
      		ItemAdj=""
      		ItemFill=""
      		LenDataFlag="no"
      		LengthBytes=""
      		LengthDlmt="">
        <LengthExpr><![CDATA[]]></LengthExpr>
        <LenDataParseExpr><![CDATA[]]></LenDataParseExpr>
        <LenDataBuildExpr><![CDATA[]]></LenDataBuildExpr>
        <ParseExpr><![CDATA[]]></ParseExpr>
        <BuildExpr><![CDATA[]]></BuildExpr>
      </Item>
    </ItemTab>
  </Sign>
  <Sign SignName="SIGN_TERM_SVR_610002_IN"
  		SignDesc="柜面渠道公共请求报文标记集"
  		SignType="sign_xhttp"
  		CtrlType="ctrltype_tag"
  		LengthBytes="0"
  		LengthDlmt=""
  		SignDlmt="3e"
  		DataDlmt="3c2f3e3c"
  		ElemName="TERM_NCP_QRY_610002_IN">
    <LengthParseExpr><![CDATA[]]></LengthParseExpr>
    <LengthBuildExpr><![CDATA[]]></LengthBuildExpr>
    <NodeClass Name="未分类"
    		Desc="未分类"/>
    <ItemTab RecNum="19">
      <Item ItemSignName="TellerName"
      		ItemDesc="柜员名称"
      		ElemName="TellerName"
      		AsciiFlag="yes"
      		DecLocale="0"
      		FixFlag="no"
      		ItemAdj=""
      		ItemFill=""
      		LenDataFlag="no"
      		LengthBytes=""
      		LengthDlmt="">
        <LengthExpr><![CDATA[]]></LengthExpr>
        <LenDataParseExpr><![CDATA[]]></LenDataParseExpr>
        <LenDataBuildExpr><![CDATA[]]></LenDataBuildExpr>
        <ParseExpr><![CDATA[]]></ParseExpr>
        <BuildExpr><![CDATA[]]></BuildExpr>
      </Item>
      <Item ItemSignName="TellerLvl0"
      		ItemDesc="操作员级别"
      		ElemName="TellerLvl0"
      		AsciiFlag="yes"
      		DecLocale="0"
      		FixFlag="no"
      		ItemAdj=""
      		ItemFill=""
      		LenDataFlag="no"
      		LengthBytes=""
      		LengthDlmt="">
        <LengthExpr><![CDATA[]]></LengthExpr>
        <LenDataParseExpr><![CDATA[]]></LenDataParseExpr>
        <LenDataBuildExpr><![CDATA[]]></LenDataBuildExpr>
        <ParseExpr><![CDATA[]]></ParseExpr>
        <BuildExpr><![CDATA[]]></BuildExpr>
      </Item>
      <Item ItemSignName="AuthFlag"
      		ItemDesc="授权标志"
      		ElemName="AuthFlag"
      		AsciiFlag="yes"
      		DecLocale="0"
      		FixFlag="no"
      		ItemAdj=""
      		ItemFill=""
      		LenDataFlag="no"
      		LengthBytes=""
      		LengthDlmt="">
        <LengthExpr><![CDATA[]]></LengthExpr>
        <LenDataParseExpr><![CDATA[]]></LenDataParseExpr>
        <LenDataBuildExpr><![CDATA[]]></LenDataBuildExpr>
        <ParseExpr><![CDATA[]]></ParseExpr>
        <BuildExpr><![CDATA[]]></BuildExpr>
      </Item>
      <Item ItemSignName="BrcName0"
      		ItemDesc="交易机构名称"
      		ElemName="BrcName0"
      		AsciiFlag="yes"
      		DecLocale="0"
      		FixFlag="no"
      		ItemAdj=""
      		ItemFill=""
      		LenDataFlag="no"
      		LengthBytes=""
      		LengthDlmt="">
        <LengthExpr><![CDATA[]]></LengthExpr>
        <LenDataParseExpr><![CDATA[]]></LenDataParseExpr>
        <LenDataBuildExpr><![CDATA[]]></LenDataBuildExpr>
        <ParseExpr><![CDATA[]]></ParseExpr>
        <BuildExpr><![CDATA[]]></BuildExpr>
      </Item>
      <Item ItemSignName="TellerType0"
      		ItemDesc="操作员种类"
      		ElemName="TellerType0"
      		AsciiFlag="yes"
      		DecLocale="0"
      		FixFlag="no"
      		ItemAdj=""
      		ItemFill=""
      		LenDataFlag="no"
      		LengthBytes=""
      		LengthDlmt="">
        <LengthExpr><![CDATA[]]></LengthExpr>
        <LenDataParseExpr><![CDATA[]]></LenDataParseExpr>
        <LenDataBuildExpr><![CDATA[]]></LenDataBuildExpr>
        <ParseExpr><![CDATA[]]></ParseExpr>
        <BuildExpr><![CDATA[]]></BuildExpr>
      </Item>
      <Item ItemSignName="BrcType0"
      		ItemDesc="机构类别"
      		ElemName="BrcType0"
      		AsciiFlag="yes"
      		DecLocale="0"
      		FixFlag="no"
      		ItemAdj=""
      		ItemFill=""
      		LenDataFlag="no"
      		LengthBytes=""
      		LengthDlmt="">
        <LengthExpr><![CDATA[]]></LengthExpr>
        <LenDataParseExpr><![CDATA[]]></LenDataParseExpr>
        <LenDataBuildExpr><![CDATA[]]></LenDataBuildExpr>
        <ParseExpr><![CDATA[]]></ParseExpr>
        <BuildExpr><![CDATA[]]></BuildExpr>
      </Item>
      <Item ItemSignName="TranDate"
      		ItemDesc="交易日期"
      		ElemName="TranDate"
      		AsciiFlag="yes"
      		DecLocale="0"
      		FixFlag="no"
      		ItemAdj=""
      		ItemFill=""
      		LenDataFlag="no"
      		LengthBytes=""
      		LengthDlmt="">
        <LengthExpr><![CDATA[]]></LengthExpr>
        <LenDataParseExpr><![CDATA[]]></LenDataParseExpr>
        <LenDataBuildExpr><![CDATA[]]></LenDataBuildExpr>
        <ParseExpr><![CDATA[]]></ParseExpr>
        <BuildExpr><![CDATA[]]></BuildExpr>
      </Item>
      <Item ItemSignName="Teller"
      		ItemDesc="银行柜员编号"
      		ElemName="Teller"
      		AsciiFlag="yes"
      		DecLocale="0"
      		FixFlag="no"
      		ItemAdj=""
      		ItemFill=""
      		LenDataFlag="no"
      		LengthBytes=""
      		LengthDlmt="">
        <LengthExpr><![CDATA[]]></LengthExpr>
        <LenDataParseExpr><![CDATA[]]></LenDataParseExpr>
        <LenDataBuildExpr><![CDATA[]]></LenDataBuildExpr>
        <ParseExpr><![CDATA[]]></ParseExpr>
        <BuildExpr><![CDATA[]]></BuildExpr>
      </Item>
      <Item ItemSignName="TermId"
      		ItemDesc="交易终端号"
      		ElemName="TermId"
      		AsciiFlag="yes"
      		DecLocale="0"
      		FixFlag="no"
      		ItemAdj=""
      		ItemFill=""
      		LenDataFlag="no"
      		LengthBytes=""
      		LengthDlmt="">
        <LengthExpr><![CDATA[]]></LengthExpr>
        <LenDataParseExpr><![CDATA[]]></LenDataParseExpr>
        <LenDataBuildExpr><![CDATA[]]></LenDataBuildExpr>
        <ParseExpr><![CDATA[]]></ParseExpr>
        <BuildExpr><![CDATA[]]></BuildExpr>
      </Item>
      <Item ItemSignName="Brc"
      		ItemDesc="机构码"
      		ElemName="Brc"
      		AsciiFlag="yes"
      		DecLocale="0"
      		FixFlag="no"
      		ItemAdj=""
      		ItemFill=""
      		LenDataFlag="no"
      		LengthBytes=""
      		LengthDlmt="">
        <LengthExpr><![CDATA[]]></LengthExpr>
        <LenDataParseExpr><![CDATA[]]></LenDataParseExpr>
        <LenDataBuildExpr><![CDATA[]]></LenDataBuildExpr>
        <ParseExpr><![CDATA[]]></ParseExpr>
        <BuildExpr><![CDATA[]]></BuildExpr>
      </Item>
      <Item ItemSignName="BrcLvl0"
      		ItemDesc="机构级别"
      		ElemName="BrcLvl0"
      		AsciiFlag="yes"
      		DecLocale="0"
      		FixFlag="no"
      		ItemAdj=""
      		ItemFill=""
      		LenDataFlag="no"
      		LengthBytes=""
      		LengthDlmt="">
        <LengthExpr><![CDATA[]]></LengthExpr>
        <LenDataParseExpr><![CDATA[]]></LenDataParseExpr>
        <LenDataBuildExpr><![CDATA[]]></LenDataBuildExpr>
        <ParseExpr><![CDATA[]]></ParseExpr>
        <BuildExpr><![CDATA[]]></BuildExpr>
      </Item>
      <Item ItemSignName="ChannelId"
      		ItemDesc="交易渠道"
      		ElemName="ChannelId"
      		AsciiFlag="yes"
      		DecLocale="0"
      		FixFlag="no"
      		ItemAdj=""
      		ItemFill=""
      		LenDataFlag="no"
      		LengthBytes=""
      		LengthDlmt="">
        <LengthExpr><![CDATA[]]></LengthExpr>
        <LenDataParseExpr><![CDATA[]]></LenDataParseExpr>
        <LenDataBuildExpr><![CDATA[]]></LenDataBuildExpr>
        <ParseExpr><![CDATA[]]></ParseExpr>
        <BuildExpr><![CDATA[]]></BuildExpr>
      </Item>
      <Item ItemSignName="TranName"
      		ItemDesc="交易名称"
      		ElemName="TranName"
      		AsciiFlag="yes"
      		DecLocale="0"
      		FixFlag="no"
      		ItemAdj=""
      		ItemFill=""
      		LenDataFlag="no"
      		LengthBytes=""
      		LengthDlmt="">
        <LengthExpr><![CDATA[]]></LengthExpr>
        <LenDataParseExpr><![CDATA[]]></LenDataParseExpr>
        <LenDataBuildExpr><![CDATA[]]></LenDataBuildExpr>
        <ParseExpr><![CDATA[]]></ParseExpr>
        <BuildExpr><![CDATA[]]></BuildExpr>
      </Item>
      <Item ItemSignName="TermIP"
      		ItemDesc="终端IP"
      		ElemName="TermIP"
      		AsciiFlag="yes"
      		DecLocale="0"
      		FixFlag="no"
      		ItemAdj=""
      		ItemFill=""
      		LenDataFlag="no"
      		LengthBytes=""
      		LengthDlmt="">
        <LengthExpr><![CDATA[]]></LengthExpr>
        <LenDataParseExpr><![CDATA[]]></LenDataParseExpr>
        <LenDataBuildExpr><![CDATA[]]></LenDataBuildExpr>
        <ParseExpr><![CDATA[]]></ParseExpr>
        <BuildExpr><![CDATA[]]></BuildExpr>
      </Item>
      <Item ItemSignName="FileName"
      		ItemDesc="文件传输名称"
      		ElemName="FileName"
      		AsciiFlag="yes"
      		DecLocale="0"
      		FixFlag="no"
      		ItemAdj=""
      		ItemFill=""
      		LenDataFlag="no"
      		LengthBytes=""
      		LengthDlmt="">
        <LengthExpr><![CDATA[]]></LengthExpr>
        <LenDataParseExpr><![CDATA[]]></LenDataParseExpr>
        <LenDataBuildExpr><![CDATA[]]></LenDataBuildExpr>
        <ParseExpr><![CDATA[]]></ParseExpr>
        <BuildExpr><![CDATA[]]></BuildExpr>
      </Item>
      <Item ItemSignName="InqFormid"
      		ItemDesc="查询格式编号"
      		ElemName="InqFormid"
      		AsciiFlag="yes"
      		DecLocale="0"
      		FixFlag="no"
      		ItemAdj=""
      		ItemFill=""
      		LenDataFlag="no"
      		LengthBytes=""
      		LengthDlmt="">
        <LengthExpr><![CDATA[]]></LengthExpr>
        <LenDataParseExpr><![CDATA[]]></LenDataParseExpr>
        <LenDataBuildExpr><![CDATA[]]></LenDataBuildExpr>
        <ParseExpr><![CDATA[]]></ParseExpr>
        <BuildExpr><![CDATA[]]></BuildExpr>
      </Item>
      <Item ItemSignName="TranTime"
      		ItemDesc="交易时间"
      		ElemName="TranTime"
      		AsciiFlag="yes"
      		DecLocale="0"
      		FixFlag="no"
      		ItemAdj=""
      		ItemFill=""
      		LenDataFlag="no"
      		LengthBytes=""
      		LengthDlmt="">
        <LengthExpr><![CDATA[]]></LengthExpr>
        <LenDataParseExpr><![CDATA[]]></LenDataParseExpr>
        <LenDataBuildExpr><![CDATA[]]></LenDataBuildExpr>
        <ParseExpr><![CDATA[]]></ParseExpr>
        <BuildExpr><![CDATA[]]></BuildExpr>
      </Item>
      <Item ItemSignName="FileFlag"
      		ItemDesc="文件传送标志"
      		ElemName="FileFlag"
      		AsciiFlag="yes"
      		DecLocale="0"
      		FixFlag="no"
      		ItemAdj=""
      		ItemFill=""
      		LenDataFlag="no"
      		LengthBytes=""
      		LengthDlmt="">
        <LengthExpr><![CDATA[]]></LengthExpr>
        <LenDataParseExpr><![CDATA[]]></LenDataParseExpr>
        <LenDataBuildExpr><![CDATA[]]></LenDataBuildExpr>
        <ParseExpr><![CDATA[]]></ParseExpr>
        <BuildExpr><![CDATA[]]></BuildExpr>
      </Item>
      <Item ItemSignName="BMSDFXY"
      		ItemDesc="协议号"
      		ElemName="BMSDFXY"
      		AsciiFlag="yes"
      		DecLocale="0"
      		FixFlag="no"
      		ItemAdj=""
      		ItemFill=""
      		LenDataFlag="no"
      		LengthBytes=""
      		LengthDlmt="">
        <LengthExpr><![CDATA[]]></LengthExpr>
        <LenDataParseExpr><![CDATA[]]></LenDataParseExpr>
        <LenDataBuildExpr><![CDATA[]]></LenDataBuildExpr>
        <ParseExpr><![CDATA[]]></ParseExpr>
        <BuildExpr><![CDATA[]]></BuildExpr>
      </Item>
    </ItemTab>
  </Sign>
  <Sign SignName="SIGN_TERM_SVR_610005_OUT"
  		SignDesc="柜面渠道公共响应报文标记集"
  		SignType="sign_xhttp"
  		CtrlType="ctrltype_tag"
  		LengthBytes="0"
  		LengthDlmt=""
  		SignDlmt="3e"
  		DataDlmt="3c2f3e3c"
  		ElemName="TERM_NCP_QRY_610005_OUT">
    <LengthParseExpr><![CDATA[]]></LengthParseExpr>
    <LengthBuildExpr><![CDATA[]]></LengthBuildExpr>
    <NodeClass Name="未分类"
    		Desc="未分类"/>
    <ItemTab RecNum="9">
      <Item ItemSignName="RspCode"
      		ItemDesc="返回码"
      		ElemName="RspCode"
      		AsciiFlag="yes"
      		DecLocale="0"
      		FixFlag="no"
      		ItemAdj=""
      		ItemFill=""
      		LenDataFlag="no"
      		LengthBytes=""
      		LengthDlmt="">
        <LengthExpr><![CDATA[]]></LengthExpr>
        <LenDataParseExpr><![CDATA[]]></LenDataParseExpr>
        <LenDataBuildExpr><![CDATA[]]></LenDataBuildExpr>
        <ParseExpr><![CDATA[]]></ParseExpr>
        <BuildExpr><![CDATA[]]></BuildExpr>
      </Item>
      <Item ItemSignName="RspMsg"
      		ItemDesc="返回信息"
      		ElemName="RspMsg"
      		AsciiFlag="yes"
      		DecLocale="0"
      		FixFlag="no"
      		ItemAdj=""
      		ItemFill=""
      		LenDataFlag="no"
      		LengthBytes=""
      		LengthDlmt="">
        <LengthExpr><![CDATA[]]></LengthExpr>
        <LenDataParseExpr><![CDATA[]]></LenDataParseExpr>
        <LenDataBuildExpr><![CDATA[]]></LenDataBuildExpr>
        <ParseExpr><![CDATA[]]></ParseExpr>
        <BuildExpr><![CDATA[]]></BuildExpr>
      </Item>
      <Item ItemSignName="TermDate"
      		ItemDesc="前置日期"
      		ElemName="TermDate"
      		AsciiFlag="yes"
      		DecLocale="0"
      		FixFlag="no"
      		ItemAdj=""
      		ItemFill=""
      		LenDataFlag="no"
      		LengthBytes=""
      		LengthDlmt="">
        <LengthExpr><![CDATA[]]></LengthExpr>
        <LenDataParseExpr><![CDATA[]]></LenDataParseExpr>
        <LenDataBuildExpr><![CDATA[]]></LenDataBuildExpr>
        <ParseExpr><![CDATA[]]></ParseExpr>
        <BuildExpr><![CDATA[]]></BuildExpr>
      </Item>
      <Item ItemSignName="TermSeq"
      		ItemDesc="前置流水"
      		ElemName="TermSeq"
      		AsciiFlag="yes"
      		DecLocale="0"
      		FixFlag="no"
      		ItemAdj=""
      		ItemFill=""
      		LenDataFlag="no"
      		LengthBytes=""
      		LengthDlmt="">
        <LengthExpr><![CDATA[]]></LengthExpr>
        <LenDataParseExpr><![CDATA[]]></LenDataParseExpr>
        <LenDataBuildExpr><![CDATA[]]></LenDataBuildExpr>
        <ParseExpr><![CDATA[]]></ParseExpr>
        <BuildExpr><![CDATA[]]></BuildExpr>
      </Item>
      <Item ItemSignName="TermTime"
      		ItemDesc="前置时间"
      		ElemName="TermTime"
      		AsciiFlag="yes"
      		DecLocale="0"
      		FixFlag="no"
      		ItemAdj=""
      		ItemFill=""
      		LenDataFlag="no"
      		LengthBytes=""
      		LengthDlmt="">
        <LengthExpr><![CDATA[]]></LengthExpr>
        <LenDataParseExpr><![CDATA[]]></LenDataParseExpr>
        <LenDataBuildExpr><![CDATA[]]></LenDataBuildExpr>
        <ParseExpr><![CDATA[]]></ParseExpr>
        <BuildExpr><![CDATA[]]></BuildExpr>
      </Item>
      <Item ItemSignName="SerSeqNo"
      		ItemDesc="主机流水号"
      		ElemName="SerSeqNo"
      		AsciiFlag="yes"
      		DecLocale="0"
      		FixFlag="no"
      		ItemAdj=""
      		ItemFill=""
      		LenDataFlag="no"
      		LengthBytes=""
      		LengthDlmt="">
        <LengthExpr><![CDATA[]]></LengthExpr>
        <LenDataParseExpr><![CDATA[]]></LenDataParseExpr>
        <LenDataBuildExpr><![CDATA[]]></LenDataBuildExpr>
        <ParseExpr><![CDATA[]]></ParseExpr>
        <BuildExpr><![CDATA[]]></BuildExpr>
      </Item>
      <Item ItemSignName="FileName"
      		ItemDesc="文件传输名称"
      		ElemName="FileName"
      		AsciiFlag="yes"
      		DecLocale="0"
      		FixFlag="no"
      		ItemAdj=""
      		ItemFill=""
      		LenDataFlag="no"
      		LengthBytes=""
      		LengthDlmt="">
        <LengthExpr><![CDATA[]]></LengthExpr>
        <LenDataParseExpr><![CDATA[]]></LenDataParseExpr>
        <LenDataBuildExpr><![CDATA[]]></LenDataBuildExpr>
        <ParseExpr><![CDATA[]]></ParseExpr>
        <BuildExpr><![CDATA[]]></BuildExpr>
      </Item>
      <Item ItemSignName="FileFlag"
      		ItemDesc="文件传送标志"
      		ElemName="FileFlag"
      		AsciiFlag="yes"
      		DecLocale="0"
      		FixFlag="no"
      		ItemAdj=""
      		ItemFill=""
      		LenDataFlag="no"
      		LengthBytes=""
      		LengthDlmt="">
        <LengthExpr><![CDATA[]]></LengthExpr>
        <LenDataParseExpr><![CDATA[]]></LenDataParseExpr>
        <LenDataBuildExpr><![CDATA[]]></LenDataBuildExpr>
        <ParseExpr><![CDATA[]]></ParseExpr>
        <BuildExpr><![CDATA[]]></BuildExpr>
      </Item>
      <Item ItemSignName="InqFormid"
      		ItemDesc="查询格式编号"
      		ElemName="InqFormid"
      		AsciiFlag="yes"
      		DecLocale="0"
      		FixFlag="no"
      		ItemAdj=""
      		ItemFill=""
      		LenDataFlag="no"
      		LengthBytes=""
      		LengthDlmt="">
        <LengthExpr><![CDATA[]]></LengthExpr>
        <LenDataParseExpr><![CDATA[]]></LenDataParseExpr>
        <LenDataBuildExpr><![CDATA[]]></LenDataBuildExpr>
        <ParseExpr><![CDATA[]]></ParseExpr>
        <BuildExpr><![CDATA[]]></BuildExpr>
      </Item>
    </ItemTab>
  </Sign>
  <Sign SignName="SIGN_TERM_SVR_610005_IN"
  		SignDesc="柜面渠道公共请求报文标记集"
  		SignType="sign_xhttp"
  		CtrlType="ctrltype_tag"
  		LengthBytes="0"
  		LengthDlmt=""
  		SignDlmt="3e"
  		DataDlmt="3c2f3e3c"
  		ElemName="TERM_NCP_QRY_610005_IN">
    <LengthParseExpr><![CDATA[]]></LengthParseExpr>
    <LengthBuildExpr><![CDATA[]]></LengthBuildExpr>
    <NodeClass Name="未分类"
    		Desc="未分类"/>
    <ItemTab RecNum="24">
      <Item ItemSignName="TellerName"
      		ItemDesc="柜员名称"
      		ElemName="TellerName"
      		AsciiFlag="yes"
      		DecLocale="0"
      		FixFlag="no"
      		ItemAdj=""
      		ItemFill=""
      		LenDataFlag="no"
      		LengthBytes=""
      		LengthDlmt="">
        <LengthExpr><![CDATA[]]></LengthExpr>
        <LenDataParseExpr><![CDATA[]]></LenDataParseExpr>
        <LenDataBuildExpr><![CDATA[]]></LenDataBuildExpr>
        <ParseExpr><![CDATA[]]></ParseExpr>
        <BuildExpr><![CDATA[]]></BuildExpr>
      </Item>
      <Item ItemSignName="TellerLvl0"
      		ItemDesc="操作员级别"
      		ElemName="TellerLvl0"
      		AsciiFlag="yes"
      		DecLocale="0"
      		FixFlag="no"
      		ItemAdj=""
      		ItemFill=""
      		LenDataFlag="no"
      		LengthBytes=""
      		LengthDlmt="">
        <LengthExpr><![CDATA[]]></LengthExpr>
        <LenDataParseExpr><![CDATA[]]></LenDataParseExpr>
        <LenDataBuildExpr><![CDATA[]]></LenDataBuildExpr>
        <ParseExpr><![CDATA[]]></ParseExpr>
        <BuildExpr><![CDATA[]]></BuildExpr>
      </Item>
      <Item ItemSignName="AuthFlag"
      		ItemDesc="授权标志"
      		ElemName="AuthFlag"
      		AsciiFlag="yes"
      		DecLocale="0"
      		FixFlag="no"
      		ItemAdj=""
      		ItemFill=""
      		LenDataFlag="no"
      		LengthBytes=""
      		LengthDlmt="">
        <LengthExpr><![CDATA[]]></LengthExpr>
        <LenDataParseExpr><![CDATA[]]></LenDataParseExpr>
        <LenDataBuildExpr><![CDATA[]]></LenDataBuildExpr>
        <ParseExpr><![CDATA[]]></ParseExpr>
        <BuildExpr><![CDATA[]]></BuildExpr>
      </Item>
      <Item ItemSignName="BrcName0"
      		ItemDesc="交易机构名称"
      		ElemName="BrcName0"
      		AsciiFlag="yes"
      		DecLocale="0"
      		FixFlag="no"
      		ItemAdj=""
      		ItemFill=""
      		LenDataFlag="no"
      		LengthBytes=""
      		LengthDlmt="">
        <LengthExpr><![CDATA[]]></LengthExpr>
        <LenDataParseExpr><![CDATA[]]></LenDataParseExpr>
        <LenDataBuildExpr><![CDATA[]]></LenDataBuildExpr>
        <ParseExpr><![CDATA[]]></ParseExpr>
        <BuildExpr><![CDATA[]]></BuildExpr>
      </Item>
      <Item ItemSignName="TellerType0"
      		ItemDesc="操作员种类"
      		ElemName="TellerType0"
      		AsciiFlag="yes"
      		DecLocale="0"
      		FixFlag="no"
      		ItemAdj=""
      		ItemFill=""
      		LenDataFlag="no"
      		LengthBytes=""
      		LengthDlmt="">
        <LengthExpr><![CDATA[]]></LengthExpr>
        <LenDataParseExpr><![CDATA[]]></LenDataParseExpr>
        <LenDataBuildExpr><![CDATA[]]></LenDataBuildExpr>
        <ParseExpr><![CDATA[]]></ParseExpr>
        <BuildExpr><![CDATA[]]></BuildExpr>
      </Item>
      <Item ItemSignName="BrcType0"
      		ItemDesc="机构类别"
      		ElemName="BrcType0"
      		AsciiFlag="yes"
      		DecLocale="0"
      		FixFlag="no"
      		ItemAdj=""
      		ItemFill=""
      		LenDataFlag="no"
      		LengthBytes=""
      		LengthDlmt="">
        <LengthExpr><![CDATA[]]></LengthExpr>
        <LenDataParseExpr><![CDATA[]]></LenDataParseExpr>
        <LenDataBuildExpr><![CDATA[]]></LenDataBuildExpr>
        <ParseExpr><![CDATA[]]></ParseExpr>
        <BuildExpr><![CDATA[]]></BuildExpr>
      </Item>
      <Item ItemSignName="TranDate"
      		ItemDesc="交易日期"
      		ElemName="TranDate"
      		AsciiFlag="yes"
      		DecLocale="0"
      		FixFlag="no"
      		ItemAdj=""
      		ItemFill=""
      		LenDataFlag="no"
      		LengthBytes=""
      		LengthDlmt="">
        <LengthExpr><![CDATA[]]></LengthExpr>
        <LenDataParseExpr><![CDATA[]]></LenDataParseExpr>
        <LenDataBuildExpr><![CDATA[]]></LenDataBuildExpr>
        <ParseExpr><![CDATA[]]></ParseExpr>
        <BuildExpr><![CDATA[]]></BuildExpr>
      </Item>
      <Item ItemSignName="Teller"
      		ItemDesc="银行柜员编号"
      		ElemName="Teller"
      		AsciiFlag="yes"
      		DecLocale="0"
      		FixFlag="no"
      		ItemAdj=""
      		ItemFill=""
      		LenDataFlag="no"
      		LengthBytes=""
      		LengthDlmt="">
        <LengthExpr><![CDATA[]]></LengthExpr>
        <LenDataParseExpr><![CDATA[]]></LenDataParseExpr>
        <LenDataBuildExpr><![CDATA[]]></LenDataBuildExpr>
        <ParseExpr><![CDATA[]]></ParseExpr>
        <BuildExpr><![CDATA[]]></BuildExpr>
      </Item>
      <Item ItemSignName="TermId"
      		ItemDesc="交易终端号"
      		ElemName="TermId"
      		AsciiFlag="yes"
      		DecLocale="0"
      		FixFlag="no"
      		ItemAdj=""
      		ItemFill=""
      		LenDataFlag="no"
      		LengthBytes=""
      		LengthDlmt="">
        <LengthExpr><![CDATA[]]></LengthExpr>
        <LenDataParseExpr><![CDATA[]]></LenDataParseExpr>
        <LenDataBuildExpr><![CDATA[]]></LenDataBuildExpr>
        <ParseExpr><![CDATA[]]></ParseExpr>
        <BuildExpr><![CDATA[]]></BuildExpr>
      </Item>
      <Item ItemSignName="Brc"
      		ItemDesc="机构码"
      		ElemName="Brc"
      		AsciiFlag="yes"
      		DecLocale="0"
      		FixFlag="no"
      		ItemAdj=""
      		ItemFill=""
      		LenDataFlag="no"
      		LengthBytes=""
      		LengthDlmt="">
        <LengthExpr><![CDATA[]]></LengthExpr>
        <LenDataParseExpr><![CDATA[]]></LenDataParseExpr>
        <LenDataBuildExpr><![CDATA[]]></LenDataBuildExpr>
        <ParseExpr><![CDATA[]]></ParseExpr>
        <BuildExpr><![CDATA[]]></BuildExpr>
      </Item>
      <Item ItemSignName="BrcLvl0"
      		ItemDesc="机构级别"
      		ElemName="BrcLvl0"
      		AsciiFlag="yes"
      		DecLocale="0"
      		FixFlag="no"
      		ItemAdj=""
      		ItemFill=""
      		LenDataFlag="no"
      		LengthBytes=""
      		LengthDlmt="">
        <LengthExpr><![CDATA[]]></LengthExpr>
        <LenDataParseExpr><![CDATA[]]></LenDataParseExpr>
        <LenDataBuildExpr><![CDATA[]]></LenDataBuildExpr>
        <ParseExpr><![CDATA[]]></ParseExpr>
        <BuildExpr><![CDATA[]]></BuildExpr>
      </Item>
      <Item ItemSignName="ChannelId"
      		ItemDesc="交易渠道"
      		ElemName="ChannelId"
      		AsciiFlag="yes"
      		DecLocale="0"
      		FixFlag="no"
      		ItemAdj=""
      		ItemFill=""
      		LenDataFlag="no"
      		LengthBytes=""
      		LengthDlmt="">
        <LengthExpr><![CDATA[]]></LengthExpr>
        <LenDataParseExpr><![CDATA[]]></LenDataParseExpr>
        <LenDataBuildExpr><![CDATA[]]></LenDataBuildExpr>
        <ParseExpr><![CDATA[]]></ParseExpr>
        <BuildExpr><![CDATA[]]></BuildExpr>
      </Item>
      <Item ItemSignName="TranName"
      		ItemDesc="交易名称"
      		ElemName="TranName"
      		AsciiFlag="yes"
      		DecLocale="0"
      		FixFlag="no"
      		ItemAdj=""
      		ItemFill=""
      		LenDataFlag="no"
      		LengthBytes=""
      		LengthDlmt="">
        <LengthExpr><![CDATA[]]></LengthExpr>
        <LenDataParseExpr><![CDATA[]]></LenDataParseExpr>
        <LenDataBuildExpr><![CDATA[]]></LenDataBuildExpr>
        <ParseExpr><![CDATA[]]></ParseExpr>
        <BuildExpr><![CDATA[]]></BuildExpr>
      </Item>
      <Item ItemSignName="TermIP"
      		ItemDesc="终端IP"
      		ElemName="TermIP"
      		AsciiFlag="yes"
      		DecLocale="0"
      		FixFlag="no"
      		ItemAdj=""
      		ItemFill=""
      		LenDataFlag="no"
      		LengthBytes=""
      		LengthDlmt="">
        <LengthExpr><![CDATA[]]></LengthExpr>
        <LenDataParseExpr><![CDATA[]]></LenDataParseExpr>
        <LenDataBuildExpr><![CDATA[]]></LenDataBuildExpr>
        <ParseExpr><![CDATA[]]></ParseExpr>
        <BuildExpr><![CDATA[]]></BuildExpr>
      </Item>
      <Item ItemSignName="FileName"
      		ItemDesc="文件传输名称"
      		ElemName="FileName"
      		AsciiFlag="yes"
      		DecLocale="0"
      		FixFlag="no"
      		ItemAdj=""
      		ItemFill=""
      		LenDataFlag="no"
      		LengthBytes=""
      		LengthDlmt="">
        <LengthExpr><![CDATA[]]></LengthExpr>
        <LenDataParseExpr><![CDATA[]]></LenDataParseExpr>
        <LenDataBuildExpr><![CDATA[]]></LenDataBuildExpr>
        <ParseExpr><![CDATA[]]></ParseExpr>
        <BuildExpr><![CDATA[]]></BuildExpr>
      </Item>
      <Item ItemSignName="InqFormid"
      		ItemDesc="查询格式编号"
      		ElemName="InqFormid"
      		AsciiFlag="yes"
      		DecLocale="0"
      		FixFlag="no"
      		ItemAdj=""
      		ItemFill=""
      		LenDataFlag="no"
      		LengthBytes=""
      		LengthDlmt="">
        <LengthExpr><![CDATA[]]></LengthExpr>
        <LenDataParseExpr><![CDATA[]]></LenDataParseExpr>
        <LenDataBuildExpr><![CDATA[]]></LenDataBuildExpr>
        <ParseExpr><![CDATA[]]></ParseExpr>
        <BuildExpr><![CDATA[]]></BuildExpr>
      </Item>
      <Item ItemSignName="TranTime"
      		ItemDesc="交易时间"
      		ElemName="TranTime"
      		AsciiFlag="yes"
      		DecLocale="0"
      		FixFlag="no"
      		ItemAdj=""
      		ItemFill=""
      		LenDataFlag="no"
      		LengthBytes=""
      		LengthDlmt="">
        <LengthExpr><![CDATA[]]></LengthExpr>
        <LenDataParseExpr><![CDATA[]]></LenDataParseExpr>
        <LenDataBuildExpr><![CDATA[]]></LenDataBuildExpr>
        <ParseExpr><![CDATA[]]></ParseExpr>
        <BuildExpr><![CDATA[]]></BuildExpr>
      </Item>
      <Item ItemSignName="FileFlag"
      		ItemDesc="文件传送标志"
      		ElemName="FileFlag"
      		AsciiFlag="yes"
      		DecLocale="0"
      		FixFlag="no"
      		ItemAdj=""
      		ItemFill=""
      		LenDataFlag="no"
      		LengthBytes=""
      		LengthDlmt="">
        <LengthExpr><![CDATA[]]></LengthExpr>
        <LenDataParseExpr><![CDATA[]]></LenDataParseExpr>
        <LenDataBuildExpr><![CDATA[]]></LenDataBuildExpr>
        <ParseExpr><![CDATA[]]></ParseExpr>
        <BuildExpr><![CDATA[]]></BuildExpr>
      </Item>
      <Item ItemSignName="CardNo"
      		ItemDesc="卡号/账号"
      		ElemName="CardNo"
      		AsciiFlag="yes"
      		DecLocale="0"
      		FixFlag="no"
      		ItemAdj=""
      		ItemFill=""
      		LenDataFlag="no"
      		LengthBytes=""
      		LengthDlmt="">
        <LengthExpr><![CDATA[]]></LengthExpr>
        <LenDataParseExpr><![CDATA[]]></LenDataParseExpr>
        <LenDataBuildExpr><![CDATA[]]></LenDataBuildExpr>
        <ParseExpr><![CDATA[]]></ParseExpr>
        <BuildExpr><![CDATA[]]></BuildExpr>
      </Item>
      <Item ItemSignName="SignDate"
      		ItemDesc="签约日期"
      		ElemName="SignDate"
      		AsciiFlag="yes"
      		DecLocale="0"
      		FixFlag="no"
      		ItemAdj=""
      		ItemFill=""
      		LenDataFlag="no"
      		LengthBytes=""
      		LengthDlmt="">
        <LengthExpr><![CDATA[]]></LengthExpr>
        <LenDataParseExpr><![CDATA[]]></LenDataParseExpr>
        <LenDataBuildExpr><![CDATA[]]></LenDataBuildExpr>
        <ParseExpr><![CDATA[]]></ParseExpr>
        <BuildExpr><![CDATA[]]></BuildExpr>
      </Item>
      <Item ItemSignName="Brc1"
      		ItemDesc="开户机构"
      		ElemName="Brc1"
      		AsciiFlag="yes"
      		DecLocale="0"
      		FixFlag="no"
      		ItemAdj=""
      		ItemFill=""
      		LenDataFlag="no"
      		LengthBytes=""
      		LengthDlmt="">
        <LengthExpr><![CDATA[]]></LengthExpr>
        <LenDataParseExpr><![CDATA[]]></LenDataParseExpr>
        <LenDataBuildExpr><![CDATA[]]></LenDataBuildExpr>
        <ParseExpr><![CDATA[]]></ParseExpr>
        <BuildExpr><![CDATA[]]></BuildExpr>
      </Item>
      <Item ItemSignName="Phone"
      		ItemDesc="签约手机"
      		ElemName="Phone"
      		AsciiFlag="yes"
      		DecLocale="0"
      		FixFlag="no"
      		ItemAdj=""
      		ItemFill=""
      		LenDataFlag="no"
      		LengthBytes=""
      		LengthDlmt="">
        <LengthExpr><![CDATA[]]></LengthExpr>
        <LenDataParseExpr><![CDATA[]]></LenDataParseExpr>
        <LenDataBuildExpr><![CDATA[]]></LenDataBuildExpr>
        <ParseExpr><![CDATA[]]></ParseExpr>
        <BuildExpr><![CDATA[]]></BuildExpr>
      </Item>
      <Item ItemSignName="TranType"
      		ItemDesc="签约类型"
      		ElemName="TranType"
      		AsciiFlag="yes"
      		DecLocale="0"
      		FixFlag="no"
      		ItemAdj=""
      		ItemFill=""
      		LenDataFlag="no"
      		LengthBytes=""
      		LengthDlmt="">
        <LengthExpr><![CDATA[]]></LengthExpr>
        <LenDataParseExpr><![CDATA[]]></LenDataParseExpr>
        <LenDataBuildExpr><![CDATA[]]></LenDataBuildExpr>
        <ParseExpr><![CDATA[]]></ParseExpr>
        <BuildExpr><![CDATA[]]></BuildExpr>
      </Item>
      <Item ItemSignName="Status"
      		ItemDesc="协议状态"
      		ElemName="Status"
      		AsciiFlag="yes"
      		DecLocale="0"
      		FixFlag="no"
      		ItemAdj=""
      		ItemFill=""
      		LenDataFlag="no"
      		LengthBytes=""
      		LengthDlmt="">
        <LengthExpr><![CDATA[]]></LengthExpr>
        <LenDataParseExpr><![CDATA[]]></LenDataParseExpr>
        <LenDataBuildExpr><![CDATA[]]></LenDataBuildExpr>
        <ParseExpr><![CDATA[]]></ParseExpr>
        <BuildExpr><![CDATA[]]></BuildExpr>
      </Item>
    </ItemTab>
  </Sign>
  <Sign SignName="SIGN_TERM_SVR_610004_IN"
  		SignDesc="柜面渠道公共请求报文标记集"
  		SignType="sign_xhttp"
  		CtrlType="ctrltype_tag"
  		LengthBytes="0"
  		LengthDlmt=""
  		SignDlmt="3e"
  		DataDlmt="3c2f3e3c"
  		ElemName="TERM_NCP_QRY_610004_IN">
    <LengthParseExpr><![CDATA[]]></LengthParseExpr>
    <LengthBuildExpr><![CDATA[]]></LengthBuildExpr>
    <NodeClass Name="未分类"
    		Desc="未分类"/>
    <ItemTab RecNum="27">
      <Item ItemSignName="TellerName"
      		ItemDesc="柜员名称"
      		ElemName="TellerName"
      		AsciiFlag="yes"
      		DecLocale="0"
      		FixFlag="no"
      		ItemAdj=""
      		ItemFill=""
      		LenDataFlag="no"
      		LengthBytes=""
      		LengthDlmt="">
        <LengthExpr><![CDATA[]]></LengthExpr>
        <LenDataParseExpr><![CDATA[]]></LenDataParseExpr>
        <LenDataBuildExpr><![CDATA[]]></LenDataBuildExpr>
        <ParseExpr><![CDATA[]]></ParseExpr>
        <BuildExpr><![CDATA[]]></BuildExpr>
      </Item>
      <Item ItemSignName="TellerLvl0"
      		ItemDesc="操作员级别"
      		ElemName="TellerLvl0"
      		AsciiFlag="yes"
      		DecLocale="0"
      		FixFlag="no"
      		ItemAdj=""
      		ItemFill=""
      		LenDataFlag="no"
      		LengthBytes=""
      		LengthDlmt="">
        <LengthExpr><![CDATA[]]></LengthExpr>
        <LenDataParseExpr><![CDATA[]]></LenDataParseExpr>
        <LenDataBuildExpr><![CDATA[]]></LenDataBuildExpr>
        <ParseExpr><![CDATA[]]></ParseExpr>
        <BuildExpr><![CDATA[]]></BuildExpr>
      </Item>
      <Item ItemSignName="AuthFlag"
      		ItemDesc="授权标志"
      		ElemName="AuthFlag"
      		AsciiFlag="yes"
      		DecLocale="0"
      		FixFlag="no"
      		ItemAdj=""
      		ItemFill=""
      		LenDataFlag="no"
      		LengthBytes=""
      		LengthDlmt="">
        <LengthExpr><![CDATA[]]></LengthExpr>
        <LenDataParseExpr><![CDATA[]]></LenDataParseExpr>
        <LenDataBuildExpr><![CDATA[]]></LenDataBuildExpr>
        <ParseExpr><![CDATA[]]></ParseExpr>
        <BuildExpr><![CDATA[]]></BuildExpr>
      </Item>
      <Item ItemSignName="BrcName0"
      		ItemDesc="交易机构名称"
      		ElemName="BrcName0"
      		AsciiFlag="yes"
      		DecLocale="0"
      		FixFlag="no"
      		ItemAdj=""
      		ItemFill=""
      		LenDataFlag="no"
      		LengthBytes=""
      		LengthDlmt="">
        <LengthExpr><![CDATA[]]></LengthExpr>
        <LenDataParseExpr><![CDATA[]]></LenDataParseExpr>
        <LenDataBuildExpr><![CDATA[]]></LenDataBuildExpr>
        <ParseExpr><![CDATA[]]></ParseExpr>
        <BuildExpr><![CDATA[]]></BuildExpr>
      </Item>
      <Item ItemSignName="TellerType0"
      		ItemDesc="操作员种类"
      		ElemName="TellerType0"
      		AsciiFlag="yes"
      		DecLocale="0"
      		FixFlag="no"
      		ItemAdj=""
      		ItemFill=""
      		LenDataFlag="no"
      		LengthBytes=""
      		LengthDlmt="">
        <LengthExpr><![CDATA[]]></LengthExpr>
        <LenDataParseExpr><![CDATA[]]></LenDataParseExpr>
        <LenDataBuildExpr><![CDATA[]]></LenDataBuildExpr>
        <ParseExpr><![CDATA[]]></ParseExpr>
        <BuildExpr><![CDATA[]]></BuildExpr>
      </Item>
      <Item ItemSignName="BrcType0"
      		ItemDesc="机构类别"
      		ElemName="BrcType0"
      		AsciiFlag="yes"
      		DecLocale="0"
      		FixFlag="no"
      		ItemAdj=""
      		ItemFill=""
      		LenDataFlag="no"
      		LengthBytes=""
      		LengthDlmt="">
        <LengthExpr><![CDATA[]]></LengthExpr>
        <LenDataParseExpr><![CDATA[]]></LenDataParseExpr>
        <LenDataBuildExpr><![CDATA[]]></LenDataBuildExpr>
        <ParseExpr><![CDATA[]]></ParseExpr>
        <BuildExpr><![CDATA[]]></BuildExpr>
      </Item>
      <Item ItemSignName="TranDate"
      		ItemDesc="交易日期"
      		ElemName="TranDate"
      		AsciiFlag="yes"
      		DecLocale="0"
      		FixFlag="no"
      		ItemAdj=""
      		ItemFill=""
      		LenDataFlag="no"
      		LengthBytes=""
      		LengthDlmt="">
        <LengthExpr><![CDATA[]]></LengthExpr>
        <LenDataParseExpr><![CDATA[]]></LenDataParseExpr>
        <LenDataBuildExpr><![CDATA[]]></LenDataBuildExpr>
        <ParseExpr><![CDATA[]]></ParseExpr>
        <BuildExpr><![CDATA[]]></BuildExpr>
      </Item>
      <Item ItemSignName="Teller"
      		ItemDesc="银行柜员编号"
      		ElemName="Teller"
      		AsciiFlag="yes"
      		DecLocale="0"
      		FixFlag="no"
      		ItemAdj=""
      		ItemFill=""
      		LenDataFlag="no"
      		LengthBytes=""
      		LengthDlmt="">
        <LengthExpr><![CDATA[]]></LengthExpr>
        <LenDataParseExpr><![CDATA[]]></LenDataParseExpr>
        <LenDataBuildExpr><![CDATA[]]></LenDataBuildExpr>
        <ParseExpr><![CDATA[]]></ParseExpr>
        <BuildExpr><![CDATA[]]></BuildExpr>
      </Item>
      <Item ItemSignName="TermId"
      		ItemDesc="交易终端号"
      		ElemName="TermId"
      		AsciiFlag="yes"
      		DecLocale="0"
      		FixFlag="no"
      		ItemAdj=""
      		ItemFill=""
      		LenDataFlag="no"
      		LengthBytes=""
      		LengthDlmt="">
        <LengthExpr><![CDATA[]]></LengthExpr>
        <LenDataParseExpr><![CDATA[]]></LenDataParseExpr>
        <LenDataBuildExpr><![CDATA[]]></LenDataBuildExpr>
        <ParseExpr><![CDATA[]]></ParseExpr>
        <BuildExpr><![CDATA[]]></BuildExpr>
      </Item>
      <Item ItemSignName="Brc"
      		ItemDesc="机构码"
      		ElemName="Brc"
      		AsciiFlag="yes"
      		DecLocale="0"
      		FixFlag="no"
      		ItemAdj=""
      		ItemFill=""
      		LenDataFlag="no"
      		LengthBytes=""
      		LengthDlmt="">
        <LengthExpr><![CDATA[]]></LengthExpr>
        <LenDataParseExpr><![CDATA[]]></LenDataParseExpr>
        <LenDataBuildExpr><![CDATA[]]></LenDataBuildExpr>
        <ParseExpr><![CDATA[]]></ParseExpr>
        <BuildExpr><![CDATA[]]></BuildExpr>
      </Item>
      <Item ItemSignName="BrcLvl0"
      		ItemDesc="机构级别"
      		ElemName="BrcLvl0"
      		AsciiFlag="yes"
      		DecLocale="0"
      		FixFlag="no"
      		ItemAdj=""
      		ItemFill=""
      		LenDataFlag="no"
      		LengthBytes=""
      		LengthDlmt="">
        <LengthExpr><![CDATA[]]></LengthExpr>
        <LenDataParseExpr><![CDATA[]]></LenDataParseExpr>
        <LenDataBuildExpr><![CDATA[]]></LenDataBuildExpr>
        <ParseExpr><![CDATA[]]></ParseExpr>
        <BuildExpr><![CDATA[]]></BuildExpr>
      </Item>
      <Item ItemSignName="ChannelId"
      		ItemDesc="交易渠道"
      		ElemName="ChannelId"
      		AsciiFlag="yes"
      		DecLocale="0"
      		FixFlag="no"
      		ItemAdj=""
      		ItemFill=""
      		LenDataFlag="no"
      		LengthBytes=""
      		LengthDlmt="">
        <LengthExpr><![CDATA[]]></LengthExpr>
        <LenDataParseExpr><![CDATA[]]></LenDataParseExpr>
        <LenDataBuildExpr><![CDATA[]]></LenDataBuildExpr>
        <ParseExpr><![CDATA[]]></ParseExpr>
        <BuildExpr><![CDATA[]]></BuildExpr>
      </Item>
      <Item ItemSignName="TranName"
      		ItemDesc="交易名称"
      		ElemName="TranName"
      		AsciiFlag="yes"
      		DecLocale="0"
      		FixFlag="no"
      		ItemAdj=""
      		ItemFill=""
      		LenDataFlag="no"
      		LengthBytes=""
      		LengthDlmt="">
        <LengthExpr><![CDATA[]]></LengthExpr>
        <LenDataParseExpr><![CDATA[]]></LenDataParseExpr>
        <LenDataBuildExpr><![CDATA[]]></LenDataBuildExpr>
        <ParseExpr><![CDATA[]]></ParseExpr>
        <BuildExpr><![CDATA[]]></BuildExpr>
      </Item>
      <Item ItemSignName="TermIP"
      		ItemDesc="终端IP"
      		ElemName="TermIP"
      		AsciiFlag="yes"
      		DecLocale="0"
      		FixFlag="no"
      		ItemAdj=""
      		ItemFill=""
      		LenDataFlag="no"
      		LengthBytes=""
      		LengthDlmt="">
        <LengthExpr><![CDATA[]]></LengthExpr>
        <LenDataParseExpr><![CDATA[]]></LenDataParseExpr>
        <LenDataBuildExpr><![CDATA[]]></LenDataBuildExpr>
        <ParseExpr><![CDATA[]]></ParseExpr>
        <BuildExpr><![CDATA[]]></BuildExpr>
      </Item>
      <Item ItemSignName="FileName"
      		ItemDesc="文件传输名称"
      		ElemName="FileName"
      		AsciiFlag="yes"
      		DecLocale="0"
      		FixFlag="no"
      		ItemAdj=""
      		ItemFill=""
      		LenDataFlag="no"
      		LengthBytes=""
      		LengthDlmt="">
        <LengthExpr><![CDATA[]]></LengthExpr>
        <LenDataParseExpr><![CDATA[]]></LenDataParseExpr>
        <LenDataBuildExpr><![CDATA[]]></LenDataBuildExpr>
        <ParseExpr><![CDATA[]]></ParseExpr>
        <BuildExpr><![CDATA[]]></BuildExpr>
      </Item>
      <Item ItemSignName="InqFormid"
      		ItemDesc="查询格式编号"
      		ElemName="InqFormid"
      		AsciiFlag="yes"
      		DecLocale="0"
      		FixFlag="no"
      		ItemAdj=""
      		ItemFill=""
      		LenDataFlag="no"
      		LengthBytes=""
      		LengthDlmt="">
        <LengthExpr><![CDATA[]]></LengthExpr>
        <LenDataParseExpr><![CDATA[]]></LenDataParseExpr>
        <LenDataBuildExpr><![CDATA[]]></LenDataBuildExpr>
        <ParseExpr><![CDATA[]]></ParseExpr>
        <BuildExpr><![CDATA[]]></BuildExpr>
      </Item>
      <Item ItemSignName="TranTime"
      		ItemDesc="交易时间"
      		ElemName="TranTime"
      		AsciiFlag="yes"
      		DecLocale="0"
      		FixFlag="no"
      		ItemAdj=""
      		ItemFill=""
      		LenDataFlag="no"
      		LengthBytes=""
      		LengthDlmt="">
        <LengthExpr><![CDATA[]]></LengthExpr>
        <LenDataParseExpr><![CDATA[]]></LenDataParseExpr>
        <LenDataBuildExpr><![CDATA[]]></LenDataBuildExpr>
        <ParseExpr><![CDATA[]]></ParseExpr>
        <BuildExpr><![CDATA[]]></BuildExpr>
      </Item>
      <Item ItemSignName="FileFlag"
      		ItemDesc="文件传送标志"
      		ElemName="FileFlag"
      		AsciiFlag="yes"
      		DecLocale="0"
      		FixFlag="no"
      		ItemAdj=""
      		ItemFill=""
      		LenDataFlag="no"
      		LengthBytes=""
      		LengthDlmt="">
        <LengthExpr><![CDATA[]]></LengthExpr>
        <LenDataParseExpr><![CDATA[]]></LenDataParseExpr>
        <LenDataBuildExpr><![CDATA[]]></LenDataBuildExpr>
        <ParseExpr><![CDATA[]]></ParseExpr>
        <BuildExpr><![CDATA[]]></BuildExpr>
      </Item>
      <Item ItemSignName="CardNo"
      		ItemDesc="卡号/账号"
      		ElemName="CardNo"
      		AsciiFlag="yes"
      		DecLocale="0"
      		FixFlag="no"
      		ItemAdj=""
      		ItemFill=""
      		LenDataFlag="no"
      		LengthBytes=""
      		LengthDlmt="">
        <LengthExpr><![CDATA[]]></LengthExpr>
        <LenDataParseExpr><![CDATA[]]></LenDataParseExpr>
        <LenDataBuildExpr><![CDATA[]]></LenDataBuildExpr>
        <ParseExpr><![CDATA[]]></ParseExpr>
        <BuildExpr><![CDATA[]]></BuildExpr>
      </Item>
      <Item ItemSignName="BeginDate"
      		ItemDesc="银联开始日期"
      		ElemName="BeginDate"
      		AsciiFlag="yes"
      		DecLocale="0"
      		FixFlag="no"
      		ItemAdj=""
      		ItemFill=""
      		LenDataFlag="no"
      		LengthBytes=""
      		LengthDlmt="">
        <LengthExpr><![CDATA[]]></LengthExpr>
        <LenDataParseExpr><![CDATA[]]></LenDataParseExpr>
        <LenDataBuildExpr><![CDATA[]]></LenDataBuildExpr>
        <ParseExpr><![CDATA[]]></ParseExpr>
        <BuildExpr><![CDATA[]]></BuildExpr>
      </Item>
      <Item ItemSignName="EndDate"
      		ItemDesc="银联结束日期"
      		ElemName="EndDate"
      		AsciiFlag="yes"
      		DecLocale="0"
      		FixFlag="no"
      		ItemAdj=""
      		ItemFill=""
      		LenDataFlag="no"
      		LengthBytes=""
      		LengthDlmt="">
        <LengthExpr><![CDATA[]]></LengthExpr>
        <LenDataParseExpr><![CDATA[]]></LenDataParseExpr>
        <LenDataBuildExpr><![CDATA[]]></LenDataBuildExpr>
        <ParseExpr><![CDATA[]]></ParseExpr>
        <BuildExpr><![CDATA[]]></BuildExpr>
      </Item>
      <Item ItemSignName="Brc1"
      		ItemDesc="机构"
      		ElemName="Brc1"
      		AsciiFlag="yes"
      		DecLocale="0"
      		FixFlag="no"
      		ItemAdj=""
      		ItemFill=""
      		LenDataFlag="no"
      		LengthBytes=""
      		LengthDlmt="">
        <LengthExpr><![CDATA[]]></LengthExpr>
        <LenDataParseExpr><![CDATA[]]></LenDataParseExpr>
        <LenDataBuildExpr><![CDATA[]]></LenDataBuildExpr>
        <ParseExpr><![CDATA[]]></ParseExpr>
        <BuildExpr><![CDATA[]]></BuildExpr>
      </Item>
      <Item ItemSignName="PaySeqNo"
      		ItemDesc="银联流水号"
      		ElemName="PaySeqNo"
      		AsciiFlag="yes"
      		DecLocale="0"
      		FixFlag="no"
      		ItemAdj=""
      		ItemFill=""
      		LenDataFlag="no"
      		LengthBytes=""
      		LengthDlmt="">
        <LengthExpr><![CDATA[]]></LengthExpr>
        <LenDataParseExpr><![CDATA[]]></LenDataParseExpr>
        <LenDataBuildExpr><![CDATA[]]></LenDataBuildExpr>
        <ParseExpr><![CDATA[]]></ParseExpr>
        <BuildExpr><![CDATA[]]></BuildExpr>
      </Item>
      <Item ItemSignName="HostSeqNo"
      		ItemDesc="核心流水号"
      		ElemName="HostSeqNo"
      		AsciiFlag="yes"
      		DecLocale="0"
      		FixFlag="no"
      		ItemAdj=""
      		ItemFill=""
      		LenDataFlag="no"
      		LengthBytes=""
      		LengthDlmt="">
        <LengthExpr><![CDATA[]]></LengthExpr>
        <LenDataParseExpr><![CDATA[]]></LenDataParseExpr>
        <LenDataBuildExpr><![CDATA[]]></LenDataBuildExpr>
        <ParseExpr><![CDATA[]]></ParseExpr>
        <BuildExpr><![CDATA[]]></BuildExpr>
      </Item>
      <Item ItemSignName="TranStatus"
      		ItemDesc="交易状态"
      		ElemName="TranStatus"
      		AsciiFlag="yes"
      		DecLocale="0"
      		FixFlag="no"
      		ItemAdj=""
      		ItemFill=""
      		LenDataFlag="no"
      		LengthBytes=""
      		LengthDlmt="">
        <LengthExpr><![CDATA[]]></LengthExpr>
        <LenDataParseExpr><![CDATA[]]></LenDataParseExpr>
        <LenDataBuildExpr><![CDATA[]]></LenDataBuildExpr>
        <ParseExpr><![CDATA[]]></ParseExpr>
        <BuildExpr><![CDATA[]]></BuildExpr>
      </Item>
      <Item ItemSignName="TranAmt"
      		ItemDesc="交易金额"
      		ElemName="TranAmt"
      		AsciiFlag="yes"
      		DecLocale="0"
      		FixFlag="no"
      		ItemAdj=""
      		ItemFill=""
      		LenDataFlag="no"
      		LengthBytes=""
      		LengthDlmt="">
        <LengthExpr><![CDATA[]]></LengthExpr>
        <LenDataParseExpr><![CDATA[]]></LenDataParseExpr>
        <LenDataBuildExpr><![CDATA[]]></LenDataBuildExpr>
        <ParseExpr><![CDATA[]]></ParseExpr>
        <BuildExpr><![CDATA[]]></BuildExpr>
      </Item>
      <Item ItemSignName="TranType"
      		ItemDesc="业务类型"
      		ElemName="TranType"
      		AsciiFlag="yes"
      		DecLocale="0"
      		FixFlag="no"
      		ItemAdj=""
      		ItemFill=""
      		LenDataFlag="no"
      		LengthBytes=""
      		LengthDlmt="">
        <LengthExpr><![CDATA[]]></LengthExpr>
        <LenDataParseExpr><![CDATA[]]></LenDataParseExpr>
        <LenDataBuildExpr><![CDATA[]]></LenDataBuildExpr>
        <ParseExpr><![CDATA[]]></ParseExpr>
        <BuildExpr><![CDATA[]]></BuildExpr>
      </Item>
    </ItemTab>
  </Sign>
</SignTab>
