<?xml version="1.0" encoding="UTF-8"?>

<SvcDependTab SrcType="B"
		SrcName="TERM_SVR">
  <SvcDepend SrcSvcName="NCP_QRY_610002">
    <ItemList>
      <Item DestType="C"
      		DestName="QRY"
      		SvcName="SQRY00610002"/>
    </ItemList>
  </SvcDepend>
  <SvcDepend SrcSvcName="NCP_QRY_610004">
    <ItemList>
      <Item DestType="C"
      		DestName="QRY"
      		SvcName="SQRY00610004"/>
    </ItemList>
  </SvcDepend>
  <SvcDepend SrcSvcName="NCP_QRY_610005">
    <ItemList>
      <Item DestType="C"
      		DestName="QRY"
      		SvcName="SQRY00610005"/>
    </ItemList>
  </SvcDepend>
</SvcDependTab>
