<?xml version="1.0" encoding="UTF-8"?>

<Logic Name="SQRY00610002"
		Desc="协议支付解约通知"
		LogicType="SvcLogic"
		PrioParm="0"
		TimeOut="0"
		RevsFlag="no"
		Transaction="No"
		DestTimeOut="no"
		RevsSeq="Random"
		RevsSvcName=""
		RevsDtaType=""
		RevsDtaName=""
		CompsSeq="Random"
		CompsFlag="no"
		CompsSvcName=""
		CompsDtaType=""
		CompsDtaName=""
		InElemName="ISO_8583"
		OutElemName="ISO_8583"
		LocalCall="no"
		RemoteCall="yes"
		Merged="no"
		DsAlias="">
  <NodeClass Name="未分类"
  		Desc="未分类"/>
  <RevsInit><![CDATA[]]></RevsInit>
  <RevsSucc><![CDATA[]]></RevsSucc>
  <RevsFail><![CDATA[]]></RevsFail>
  <CompsInit><![CDATA[]]></CompsInit>
  <CompsSucc><![CDATA[]]></CompsSucc>
  <CompsFail><![CDATA[]]></CompsFail>
  <SvcSuccProc><![CDATA[]]></SvcSuccProc>
  <SvcLostProc><![CDATA[]]></SvcLostProc>
  <SvcPreProc><![CDATA[]]></SvcPreProc>
  <SvcTermEnd><![CDATA[]]></SvcTermEnd>
  <SqlTab RecNum="0"/>
  <RouteExpr><![CDATA[]]></RouteExpr>
  <EntranceTab RecNum="0"/>
  <Flow> 
    <Container Transaction="no"
    		DsAlias=""
    		Name="Sequence"
    		FlowDesc="Sequence">
      <EvtBefore><![CDATA[]]></EvtBefore>
      <EvtFailedAfter><![CDATA[]]></EvtFailedAfter>
      <EvtSuccessAfter><![CDATA[]]></EvtSuccessAfter>
      <Computation Name="Expr"
      		FlowDesc="Expr">
        <EvtBefore><![CDATA[]]></EvtBefore>
        <EvtFailedAfter><![CDATA[]]></EvtFailedAfter>
        <EvtSuccessAfter><![CDATA[]]></EvtSuccessAfter>
        <Expression><![CDATA[@SQRY00610002.Chk();]]></Expression>
      </Computation>
      <If Name="If"
      		FlowDesc="If">
        <EvtBefore><![CDATA[]]></EvtBefore>
        <EvtFailedAfter><![CDATA[]]></EvtFailedAfter>
        <EvtSuccessAfter><![CDATA[]]></EvtSuccessAfter>
        <Else> 
          <Exit Name="Exit"
          		FlowDesc="Exit">
            <EvtBefore><![CDATA[]]></EvtBefore>
            <EvtFailedAfter><![CDATA[]]></EvtFailedAfter>
            <EvtSuccessAfter><![CDATA[]]></EvtSuccessAfter>
          </Exit> 
        </Else>
        <Container Transaction="no"
        		DsAlias=""
        		Name="Sequence1"
        		FlowDesc="Sequence1">
          <EvtBefore><![CDATA[]]></EvtBefore>
          <EvtFailedAfter><![CDATA[]]></EvtFailedAfter>
          <EvtSuccessAfter><![CDATA[]]></EvtSuccessAfter>
          <Computation Name="Expr1"
          		FlowDesc="Expr1">
            <EvtBefore><![CDATA[]]></EvtBefore>
            <EvtFailedAfter><![CDATA[]]></EvtFailedAfter>
            <EvtSuccessAfter><![CDATA[]]></EvtSuccessAfter>
            <Expression><![CDATA[@SQRY00610002.Send_Cups();]]></Expression>
          </Computation>
          <If Name="If1"
          		FlowDesc="If1">
            <EvtBefore><![CDATA[]]></EvtBefore>
            <EvtFailedAfter><![CDATA[]]></EvtFailedAfter>
            <EvtSuccessAfter><![CDATA[]]></EvtSuccessAfter>
            <Else> 
              <Exit Name="Exit1"
              		FlowDesc="Exit1">
                <EvtBefore><![CDATA[]]></EvtBefore>
                <EvtFailedAfter><![CDATA[]]></EvtFailedAfter>
                <EvtSuccessAfter><![CDATA[]]></EvtSuccessAfter>
              </Exit> 
            </Else>
            <Computation Name="Expr2"
            		FlowDesc="Expr2">
              <EvtBefore><![CDATA[]]></EvtBefore>
              <EvtFailedAfter><![CDATA[]]></EvtFailedAfter>
              <EvtSuccessAfter><![CDATA[]]></EvtSuccessAfter>
              <Expression><![CDATA[@SQRY00610002.Insert_Sign();]]></Expression>
            </Computation>
            <Condition><![CDATA[$INIT._FUNC_RETURN == "0"]]></Condition>
          </If>
        </Container>
        <Condition><![CDATA[$INIT._FUNC_RETURN == "0"]]></Condition>
      </If>
    </Container> 
  </Flow>
  <ChkItemTab RecNum="0"/>
</Logic>
