<?xml version="1.0" encoding="UTF-8"?>

<Logic Name="SQRY00020002"
		Desc="借记转账签约触发短信"
		LogicType="SvcLogic"
		PrioParm="0"
		TimeOut="0"
		RevsFlag="no"
		Transaction="No"
		DestTimeOut="no"
		RevsSeq="Random"
		RevsSvcName=""
		RevsDtaType=""
		RevsDtaName=""
		CompsSeq="Random"
		CompsFlag="no"
		CompsSvcName=""
		CompsDtaType=""
		CompsDtaName=""
		InElemName="fmt_CUP_SVR_IN"
		OutElemName="fmt_CUP_SVR_OUT"
		LocalCall="no"
		RemoteCall="yes"
		Merged="no"
		DsAlias="">
  <NodeClass Name="未分类"
  		Desc="未分类"/>
  <RevsInit><![CDATA[]]></RevsInit>
  <RevsSucc><![CDATA[]]></RevsSucc>
  <RevsFail><![CDATA[]]></RevsFail>
  <CompsInit><![CDATA[]]></CompsInit>
  <CompsSucc><![CDATA[]]></CompsSucc>
  <CompsFail><![CDATA[]]></CompsFail>
  <SvcSuccProc><![CDATA[]]></SvcSuccProc>
  <SvcLostProc><![CDATA[]]></SvcLostProc>
  <SvcPreProc><![CDATA[]]></SvcPreProc>
  <SvcTermEnd><![CDATA[]]></SvcTermEnd>
  <SqlTab RecNum="0"/>
  <RouteExpr><![CDATA[]]></RouteExpr>
  <EntranceTab RecNum="0"/>
  <Flow> 
    <Container Transaction="no"
    		DsAlias=""
    		Name="Sequence"
    		FlowDesc="Sequence">
      <Computation Name="Expr1"
      		FlowDesc="前处理-检查报文">
        <EvtBefore><![CDATA[]]></EvtBefore>
        <EvtFailedAfter><![CDATA[]]></EvtFailedAfter>
        <EvtSuccessAfter><![CDATA[]]></EvtSuccessAfter>
        <Expression><![CDATA[@SQRY00020002.Chk();]]></Expression>
      </Computation>
      <Computation Name="Expr"
      		FlowDesc="查询账户信息">
        <EvtFailedAfter><![CDATA[]]></EvtFailedAfter>
        <EvtSuccessAfter><![CDATA[]]></EvtSuccessAfter>
        <EvtBefore/>
        <Expression><![CDATA[@busiPub.getAcctInfo( $fmt_CUP_SVR_IN[0].Req_Body[0].RcverInf[0].RcverAcctId , "2");]]></Expression>
      </Computation>
      <If Name="If2"
      		FlowDesc="判断是否为2、3类账户">
        <EvtBefore><![CDATA[]]></EvtBefore>
        <EvtFailedAfter><![CDATA[]]></EvtFailedAfter>
        <EvtSuccessAfter><![CDATA[]]></EvtSuccessAfter>
        <Else> 
          <Exit Name="Exit2"
          		FlowDesc="Exit2">
            <EvtBefore><![CDATA[]]></EvtBefore>
            <EvtFailedAfter><![CDATA[]]></EvtFailedAfter>
            <EvtSuccessAfter><![CDATA[]]></EvtSuccessAfter>
          </Exit> 
        </Else>
        <Container Transaction="no"
        		DsAlias=""
        		Name="Sequence2"
        		FlowDesc="Sequence2">
          <EvtBefore><![CDATA[]]></EvtBefore>
          <EvtFailedAfter><![CDATA[]]></EvtFailedAfter>
          <EvtSuccessAfter><![CDATA[]]></EvtSuccessAfter>
          <Computation Name="Expr3"
          		FlowDesc="判断户名、证件类型、证件号码、手机号是否一致">
            <EvtBefore><![CDATA[]]></EvtBefore>
            <EvtFailedAfter><![CDATA[]]></EvtFailedAfter>
            <EvtSuccessAfter><![CDATA[]]></EvtSuccessAfter>
            <Expression><![CDATA[@BusiPub.ChkAcctInfo();]]></Expression>
          </Computation>
          <If Name="If3"
          		FlowDesc="判断户名、证件类型、证件号码、手机号是否一致">
            <EvtBefore><![CDATA[]]></EvtBefore>
            <EvtFailedAfter><![CDATA[]]></EvtFailedAfter>
            <EvtSuccessAfter><![CDATA[]]></EvtSuccessAfter>
            <Else> 
              <Exit Name="Exit3"
              		FlowDesc="Exit3">
                <EvtBefore><![CDATA[]]></EvtBefore>
                <EvtFailedAfter><![CDATA[]]></EvtFailedAfter>
                <EvtSuccessAfter><![CDATA[]]></EvtSuccessAfter>
              </Exit> 
            </Else>
            <Computation Name="Expr4"
            		FlowDesc="生成短信验证码和关联码，生成待发送短信信息">
              <EvtBefore><![CDATA[]]></EvtBefore>
              <EvtFailedAfter><![CDATA[]]></EvtFailedAfter>
              <Expression><![CDATA[@SQRY00020002.CreateLinkCode();]]></Expression>
              <EvtSuccessAfter><![CDATA[@BusiPub.setCupSuc();]]></EvtSuccessAfter>
            </Computation>
            <Condition><![CDATA[$INIT._FUNC_RETURN == "0"]]></Condition>
          </If>
        </Container>
        <Condition><![CDATA[$INIT._FUNC_RETURN == "0"]]></Condition>
      </If>
      <EvtBefore><![CDATA[]]></EvtBefore>
      <EvtFailedAfter><![CDATA[]]></EvtFailedAfter>
      <EvtSuccessAfter><![CDATA[]]></EvtSuccessAfter>
    </Container> 
  </Flow>
  <ChkItemTab RecNum="0"/>
</Logic>
