<?xml version="1.0" encoding="UTF-8"?>

<ApplicationLogicAdapter Name="CHK"
		Desc="对账清算"
		Transaction="yes"
		RespFlag="yes"
		Prio="3"
		TimeOut="300"
		MaxRevsTms="0"
		MaxCompsTms="0"
		InElemName="ChkOut"
		OutElemName="ChkIn">
  <AlaInitEnd><![CDATA[]]></AlaInitEnd>
  <AlaTermBegin><![CDATA[]]></AlaTermBegin>
  <AlaTermEnd><![CDATA[]]></AlaTermEnd>
  <SvcSuccProc><![CDATA[]]></SvcSuccProc>
  <SvcLostProc><![CDATA[]]></SvcLostProc>
  <SvcPreProc><![CDATA[@sysPub.sysChkStat();
@sysPub.sysChkChn("NC");
@sysPub.sysChkTx();
@pubTool.gettxbegtime();]]></SvcPreProc>
  <SvcTermEnd><![CDATA[@busiPub.translog();]]></SvcTermEnd>
  <RevsInit><![CDATA[]]></RevsInit>
  <RevsSucc><![CDATA[]]></RevsSucc>
  <RevsFail><![CDATA[]]></RevsFail>
  <RevsCond><![CDATA[]]></RevsCond>
  <CompsInit><![CDATA[]]></CompsInit>
  <CompsSucc><![CDATA[]]></CompsSucc>
  <CompsFail><![CDATA[]]></CompsFail>
  <CompsCond><![CDATA[]]></CompsCond>
  <ChkItemTab RecNum="0"/>
</ApplicationLogicAdapter>
