<?xml version="1.0" encoding="UTF-8"?>

<beans xmlns="http://www.springframework.org/schema/beans" xmlns:xsi="http://www.w3.org/2001/XMLSchema-instance" xmlns:c="http://www.springframework.org/schema/c" xmlns:p="http://www.springframework.org/schema/p" xmlns:context="http://www.springframework.org/schema/context"
		xsi:schemaLocation="http://www.springframework.org/schema/beans
http://www.springframework.org/schema/beans/spring-beans-4.0.xsd
http://www.springframework.org/schema/context
http://www.springframework.org/schema/context/spring-context-4.0.xsd">
  <bean id="NcpChk"
  		class="com.adtec.ncps.busi.ncp.chk.NcpChk"
  		name="无卡支付对账类"/>
  <bean id="ChkPub"
  		class="com.adtec.ncps.busi.ncp.chk.ChkPub"
  		name="对账公共类"/>
  <bean id="SumXmlParse"
  		class="com.adtec.ncps.busi.ncp.chk.SumXmlParse"
  		name="sum解析类"/>
  <bean id="ChkErrDo"
  		class="com.adtec.ncps.busi.ncp.chk.ChkErrDo"
  		name="对账差错自动处理类"/>
  <bean id="ClearDo"
  		class="com.adtec.ncps.busi.ncp.chk.ClearDo"
  		name="自动清算类"/>
  <bean id="CupErrDo"
  		class="com.adtec.ncps.busi.ncp.chk.CupErrDo"
  		name="自动银联差错处理类"/>
  <bean id="SCHK00010001"
  		class="com.adtec.ncps.busi.ncp.chk.SCHK00010001"
  		name="对账查询"/>
  <bean id="SCHK00010004"
  		class="com.adtec.ncps.busi.ncp.chk.SCHK00010004"
  		name="重对账"/>
  <bean id="SCHK00010005"
  		class="com.adtec.ncps.busi.ncp.chk.SCHK00010005"
  		name="汇总查询"/>
  <bean id="SCHK00010105"
  		class="com.adtec.ncps.busi.ncp.chk.SCHK00010105"
  		name="对账差错查询"/>
  <bean id="SCHK00010106"
  		class="com.adtec.ncps.busi.ncp.chk.SCHK00010106"
  		name="对账差错批量调账"/>
  <bean id="SCHK00010107"
  		class="com.adtec.ncps.busi.ncp.chk.SCHK00010107"
  		name="对账差错手工调账附加说明"/>
  <bean id="SCHK00010114"
  		class="com.adtec.ncps.busi.ncp.chk.SCHK00010114"
  		name="银联对账查询"/>
  <bean id="SCHK00010115"
  		class="com.adtec.ncps.busi.ncp.chk.SCHK00010115"
  		name="银联差错批量调账"/>
  <bean id="SCHK00010116"
  		class="com.adtec.ncps.busi.ncp.chk.SCHK00010116"
  		name="银联差错手工调账附加说明"/>
  <bean id="SCHK00010117"
  		class="com.adtec.ncps.busi.ncp.chk.SCHK00010117"
  		name="清算汇总信息表"/>
  <bean id="SCHK00010118"
  		class="com.adtec.ncps.busi.ncp.chk.SCHK00010118"
  		name="清算汇总明细信息表"/>
  <bean id="SCHK00010108"
  		class="com.adtec.ncps.busi.ncp.chk.SCHK00010108"
  		name="对账差错批量调账前查询"/>
  <bean id="SCHK00010007"
  		class="com.adtec.ncps.busi.ncp.chk.SCHK00010007"
  		name="银联报表下载"/>
</beans>
