<?xml version="1.0" encoding="UTF-8"?>

<DataMapTab RecNum="5">
  <DataMap SrcDta="CHK"
  		SrcSvc="AUTO_NCP_CHK"
  		SrcType="ALA"
  		DstDta="HOST_CLI"
  		DstSvc="S215071"
  		DstType="DTA">
    <NodeClass Name="未分类"
    		Desc="未分类"/>
    <ItemTab RecNum="2">
      <Item IOType="I"
      		MapType="E"
      		SrcSdo="ChkOut.ISO_8583"
      		DstSdo="ISO_8583">
        <MapExpr><![CDATA[]]></MapExpr>
      </Item>
      <Item IOType="O"
      		MapType="E"
      		SrcSdo="ISO_8583"
      		DstSdo="ChkIn.ISO_8583">
        <MapExpr><![CDATA[]]></MapExpr>
      </Item>
    </ItemTab>
  </DataMap>
  <DataMap SrcDta="CHK"
  		SrcSvc="AUTO_CLEAR"
  		SrcType="ALA"
  		DstDta="HOST_CLI"
  		DstSvc="S215072"
  		DstType="DTA">
    <NodeClass Name="未分类"
    		Desc="未分类"/>
    <ItemTab RecNum="2">
      <Item IOType="I"
      		MapType="E"
      		SrcSdo="ChkOut.HOST_CLI_S215072_Req"
      		DstSdo="HOST_CLI_S215072_Req">
        <MapExpr><![CDATA[]]></MapExpr>
      </Item>
      <Item IOType="O"
      		MapType="E"
      		SrcSdo="HOST_CLI_PUB_Rsp"
      		DstSdo="ChkIn.HOST_CLI_PUB_Rsp">
        <MapExpr><![CDATA[]]></MapExpr>
      </Item>
    </ItemTab>
  </DataMap>
  <DataMap SrcDta="CHK"
  		SrcSvc="AUTO_CUP_ERR"
  		SrcType="ALA"
  		DstDta="HOST_CLI"
  		DstSvc="S801010"
  		DstType="DTA">
    <NodeClass Name="未分类"
    		Desc="未分类"/>
    <ItemTab RecNum="2">
      <Item IOType="I"
      		MapType="E"
      		SrcSdo="HostErrOut.HOST_CLI_S801010_Req"
      		DstSdo="HOST_CLI_S801010_Req">
        <MapExpr><![CDATA[]]></MapExpr>
      </Item>
      <Item IOType="O"
      		MapType="E"
      		SrcSdo="HOST_CLI_PUB_Rsp"
      		DstSdo="HostErrIn.HOST_CLI_PUB_Rsp">
        <MapExpr><![CDATA[]]></MapExpr>
      </Item>
    </ItemTab>
  </DataMap>
  <DataMap SrcDta="CHK"
  		SrcSvc="AUTO_CHK_ERR"
  		SrcType="ALA"
  		DstDta="HOST_CLI"
  		DstSvc="S801011"
  		DstType="DTA">
    <NodeClass Name="未分类"
    		Desc="未分类"/>
    <ItemTab RecNum="2">
      <Item IOType="I"
      		MapType="E"
      		SrcSdo="HostErrOut.HOST_CLI_S801011_Req"
      		DstSdo="HOST_CLI_S801011_Req">
        <MapExpr><![CDATA[]]></MapExpr>
      </Item>
      <Item IOType="O"
      		MapType="E"
      		SrcSdo="HOST_CLI_PUB_Rsp"
      		DstSdo="HostErrIn.HOST_CLI_PUB_Rsp">
        <MapExpr><![CDATA[]]></MapExpr>
      </Item>
    </ItemTab>
  </DataMap>
  <DataMap SrcDta="CHK"
  		SrcSvc="AUTO_CUP_ERR"
  		SrcType="ALA"
  		DstDta="HOST_CLI"
  		DstSvc="S801011"
  		DstType="DTA">
    <NodeClass Name="未分类"
    		Desc="未分类"/>
    <ItemTab RecNum="2">
      <Item IOType="I"
      		MapType="E"
      		SrcSdo="HostErrOut.HOST_CLI_S801011_Req"
      		DstSdo="HOST_CLI_S801011_Req">
        <MapExpr><![CDATA[]]></MapExpr>
      </Item>
      <Item IOType="O"
      		MapType="E"
      		SrcSdo="HOST_CLI_PUB_Rsp"
      		DstSdo="HostErrIn.HOST_CLI_PUB_Rsp">
        <MapExpr><![CDATA[]]></MapExpr>
      </Item>
    </ItemTab>
  </DataMap>
</DataMapTab>
