<?xml version="1.0" encoding="UTF-8"?>

<ServiceDefineTab RecNum="17">
  <ServiceDefine Name="AUTO_CHK_ERR"
  		Desc="自动对账差错处理"/>
  <ServiceDefine Name="AUTO_CLEAR"
  		Desc="自动清算处理"/>
  <ServiceDefine Name="AUTO_CUP_ERR"
  		Desc="自动银联差错处理"/>
  <ServiceDefine Name="AUTO_NCP_CHK"
  		Desc="无卡支付对账"/>
  <ServiceDefine Name="SCHK00010001"
  		Desc="对账查询"/>
  <ServiceDefine Name="SCHK00010004"
  		Desc="重对账"/>
  <ServiceDefine Name="SCHK00010005"
  		Desc="汇总查询"/>
  <ServiceDefine Name="SCHK00010007"
  		Desc="银联报表下载"/>
  <ServiceDefine Name="SCHK00010105"
  		Desc="对账差错查询"/>
  <ServiceDefine Name="SCHK00010106"
  		Desc="对账差错批量调账"/>
  <ServiceDefine Name="SCHK00010107"
  		Desc="对账差错手工调账附加说明"/>
  <ServiceDefine Name="SCHK00010108"
  		Desc="对账差错批量调账前查询"/>
  <ServiceDefine Name="SCHK00010114"
  		Desc="银联差错查询"/>
  <ServiceDefine Name="SCHK00010115"
  		Desc="银联差错批量调账"/>
  <ServiceDefine Name="SCHK00010116"
  		Desc="银联差错手工调账附加说明"/>
  <ServiceDefine Name="SCHK00010117"
  		Desc="清算汇总信息表"/>
  <ServiceDefine Name="SCHK00010118"
  		Desc="清算汇总明细信息表"/>
</ServiceDefineTab>
