<?xml version="1.0" encoding="UTF-8"?>

<SvcDependTab SrcType="C"
		SrcName="CHK">
  <SvcDepend SrcSvcName="AUTO_NCP_CHK">
    <ItemList>
      <Item DestType="B"
      		DestName="HOST_CLI"
      		SvcName="S215071"/>
    </ItemList>
  </SvcDepend>
  <SvcDepend SrcSvcName="AUTO_CHK_ERR">
    <ItemList>
      <Item DestType="B"
      		DestName="HOST_CLI"
      		SvcName="S801011"/>
    </ItemList>
  </SvcDepend>
  <SvcDepend SrcSvcName="AUTO_CLEAR">
    <ItemList>
      <Item DestType="B"
      		DestName="HOST_CLI"
      		SvcName="S215072"/>
    </ItemList>
  </SvcDepend>
  <SvcDepend SrcSvcName="AUTO_CUP_ERR">
    <ItemList>
      <Item DestType="B"
      		DestName="HOST_CLI"
      		SvcName="S801011"/>
    </ItemList>
  </SvcDepend>
</SvcDependTab>
