<?xml version="1.0" encoding="UTF-8"?>
<notation:Diagram xmi:version="2.0" xmlns:xmi="http://www.omg.org/XMI" xmlns:xsi="http://www.w3.org/2001/XMLSchema-instance" xmlns:notation="http://www.eclipse.org/gmf/runtime/1.0.2/notation" type="Component" name="QRPS_diagram.xml" measurementUnit="Pixel">
  <children xsi:type="notation:Shape" type="2006" fontName="微软雅黑">
    <children xsi:type="notation:DecorationNode" type="5006"/>
    <element href="QRPS.xml#//@comp.0"/>
    <layoutConstraint xsi:type="notation:Bounds" x="35" y="65" width="100" height="80"/>
  </children>
  <children xsi:type="notation:Shape" type="2006" fontName="微软雅黑">
    <children xsi:type="notation:DecorationNode" type="5006"/>
    <element href="QRPS.xml#//@comp.1"/>
    <layoutConstraint xsi:type="notation:Bounds" x="35" y="285" width="100" height="80"/>
  </children>
  <children xsi:type="notation:Shape" type="2002" fontName="微软雅黑">
    <children xsi:type="notation:DecorationNode" type="5002"/>
    <element href="QRPS.xml#//@comp.2"/>
    <layoutConstraint xsi:type="notation:Bounds" x="770" y="180" width="100" height="80"/>
  </children>
  <children xsi:type="notation:Shape" type="2008" fontName="Microsoft YaHei UI">
    <children xsi:type="notation:DecorationNode" type="5008"/>
    <element href="QRPS.xml#//@comp.3"/>
    <layoutConstraint xsi:type="notation:Bounds" x="375" y="170" width="100" height="80"/>
  </children>
  <styles xsi:type="notation:DiagramStyle"/>
  <element href="QRPS.xml#/"/>
  <edges xsi:type="notation:Connector" type="4001" source="//@children.1" target="//@children.3">
    <styles xsi:type="notation:FontStyle" fontName="Microsoft YaHei UI"/>
    <element href="QRPS.xml#//@conn.0"/>
    <bendpoints xsi:type="notation:RelativeBendpoints" points="[50, -21, -255, 89]$[255, -105, -50, 5]"/>
  </edges>
  <edges xsi:type="notation:Connector" type="4001" source="//@children.0" target="//@children.3">
    <styles xsi:type="notation:FontStyle" fontName="Microsoft YaHei UI"/>
    <element href="QRPS.xml#//@conn.1"/>
    <bendpoints xsi:type="notation:RelativeBendpoints" points="[50, 2, -265, -18]$[265, 14, -50, -6]"/>
  </edges>
  <edges xsi:type="notation:Connector" type="4001" source="//@children.3" target="//@children.2">
    <styles xsi:type="notation:FontStyle" fontName="Microsoft YaHei UI"/>
    <element href="QRPS.xml#//@conn.2"/>
    <bendpoints xsi:type="notation:RelativeBendpoints" points="[50, 3, -255, -12]$[353, 21, 48, 6]"/>
  </edges>
</notation:Diagram>
