<?xml version="1.0" encoding="UTF-8"?>
<!DOCTYPE mapper  PUBLIC "-//ibatis.apache.org//DTD Mapper 3.0//EN" "http://ibatis.apache.org/dtd/ibatis-3-mapper.dtd">

<mapper namespace="T_AUTO_PARA">
  <parameterMap id="T_AUTO_PARAParam"
  		type="java.util.Map">
    <parameter property="DAC"
    		javaType="String"
    		mode="IN"
    		jdbcType="VARCHAR"/>
    <parameter property="DEAL_NUM"
    		javaType="Integer"
    		mode="IN"
    		jdbcType="INTEGER"/>
    <parameter property="DTA_NAME"
    		javaType="String"
    		mode="IN"
    		jdbcType="VARCHAR"/>
    <parameter property="INTVL"
    		javaType="Integer"
    		mode="IN"
    		jdbcType="INTEGER"/>
    <parameter property="INTVL_ADD"
    		javaType="Integer"
    		mode="IN"
    		jdbcType="INTEGER"/>
    <parameter property="MAX_TIMES"
    		javaType="Integer"
    		mode="IN"
    		jdbcType="INTEGER"/>
    <parameter property="RMRK"
    		javaType="String"
    		mode="IN"
    		jdbcType="VARCHAR"/>
    <parameter property="RMRK1"
    		javaType="String"
    		mode="IN"
    		jdbcType="VARCHAR"/>
    <parameter property="RMRK2"
    		javaType="String"
    		mode="IN"
    		jdbcType="VARCHAR"/>
    <parameter property="SVC_NAME"
    		javaType="String"
    		mode="IN"
    		jdbcType="VARCHAR"/>
    <parameter property="__BEGIN_REC"
    		javaType="Integer"
    		mode="IN"
    		jdbcType="INTEGER"/>
    <parameter property="__MAX_REC"
    		javaType="Integer"
    		mode="IN"
    		jdbcType="INTEGER"/>
  </parameterMap>
  <resultMap id="T_AUTO_PARAResult"
  		type="java.util.Map">
    <result property="DAC"
    		column="DAC"/>
    <result property="DEAL_NUM"
    		column="DEAL_NUM"/>
    <result property="DTA_NAME"
    		column="DTA_NAME"/>
    <result property="INTVL"
    		column="INTVL"/>
    <result property="INTVL_ADD"
    		column="INTVL_ADD"/>
    <result property="MAX_TIMES"
    		column="MAX_TIMES"/>
    <result property="RMRK"
    		column="RMRK"/>
    <result property="RMRK1"
    		column="RMRK1"/>
    <result property="RMRK2"
    		column="RMRK2"/>
    <result property="SVC_NAME"
    		column="SVC_NAME"/>
  </resultMap>
  <sql id="AllColsT_AUTO_PARA">DTA_NAME,SVC_NAME,INTVL,MAX_TIMES,INTVL_ADD,DEAL_NUM,RMRK,RMRK1,RMRK2,DAC</sql>
  <sql id="SetAllColsValuesT_AUTO_PARA">#{DTA_NAME,jdbcType=VARCHAR},#{SVC_NAME,jdbcType=VARCHAR},#{INTVL,jdbcType=INTEGER},#{MAX_TIMES,jdbcType=INTEGER},#{INTVL_ADD,jdbcType=INTEGER},#{DEAL_NUM,jdbcType=INTEGER},#{RMRK,jdbcType=VARCHAR},#{RMRK1,jdbcType=VARCHAR},#{RMRK2,jdbcType=VARCHAR},#{DAC,jdbcType=VARCHAR}</sql>
  <select id="selectListT_AUTO_PARA"
  		resultMap="T_AUTO_PARAResult">SELECT <include refid="AllColsT_AUTO_PARA" /> FROM T_AUTO_PARA</select>
  <delete id="deleteT_AUTO_PARA">DELETE FROM T_AUTO_PARA</delete>
  <insert id="insertT_AUTO_PARA"
  		parameterMap="T_AUTO_PARAParam">INSERT INTO T_AUTO_PARA(<include refid="AllColsT_AUTO_PARA" />) VALUES (<include refid="SetAllColsValuesT_AUTO_PARA" />)</insert>
  <update id="updateT_AUTO_PARA"
  		parameterMap="T_AUTO_PARAParam">UPDATE T_AUTO_PARA SET DTA_NAME = #{DTA_NAME,jdbcType=VARCHAR}, SVC_NAME = #{SVC_NAME,jdbcType=VARCHAR}, INTVL = #{INTVL,jdbcType=INTEGER}, MAX_TIMES = #{MAX_TIMES,jdbcType=INTEGER}, INTVL_ADD = #{INTVL_ADD,jdbcType=INTEGER}, DEAL_NUM = #{DEAL_NUM,jdbcType=INTEGER}, RMRK = #{RMRK,jdbcType=VARCHAR}, RMRK1 = #{RMRK1,jdbcType=VARCHAR}, RMRK2 = #{RMRK2,jdbcType=VARCHAR}, DAC = #{DAC,jdbcType=VARCHAR}</update>
</mapper>
