<?xml version="1.0" encoding="UTF-8"?>
<!DOCTYPE mapper  PUBLIC "-//ibatis.apache.org//DTD Mapper 3.0//EN" "http://ibatis.apache.org/dtd/ibatis-3-mapper.dtd">

<mapper namespace="T_BUSI_LMT">
  <parameterMap id="T_BUSI_LMTParam"
  		type="java.util.Map">
    <parameter property="BUSI_TYPE"
    		javaType="String"
    		mode="IN"
    		jdbcType="VARCHAR"/>
    <parameter property="BUSI_TYPE_NAME"
    		javaType="String"
    		mode="IN"
    		jdbcType="VARCHAR"/>
    <parameter property="CARD_TYPE"
    		javaType="String"
    		mode="IN"
    		jdbcType="VARCHAR"/>
    <parameter property="DAC"
    		javaType="String"
    		mode="IN"
    		jdbcType="VARCHAR"/>
    <parameter property="LMT_AMT"
    		javaType="Double"
    		mode="IN"
    		jdbcType="DOUBLE"/>
    <parameter property="LMT_AMT1"
    		javaType="Double"
    		mode="IN"
    		jdbcType="DOUBLE"/>
    <parameter property="LMT_AMT2"
    		javaType="Double"
    		mode="IN"
    		jdbcType="DOUBLE"/>
    <parameter property="LMT_AMT_DAY"
    		javaType="Double"
    		mode="IN"
    		jdbcType="DOUBLE"/>
    <parameter property="LMT_NUM1"
    		javaType="Integer"
    		mode="IN"
    		jdbcType="INTEGER"/>
    <parameter property="LMT_NUM2"
    		javaType="Integer"
    		mode="IN"
    		jdbcType="INTEGER"/>
    <parameter property="LMT_NUM_DAY"
    		javaType="Integer"
    		mode="IN"
    		jdbcType="INTEGER"/>
    <parameter property="RMRK"
    		javaType="String"
    		mode="IN"
    		jdbcType="VARCHAR"/>
    <parameter property="RMRK1"
    		javaType="String"
    		mode="IN"
    		jdbcType="VARCHAR"/>
    <parameter property="STAT"
    		javaType="String"
    		mode="IN"
    		jdbcType="VARCHAR"/>
    <parameter property="__BEGIN_REC"
    		javaType="Integer"
    		mode="IN"
    		jdbcType="INTEGER"/>
    <parameter property="__MAX_REC"
    		javaType="Integer"
    		mode="IN"
    		jdbcType="INTEGER"/>
  </parameterMap>
  <resultMap id="T_BUSI_LMTResult"
  		type="java.util.Map">
    <result property="BUSI_TYPE"
    		column="BUSI_TYPE"/>
    <result property="BUSI_TYPE_NAME"
    		column="BUSI_TYPE_NAME"/>
    <result property="CARD_TYPE"
    		column="CARD_TYPE"/>
    <result property="DAC"
    		column="DAC"/>
    <result property="LMT_AMT"
    		column="LMT_AMT"/>
    <result property="LMT_AMT1"
    		column="LMT_AMT1"/>
    <result property="LMT_AMT2"
    		column="LMT_AMT2"/>
    <result property="LMT_AMT_DAY"
    		column="LMT_AMT_DAY"/>
    <result property="LMT_NUM1"
    		column="LMT_NUM1"/>
    <result property="LMT_NUM2"
    		column="LMT_NUM2"/>
    <result property="LMT_NUM_DAY"
    		column="LMT_NUM_DAY"/>
    <result property="RMRK"
    		column="RMRK"/>
    <result property="RMRK1"
    		column="RMRK1"/>
    <result property="STAT"
    		column="STAT"/>
  </resultMap>
  <sql id="AllColsT_BUSI_LMT">BUSI_TYPE,BUSI_TYPE_NAME,CARD_TYPE,LMT_AMT,LMT_AMT_DAY,LMT_NUM_DAY,LMT_AMT1,LMT_NUM1,LMT_AMT2,LMT_NUM2,STAT,RMRK,RMRK1,DAC</sql>
  <sql id="SetAllColsValuesT_BUSI_LMT">#{BUSI_TYPE,jdbcType=VARCHAR},#{BUSI_TYPE_NAME,jdbcType=VARCHAR},#{CARD_TYPE,jdbcType=VARCHAR},#{LMT_AMT,jdbcType=DOUBLE},#{LMT_AMT_DAY,jdbcType=DOUBLE},#{LMT_NUM_DAY,jdbcType=INTEGER},#{LMT_AMT1,jdbcType=DOUBLE},#{LMT_NUM1,jdbcType=INTEGER},#{LMT_AMT2,jdbcType=DOUBLE},#{LMT_NUM2,jdbcType=INTEGER},#{STAT,jdbcType=VARCHAR},#{RMRK,jdbcType=VARCHAR},#{RMRK1,jdbcType=VARCHAR},#{DAC,jdbcType=VARCHAR}</sql>
  <select id="selectListT_BUSI_LMT"
  		resultMap="T_BUSI_LMTResult">SELECT <include refid="AllColsT_BUSI_LMT" /> FROM T_BUSI_LMT</select>
  <delete id="deleteT_BUSI_LMT">DELETE FROM T_BUSI_LMT</delete>
  <insert id="insertT_BUSI_LMT"
  		parameterMap="T_BUSI_LMTParam">INSERT INTO T_BUSI_LMT(<include refid="AllColsT_BUSI_LMT" />) VALUES (<include refid="SetAllColsValuesT_BUSI_LMT" />)</insert>
  <update id="updateT_BUSI_LMT"
  		parameterMap="T_BUSI_LMTParam">UPDATE T_BUSI_LMT SET BUSI_TYPE = #{BUSI_TYPE,jdbcType=VARCHAR}, BUSI_TYPE_NAME = #{BUSI_TYPE_NAME,jdbcType=VARCHAR}, CARD_TYPE = #{CARD_TYPE,jdbcType=VARCHAR}, LMT_AMT = #{LMT_AMT,jdbcType=DOUBLE}, LMT_AMT_DAY = #{LMT_AMT_DAY,jdbcType=DOUBLE}, LMT_NUM_DAY = #{LMT_NUM_DAY,jdbcType=INTEGER}, LMT_AMT1 = #{LMT_AMT1,jdbcType=DOUBLE}, LMT_NUM1 = #{LMT_NUM1,jdbcType=INTEGER}, LMT_AMT2 = #{LMT_AMT2,jdbcType=DOUBLE}, LMT_NUM2 = #{LMT_NUM2,jdbcType=INTEGER}, STAT = #{STAT,jdbcType=VARCHAR}, RMRK = #{RMRK,jdbcType=VARCHAR}, RMRK1 = #{RMRK1,jdbcType=VARCHAR}, DAC = #{DAC,jdbcType=VARCHAR}</update>
</mapper>
