<?xml version="1.0" encoding="UTF-8"?>
<!DOCTYPE mapper  PUBLIC "-//ibatis.apache.org//DTD Mapper 3.0//EN" "http://ibatis.apache.org/dtd/ibatis-3-mapper.dtd">

<mapper namespace="T_BUSI_LMT_TOT">
  <parameterMap id="T_BUSI_LMT_TOTParam"
  		type="java.util.Map">
    <parameter property="ACCT_NO"
    		javaType="String"
    		mode="IN"
    		jdbcType="VARCHAR"/>
    <parameter property="AMT1"
    		javaType="Double"
    		mode="IN"
    		jdbcType="DOUBLE"/>
    <parameter property="AMT2"
    		javaType="Double"
    		mode="IN"
    		jdbcType="DOUBLE"/>
    <parameter property="AMT_DAY"
    		javaType="Double"
    		mode="IN"
    		jdbcType="DOUBLE"/>
    <parameter property="BUSI_TYPE"
    		javaType="String"
    		mode="IN"
    		jdbcType="VARCHAR"/>
    <parameter property="DAC"
    		javaType="String"
    		mode="IN"
    		jdbcType="VARCHAR"/>
    <parameter property="NUM1"
    		javaType="Integer"
    		mode="IN"
    		jdbcType="INTEGER"/>
    <parameter property="NUM2"
    		javaType="Integer"
    		mode="IN"
    		jdbcType="INTEGER"/>
    <parameter property="NUM_DAY"
    		javaType="Integer"
    		mode="IN"
    		jdbcType="INTEGER"/>
    <parameter property="RMRK"
    		javaType="String"
    		mode="IN"
    		jdbcType="VARCHAR"/>
    <parameter property="RMRK1"
    		javaType="String"
    		mode="IN"
    		jdbcType="VARCHAR"/>
    <parameter property="__BEGIN_REC"
    		javaType="Integer"
    		mode="IN"
    		jdbcType="INTEGER"/>
    <parameter property="__MAX_REC"
    		javaType="Integer"
    		mode="IN"
    		jdbcType="INTEGER"/>
  </parameterMap>
  <resultMap id="T_BUSI_LMT_TOTResult"
  		type="java.util.Map">
    <result property="ACCT_NO"
    		column="ACCT_NO"/>
    <result property="AMT1"
    		column="AMT1"/>
    <result property="AMT2"
    		column="AMT2"/>
    <result property="AMT_DAY"
    		column="AMT_DAY"/>
    <result property="BUSI_TYPE"
    		column="BUSI_TYPE"/>
    <result property="DAC"
    		column="DAC"/>
    <result property="NUM1"
    		column="NUM1"/>
    <result property="NUM2"
    		column="NUM2"/>
    <result property="NUM_DAY"
    		column="NUM_DAY"/>
    <result property="RMRK"
    		column="RMRK"/>
    <result property="RMRK1"
    		column="RMRK1"/>
  </resultMap>
  <sql id="AllColsT_BUSI_LMT_TOT">BUSI_TYPE,ACCT_NO,AMT_DAY,NUM_DAY,AMT1,NUM1,AMT2,NUM2,RMRK,RMRK1,DAC</sql>
  <sql id="SetAllColsValuesT_BUSI_LMT_TOT">#{BUSI_TYPE,jdbcType=VARCHAR},#{ACCT_NO,jdbcType=VARCHAR},#{AMT_DAY,jdbcType=DOUBLE},#{NUM_DAY,jdbcType=INTEGER},#{AMT1,jdbcType=DOUBLE},#{NUM1,jdbcType=INTEGER},#{AMT2,jdbcType=DOUBLE},#{NUM2,jdbcType=INTEGER},#{RMRK,jdbcType=VARCHAR},#{RMRK1,jdbcType=VARCHAR},#{DAC,jdbcType=VARCHAR}</sql>
  <select id="selectListT_BUSI_LMT_TOT"
  		resultMap="T_BUSI_LMT_TOTResult">SELECT <include refid="AllColsT_BUSI_LMT_TOT" /> FROM T_BUSI_LMT_TOT</select>
  <delete id="deleteT_BUSI_LMT_TOT">DELETE FROM T_BUSI_LMT_TOT</delete>
  <insert id="insertT_BUSI_LMT_TOT"
  		parameterMap="T_BUSI_LMT_TOTParam">INSERT INTO T_BUSI_LMT_TOT(<include refid="AllColsT_BUSI_LMT_TOT" />) VALUES (<include refid="SetAllColsValuesT_BUSI_LMT_TOT" />)</insert>
  <update id="updateT_BUSI_LMT_TOT"
  		parameterMap="T_BUSI_LMT_TOTParam">UPDATE T_BUSI_LMT_TOT SET BUSI_TYPE = #{BUSI_TYPE,jdbcType=VARCHAR}, ACCT_NO = #{ACCT_NO,jdbcType=VARCHAR}, AMT_DAY = #{AMT_DAY,jdbcType=DOUBLE}, NUM_DAY = #{NUM_DAY,jdbcType=INTEGER}, AMT1 = #{AMT1,jdbcType=DOUBLE}, NUM1 = #{NUM1,jdbcType=INTEGER}, AMT2 = #{AMT2,jdbcType=DOUBLE}, NUM2 = #{NUM2,jdbcType=INTEGER}, RMRK = #{RMRK,jdbcType=VARCHAR}, RMRK1 = #{RMRK1,jdbcType=VARCHAR}, DAC = #{DAC,jdbcType=VARCHAR}</update>
</mapper>
