<?xml version="1.0" encoding="UTF-8"?>
<!DOCTYPE mapper  PUBLIC "-//ibatis.apache.org//DTD Mapper 3.0//EN" "http://ibatis.apache.org/dtd/ibatis-3-mapper.dtd">

<mapper namespace="T_BUSI_OPEN">
  <parameterMap id="T_BUSI_OPENParam"
  		type="java.util.Map">
    <parameter property="BRCH_NO"
    		javaType="String"
    		mode="IN"
    		jdbcType="VARCHAR"/>
    <parameter property="BUSI_BANK1"
    		javaType="String"
    		mode="IN"
    		jdbcType="VARCHAR"/>
    <parameter property="BUSI_BANK2"
    		javaType="String"
    		mode="IN"
    		jdbcType="VARCHAR"/>
    <parameter property="BUSI_NO"
    		javaType="String"
    		mode="IN"
    		jdbcType="VARCHAR"/>
    <parameter property="DAC"
    		javaType="String"
    		mode="IN"
    		jdbcType="VARCHAR"/>
    <parameter property="ENTR_NO"
    		javaType="String"
    		mode="IN"
    		jdbcType="VARCHAR"/>
    <parameter property="FEE_ACCT_NO"
    		javaType="String"
    		mode="IN"
    		jdbcType="VARCHAR"/>
    <parameter property="IN_ACCT_NO"
    		javaType="String"
    		mode="IN"
    		jdbcType="VARCHAR"/>
    <parameter property="OPEN_FLAG"
    		javaType="String"
    		mode="IN"
    		jdbcType="VARCHAR"/>
    <parameter property="OUT_ACCT_NO"
    		javaType="String"
    		mode="IN"
    		jdbcType="VARCHAR"/>
    <parameter property="PAY_ACCT_NO"
    		javaType="String"
    		mode="IN"
    		jdbcType="VARCHAR"/>
    <parameter property="__BEGIN_REC"
    		javaType="Integer"
    		mode="IN"
    		jdbcType="INTEGER"/>
    <parameter property="__MAX_REC"
    		javaType="Integer"
    		mode="IN"
    		jdbcType="INTEGER"/>
  </parameterMap>
  <resultMap id="T_BUSI_OPENResult"
  		type="java.util.Map">
    <result property="BRCH_NO"
    		column="BRCH_NO"/>
    <result property="BUSI_BANK1"
    		column="BUSI_BANK1"/>
    <result property="BUSI_BANK2"
    		column="BUSI_BANK2"/>
    <result property="BUSI_NO"
    		column="BUSI_NO"/>
    <result property="DAC"
    		column="DAC"/>
    <result property="ENTR_NO"
    		column="ENTR_NO"/>
    <result property="FEE_ACCT_NO"
    		column="FEE_ACCT_NO"/>
    <result property="IN_ACCT_NO"
    		column="IN_ACCT_NO"/>
    <result property="OPEN_FLAG"
    		column="OPEN_FLAG"/>
    <result property="OUT_ACCT_NO"
    		column="OUT_ACCT_NO"/>
    <result property="PAY_ACCT_NO"
    		column="PAY_ACCT_NO"/>
  </resultMap>
  <sql id="AllColsT_BUSI_OPEN">BRCH_NO,ENTR_NO,BUSI_NO,BUSI_BANK1,BUSI_BANK2,IN_ACCT_NO,OUT_ACCT_NO,PAY_ACCT_NO,FEE_ACCT_NO,OPEN_FLAG,DAC</sql>
  <sql id="SetAllColsValuesT_BUSI_OPEN">#{BRCH_NO,jdbcType=VARCHAR},#{ENTR_NO,jdbcType=VARCHAR},#{BUSI_NO,jdbcType=VARCHAR},#{BUSI_BANK1,jdbcType=VARCHAR},#{BUSI_BANK2,jdbcType=VARCHAR},#{IN_ACCT_NO,jdbcType=VARCHAR},#{OUT_ACCT_NO,jdbcType=VARCHAR},#{PAY_ACCT_NO,jdbcType=VARCHAR},#{FEE_ACCT_NO,jdbcType=VARCHAR},#{OPEN_FLAG,jdbcType=VARCHAR},#{DAC,jdbcType=VARCHAR}</sql>
  <select id="selectListT_BUSI_OPEN"
  		resultMap="T_BUSI_OPENResult">SELECT <include refid="AllColsT_BUSI_OPEN" /> FROM T_BUSI_OPEN</select>
  <delete id="deleteT_BUSI_OPEN">DELETE FROM T_BUSI_OPEN</delete>
  <insert id="insertT_BUSI_OPEN"
  		parameterMap="T_BUSI_OPENParam">INSERT INTO T_BUSI_OPEN(<include refid="AllColsT_BUSI_OPEN" />) VALUES (<include refid="SetAllColsValuesT_BUSI_OPEN" />)</insert>
  <update id="updateT_BUSI_OPEN"
  		parameterMap="T_BUSI_OPENParam">UPDATE T_BUSI_OPEN SET BRCH_NO = #{BRCH_NO,jdbcType=VARCHAR}, ENTR_NO = #{ENTR_NO,jdbcType=VARCHAR}, BUSI_NO = #{BUSI_NO,jdbcType=VARCHAR}, BUSI_BANK1 = #{BUSI_BANK1,jdbcType=VARCHAR}, BUSI_BANK2 = #{BUSI_BANK2,jdbcType=VARCHAR}, IN_ACCT_NO = #{IN_ACCT_NO,jdbcType=VARCHAR}, OUT_ACCT_NO = #{OUT_ACCT_NO,jdbcType=VARCHAR}, PAY_ACCT_NO = #{PAY_ACCT_NO,jdbcType=VARCHAR}, FEE_ACCT_NO = #{FEE_ACCT_NO,jdbcType=VARCHAR}, OPEN_FLAG = #{OPEN_FLAG,jdbcType=VARCHAR}, DAC = #{DAC,jdbcType=VARCHAR}</update>
  <select id="selectOneui_t_busi_open"
  		parameterMap="T_BUSI_OPENParam"
  		resultMap="T_BUSI_OPENResult">SELECT <include refid="AllColsT_BUSI_OPEN" /> FROM T_BUSI_OPEN WHERE BRCH_NO=#{BRCH_NO,jdbcType=VARCHAR} and ENTR_NO=#{ENTR_NO,jdbcType=VARCHAR} and BUSI_NO=#{BUSI_NO,jdbcType=VARCHAR}</select>
  <update id="updateui_t_busi_open"
  		parameterMap="T_BUSI_OPENParam">UPDATE T_BUSI_OPEN SET BRCH_NO = #{BRCH_NO,jdbcType=VARCHAR}, ENTR_NO = #{ENTR_NO,jdbcType=VARCHAR}, BUSI_NO = #{BUSI_NO,jdbcType=VARCHAR}, BUSI_BANK1 = #{BUSI_BANK1,jdbcType=VARCHAR}, BUSI_BANK2 = #{BUSI_BANK2,jdbcType=VARCHAR}, IN_ACCT_NO = #{IN_ACCT_NO,jdbcType=VARCHAR}, OUT_ACCT_NO = #{OUT_ACCT_NO,jdbcType=VARCHAR}, PAY_ACCT_NO = #{PAY_ACCT_NO,jdbcType=VARCHAR}, FEE_ACCT_NO = #{FEE_ACCT_NO,jdbcType=VARCHAR}, OPEN_FLAG = #{OPEN_FLAG,jdbcType=VARCHAR}, DAC = #{DAC,jdbcType=VARCHAR} WHERE BRCH_NO=#{BRCH_NO,jdbcType=VARCHAR} and ENTR_NO=#{ENTR_NO,jdbcType=VARCHAR} and BUSI_NO=#{BUSI_NO,jdbcType=VARCHAR}</update>
  <insert id="insertui_t_busi_open"
  		parameterMap="T_BUSI_OPENParam">INSERT INTO T_BUSI_OPEN(<include refid="AllColsT_BUSI_OPEN" />) VALUES (<include refid="SetAllColsValuesT_BUSI_OPEN" />)</insert>
  <delete id="deleteui_t_busi_open"
  		parameterMap="T_BUSI_OPENParam">DELETE FROM T_BUSI_OPEN WHERE BRCH_NO=#{BRCH_NO,jdbcType=VARCHAR} and ENTR_NO=#{ENTR_NO,jdbcType=VARCHAR} and BUSI_NO=#{BUSI_NO,jdbcType=VARCHAR}</delete>
</mapper>
