<?xml version="1.0" encoding="UTF-8"?>
<!DOCTYPE mapper  PUBLIC "-//ibatis.apache.org//DTD Mapper 3.0//EN" "http://ibatis.apache.org/dtd/ibatis-3-mapper.dtd">

<mapper namespace="T_BUSI">
  <parameterMap id="T_BUSIParam"
  		type="java.util.Map">
    <parameter property="AMT_LIMIT"
    		javaType="Double"
    		mode="IN"
    		jdbcType="DECIMAL"/>
    <parameter property="BUSI_DESC"
    		javaType="String"
    		mode="IN"
    		jdbcType="VARCHAR"/>
    <parameter property="BUSI_NAME"
    		javaType="String"
    		mode="IN"
    		jdbcType="VARCHAR"/>
    <parameter property="BUSI_NO"
    		javaType="String"
    		mode="IN"
    		jdbcType="VARCHAR"/>
    <parameter property="BUSI_STAT"
    		javaType="String"
    		mode="IN"
    		jdbcType="VARCHAR"/>
    <parameter property="CREDIT_FLAG"
    		javaType="String"
    		mode="IN"
    		jdbcType="VARCHAR"/>
    <parameter property="CURR_IDEN"
    		javaType="String"
    		mode="IN"
    		jdbcType="VARCHAR"/>
    <parameter property="CURR_NO"
    		javaType="String"
    		mode="IN"
    		jdbcType="VARCHAR"/>
    <parameter property="DAC"
    		javaType="String"
    		mode="IN"
    		jdbcType="VARCHAR"/>
    <parameter property="ENTR_NO"
    		javaType="String"
    		mode="IN"
    		jdbcType="VARCHAR"/>
    <parameter property="FEE_CODE"
    		javaType="String"
    		mode="IN"
    		jdbcType="VARCHAR"/>
    <parameter property="PAY_LIMIT"
    		javaType="Double"
    		mode="IN"
    		jdbcType="DECIMAL"/>
    <parameter property="PRT_NAME"
    		javaType="String"
    		mode="IN"
    		jdbcType="VARCHAR"/>
    <parameter property="RMRK"
    		javaType="String"
    		mode="IN"
    		jdbcType="VARCHAR"/>
    <parameter property="RMRK1"
    		javaType="String"
    		mode="IN"
    		jdbcType="VARCHAR"/>
    <parameter property="SIGN_CONDITION"
    		javaType="String"
    		mode="IN"
    		jdbcType="VARCHAR"/>
    <parameter property="SIGN_FLAG"
    		javaType="String"
    		mode="IN"
    		jdbcType="VARCHAR"/>
    <parameter property="__BEGIN_REC"
    		javaType="Integer"
    		mode="IN"
    		jdbcType="INTEGER"/>
    <parameter property="__MAX_REC"
    		javaType="Integer"
    		mode="IN"
    		jdbcType="INTEGER"/>
  </parameterMap>
  <resultMap id="T_BUSIResult"
  		type="java.util.Map">
    <result property="AMT_LIMIT"
    		column="AMT_LIMIT"/>
    <result property="BUSI_DESC"
    		column="BUSI_DESC"/>
    <result property="BUSI_NAME"
    		column="BUSI_NAME"/>
    <result property="BUSI_NO"
    		column="BUSI_NO"/>
    <result property="BUSI_STAT"
    		column="BUSI_STAT"/>
    <result property="CREDIT_FLAG"
    		column="CREDIT_FLAG"/>
    <result property="CURR_IDEN"
    		column="CURR_IDEN"/>
    <result property="CURR_NO"
    		column="CURR_NO"/>
    <result property="DAC"
    		column="DAC"/>
    <result property="ENTR_NO"
    		column="ENTR_NO"/>
    <result property="FEE_CODE"
    		column="FEE_CODE"/>
    <result property="PAY_LIMIT"
    		column="PAY_LIMIT"/>
    <result property="PRT_NAME"
    		column="PRT_NAME"/>
    <result property="RMRK"
    		column="RMRK"/>
    <result property="RMRK1"
    		column="RMRK1"/>
    <result property="SIGN_CONDITION"
    		column="SIGN_CONDITION"/>
    <result property="SIGN_FLAG"
    		column="SIGN_FLAG"/>
  </resultMap>
  <sql id="AllColsT_BUSI">ENTR_NO,BUSI_NO,BUSI_NAME,PRT_NAME,BUSI_DESC,BUSI_STAT,CURR_NO,CURR_IDEN,FEE_CODE,AMT_LIMIT,PAY_LIMIT,CREDIT_FLAG,SIGN_FLAG,SIGN_CONDITION,RMRK,RMRK1,DAC</sql>
  <sql id="SetAllColsValuesT_BUSI">#{ENTR_NO,jdbcType=VARCHAR},#{BUSI_NO,jdbcType=VARCHAR},#{BUSI_NAME,jdbcType=VARCHAR},#{PRT_NAME,jdbcType=VARCHAR},#{BUSI_DESC,jdbcType=VARCHAR},#{BUSI_STAT,jdbcType=VARCHAR},#{CURR_NO,jdbcType=VARCHAR},#{CURR_IDEN,jdbcType=VARCHAR},#{FEE_CODE,jdbcType=VARCHAR},#{AMT_LIMIT,jdbcType=DECIMAL},#{PAY_LIMIT,jdbcType=DECIMAL},#{CREDIT_FLAG,jdbcType=VARCHAR},#{SIGN_FLAG,jdbcType=VARCHAR},#{SIGN_CONDITION,jdbcType=VARCHAR},#{RMRK,jdbcType=VARCHAR},#{RMRK1,jdbcType=VARCHAR},#{DAC,jdbcType=VARCHAR}</sql>
  <select id="selectListT_BUSI"
  		resultMap="T_BUSIResult">SELECT <include refid="AllColsT_BUSI" /> FROM T_BUSI</select>
  <delete id="deleteT_BUSI">DELETE FROM T_BUSI</delete>
  <insert id="insertT_BUSI"
  		parameterMap="T_BUSIParam">INSERT INTO T_BUSI(<include refid="AllColsT_BUSI" />) VALUES (<include refid="SetAllColsValuesT_BUSI" />)</insert>
  <update id="updateT_BUSI"
  		parameterMap="T_BUSIParam">UPDATE T_BUSI SET ENTR_NO = #{ENTR_NO,jdbcType=VARCHAR}, BUSI_NO = #{BUSI_NO,jdbcType=VARCHAR}, BUSI_NAME = #{BUSI_NAME,jdbcType=VARCHAR}, PRT_NAME = #{PRT_NAME,jdbcType=VARCHAR}, BUSI_DESC = #{BUSI_DESC,jdbcType=VARCHAR}, BUSI_STAT = #{BUSI_STAT,jdbcType=VARCHAR}, CURR_NO = #{CURR_NO,jdbcType=VARCHAR}, CURR_IDEN = #{CURR_IDEN,jdbcType=VARCHAR}, FEE_CODE = #{FEE_CODE,jdbcType=VARCHAR}, AMT_LIMIT = #{AMT_LIMIT,jdbcType=DECIMAL}, PAY_LIMIT = #{PAY_LIMIT,jdbcType=DECIMAL}, CREDIT_FLAG = #{CREDIT_FLAG,jdbcType=VARCHAR}, SIGN_FLAG = #{SIGN_FLAG,jdbcType=VARCHAR}, SIGN_CONDITION = #{SIGN_CONDITION,jdbcType=VARCHAR}, RMRK = #{RMRK,jdbcType=VARCHAR}, RMRK1 = #{RMRK1,jdbcType=VARCHAR}, DAC = #{DAC,jdbcType=VARCHAR}</update>
  <select id="selectOneui_t_busi"
  		parameterMap="T_BUSIParam"
  		resultMap="T_BUSIResult">SELECT <include refid="AllColsT_BUSI" /> FROM T_BUSI WHERE ENTR_NO=#{ENTR_NO,jdbcType=VARCHAR} and BUSI_NO=#{BUSI_NO,jdbcType=VARCHAR}</select>
  <update id="updateui_t_busi"
  		parameterMap="T_BUSIParam">UPDATE T_BUSI SET ENTR_NO = #{ENTR_NO,jdbcType=VARCHAR}, BUSI_NO = #{BUSI_NO,jdbcType=VARCHAR}, BUSI_NAME = #{BUSI_NAME,jdbcType=VARCHAR}, PRT_NAME = #{PRT_NAME,jdbcType=VARCHAR}, BUSI_DESC = #{BUSI_DESC,jdbcType=VARCHAR}, BUSI_STAT = #{BUSI_STAT,jdbcType=VARCHAR}, CURR_NO = #{CURR_NO,jdbcType=VARCHAR}, CURR_IDEN = #{CURR_IDEN,jdbcType=VARCHAR}, FEE_CODE = #{FEE_CODE,jdbcType=VARCHAR}, AMT_LIMIT = #{AMT_LIMIT,jdbcType=DECIMAL}, PAY_LIMIT = #{PAY_LIMIT,jdbcType=DECIMAL}, CREDIT_FLAG = #{CREDIT_FLAG,jdbcType=VARCHAR}, SIGN_FLAG = #{SIGN_FLAG,jdbcType=VARCHAR}, SIGN_CONDITION = #{SIGN_CONDITION,jdbcType=VARCHAR}, RMRK = #{RMRK,jdbcType=VARCHAR}, RMRK1 = #{RMRK1,jdbcType=VARCHAR}, DAC = #{DAC,jdbcType=VARCHAR} WHERE ENTR_NO=#{ENTR_NO,jdbcType=VARCHAR} and BUSI_NO=#{BUSI_NO,jdbcType=VARCHAR}</update>
  <insert id="insertui_t_busi"
  		parameterMap="T_BUSIParam">INSERT INTO T_BUSI(<include refid="AllColsT_BUSI" />) VALUES (<include refid="SetAllColsValuesT_BUSI" />)</insert>
  <delete id="deleteui_t_busi"
  		parameterMap="T_BUSIParam">DELETE FROM T_BUSI WHERE ENTR_NO=#{ENTR_NO,jdbcType=VARCHAR} and BUSI_NO=#{BUSI_NO,jdbcType=VARCHAR}</delete>
</mapper>
