<?xml version="1.0" encoding="UTF-8"?>
<!DOCTYPE mapper  PUBLIC "-//ibatis.apache.org//DTD Mapper 3.0//EN" "http://ibatis.apache.org/dtd/ibatis-3-mapper.dtd">

<mapper namespace="T_CHANNEL_OPEN">
  <parameterMap id="T_CHANNEL_OPENParam"
  		type="java.util.Map">
    <parameter property="BUSI_NO"
    		javaType="String"
    		mode="IN"
    		jdbcType="VARCHAR"/>
    <parameter property="CHN_NO"
    		javaType="String"
    		mode="IN"
    		jdbcType="VARCHAR"/>
    <parameter property="DAC"
    		javaType="String"
    		mode="IN"
    		jdbcType="VARCHAR"/>
    <parameter property="ENTR_NO"
    		javaType="String"
    		mode="IN"
    		jdbcType="VARCHAR"/>
    <parameter property="OPEN_FLAG"
    		javaType="String"
    		mode="IN"
    		jdbcType="VARCHAR"/>
    <parameter property="__BEGIN_REC"
    		javaType="Integer"
    		mode="IN"
    		jdbcType="INTEGER"/>
    <parameter property="__MAX_REC"
    		javaType="Integer"
    		mode="IN"
    		jdbcType="INTEGER"/>
  </parameterMap>
  <resultMap id="T_CHANNEL_OPENResult"
  		type="java.util.Map">
    <result property="BUSI_NO"
    		column="BUSI_NO"/>
    <result property="CHN_NO"
    		column="CHN_NO"/>
    <result property="DAC"
    		column="DAC"/>
    <result property="ENTR_NO"
    		column="ENTR_NO"/>
    <result property="OPEN_FLAG"
    		column="OPEN_FLAG"/>
  </resultMap>
  <sql id="AllColsT_CHANNEL_OPEN">CHN_NO,ENTR_NO,BUSI_NO,OPEN_FLAG,DAC</sql>
  <sql id="SetAllColsValuesT_CHANNEL_OPEN">#{CHN_NO,jdbcType=VARCHAR},#{ENTR_NO,jdbcType=VARCHAR},#{BUSI_NO,jdbcType=VARCHAR},#{OPEN_FLAG,jdbcType=VARCHAR},#{DAC,jdbcType=VARCHAR}</sql>
  <select id="selectListT_CHANNEL_OPEN"
  		resultMap="T_CHANNEL_OPENResult">SELECT <include refid="AllColsT_CHANNEL_OPEN" /> FROM T_CHANNEL_OPEN</select>
  <delete id="deleteT_CHANNEL_OPEN">DELETE FROM T_CHANNEL_OPEN</delete>
  <insert id="insertT_CHANNEL_OPEN"
  		parameterMap="T_CHANNEL_OPENParam">INSERT INTO T_CHANNEL_OPEN(<include refid="AllColsT_CHANNEL_OPEN" />) VALUES (<include refid="SetAllColsValuesT_CHANNEL_OPEN" />)</insert>
  <update id="updateT_CHANNEL_OPEN"
  		parameterMap="T_CHANNEL_OPENParam">UPDATE T_CHANNEL_OPEN SET CHN_NO = #{CHN_NO,jdbcType=VARCHAR}, ENTR_NO = #{ENTR_NO,jdbcType=VARCHAR}, BUSI_NO = #{BUSI_NO,jdbcType=VARCHAR}, OPEN_FLAG = #{OPEN_FLAG,jdbcType=VARCHAR}, DAC = #{DAC,jdbcType=VARCHAR}</update>
  <select id="selectOneui_t_channel_open"
  		parameterMap="T_CHANNEL_OPENParam"
  		resultMap="T_CHANNEL_OPENResult">SELECT <include refid="AllColsT_CHANNEL_OPEN" /> FROM T_CHANNEL_OPEN WHERE CHN_NO=#{CHN_NO,jdbcType=VARCHAR} and ENTR_NO=#{ENTR_NO,jdbcType=VARCHAR} and BUSI_NO=#{BUSI_NO,jdbcType=VARCHAR}</select>
  <update id="updateui_t_channel_open"
  		parameterMap="T_CHANNEL_OPENParam">UPDATE T_CHANNEL_OPEN SET CHN_NO = #{CHN_NO,jdbcType=VARCHAR}, ENTR_NO = #{ENTR_NO,jdbcType=VARCHAR}, BUSI_NO = #{BUSI_NO,jdbcType=VARCHAR}, OPEN_FLAG = #{OPEN_FLAG,jdbcType=VARCHAR}, DAC = #{DAC,jdbcType=VARCHAR} WHERE CHN_NO=#{CHN_NO,jdbcType=VARCHAR} and ENTR_NO=#{ENTR_NO,jdbcType=VARCHAR} and BUSI_NO=#{BUSI_NO,jdbcType=VARCHAR}</update>
  <insert id="insertui_t_channel_open"
  		parameterMap="T_CHANNEL_OPENParam">INSERT INTO T_CHANNEL_OPEN(<include refid="AllColsT_CHANNEL_OPEN" />) VALUES (<include refid="SetAllColsValuesT_CHANNEL_OPEN" />)</insert>
  <delete id="deleteui_t_channel_open"
  		parameterMap="T_CHANNEL_OPENParam">DELETE FROM T_CHANNEL_OPEN WHERE CHN_NO=#{CHN_NO,jdbcType=VARCHAR} and ENTR_NO=#{ENTR_NO,jdbcType=VARCHAR} and BUSI_NO=#{BUSI_NO,jdbcType=VARCHAR}</delete>
</mapper>
