<?xml version="1.0" encoding="UTF-8"?>
<!DOCTYPE mapper  PUBLIC "-//ibatis.apache.org//DTD Mapper 3.0//EN" "http://ibatis.apache.org/dtd/ibatis-3-mapper.dtd">

<mapper namespace="T_CHK_SYS">
  <parameterMap id="T_CHK_SYSParam"
  		type="java.util.Map">
    <parameter property="AREA_NO"
    		javaType="String"
    		mode="IN"
    		jdbcType="VARCHAR"/>
    <parameter property="BUSI_IDX_TYPE"
    		javaType="String"
    		mode="IN"
    		jdbcType="VARCHAR"/>
    <parameter property="BUSI_NO"
    		javaType="String"
    		mode="IN"
    		jdbcType="VARCHAR"/>
    <parameter property="CHK_DATE"
    		javaType="String"
    		mode="IN"
    		jdbcType="VARCHAR"/>
    <parameter property="CHK_STAT"
    		javaType="String"
    		mode="IN"
    		jdbcType="VARCHAR"/>
    <parameter property="CHK_TIMES"
    		javaType="Integer"
    		mode="IN"
    		jdbcType="INTEGER"/>
    <parameter property="CLEAR_STAT"
    		javaType="String"
    		mode="IN"
    		jdbcType="VARCHAR"/>
    <parameter property="CUP_STAT"
    		javaType="String"
    		mode="IN"
    		jdbcType="VARCHAR"/>
    <parameter property="DAC"
    		javaType="String"
    		mode="IN"
    		jdbcType="VARCHAR"/>
    <parameter property="ENTR_NO"
    		javaType="String"
    		mode="IN"
    		jdbcType="VARCHAR"/>
    <parameter property="FILE_NAME"
    		javaType="String"
    		mode="IN"
    		jdbcType="VARCHAR"/>
    <parameter property="FLAG"
    		javaType="String"
    		mode="IN"
    		jdbcType="VARCHAR"/>
    <parameter property="HOST_STAT"
    		javaType="String"
    		mode="IN"
    		jdbcType="VARCHAR"/>
    <parameter property="LOC_STAT"
    		javaType="String"
    		mode="IN"
    		jdbcType="VARCHAR"/>
    <parameter property="__BEGIN_REC"
    		javaType="Integer"
    		mode="IN"
    		jdbcType="INTEGER"/>
    <parameter property="__MAX_REC"
    		javaType="Integer"
    		mode="IN"
    		jdbcType="INTEGER"/>
  </parameterMap>
  <resultMap id="T_CHK_SYSResult"
  		type="java.util.Map">
    <result property="AREA_NO"
    		column="AREA_NO"/>
    <result property="BUSI_IDX_TYPE"
    		column="BUSI_IDX_TYPE"/>
    <result property="BUSI_NO"
    		column="BUSI_NO"/>
    <result property="CHK_DATE"
    		column="CHK_DATE"/>
    <result property="CHK_STAT"
    		column="CHK_STAT"/>
    <result property="CHK_TIMES"
    		column="CHK_TIMES"/>
    <result property="CLEAR_STAT"
    		column="CLEAR_STAT"/>
    <result property="CUP_STAT"
    		column="CUP_STAT"/>
    <result property="DAC"
    		column="DAC"/>
    <result property="ENTR_NO"
    		column="ENTR_NO"/>
    <result property="FILE_NAME"
    		column="FILE_NAME"/>
    <result property="FLAG"
    		column="FLAG"/>
    <result property="HOST_STAT"
    		column="HOST_STAT"/>
    <result property="LOC_STAT"
    		column="LOC_STAT"/>
  </resultMap>
  <sql id="AllColsT_CHK_SYS">CHK_DATE,ENTR_NO,BUSI_NO,BUSI_IDX_TYPE,AREA_NO,LOC_STAT,HOST_STAT,CUP_STAT,CHK_STAT,CLEAR_STAT,FLAG,CHK_TIMES,FILE_NAME,DAC</sql>
  <sql id="SetAllColsValuesT_CHK_SYS">#{CHK_DATE,jdbcType=VARCHAR},#{ENTR_NO,jdbcType=VARCHAR},#{BUSI_NO,jdbcType=VARCHAR},#{BUSI_IDX_TYPE,jdbcType=VARCHAR},#{AREA_NO,jdbcType=VARCHAR},#{LOC_STAT,jdbcType=VARCHAR},#{HOST_STAT,jdbcType=VARCHAR},#{CUP_STAT,jdbcType=VARCHAR},#{CHK_STAT,jdbcType=VARCHAR},#{CLEAR_STAT,jdbcType=VARCHAR},#{FLAG,jdbcType=VARCHAR},#{CHK_TIMES,jdbcType=INTEGER},#{FILE_NAME,jdbcType=VARCHAR},#{DAC,jdbcType=VARCHAR}</sql>
  <select id="selectListT_CHK_SYS"
  		resultMap="T_CHK_SYSResult">SELECT <include refid="AllColsT_CHK_SYS" /> FROM T_CHK_SYS</select>
  <delete id="deleteT_CHK_SYS">DELETE FROM T_CHK_SYS</delete>
  <insert id="insertT_CHK_SYS"
  		parameterMap="T_CHK_SYSParam">INSERT INTO T_CHK_SYS(<include refid="AllColsT_CHK_SYS" />) VALUES (<include refid="SetAllColsValuesT_CHK_SYS" />)</insert>
  <update id="updateT_CHK_SYS"
  		parameterMap="T_CHK_SYSParam">UPDATE T_CHK_SYS SET CHK_DATE = #{CHK_DATE,jdbcType=VARCHAR}, ENTR_NO = #{ENTR_NO,jdbcType=VARCHAR}, BUSI_NO = #{BUSI_NO,jdbcType=VARCHAR}, BUSI_IDX_TYPE = #{BUSI_IDX_TYPE,jdbcType=VARCHAR}, AREA_NO = #{AREA_NO,jdbcType=VARCHAR}, LOC_STAT = #{LOC_STAT,jdbcType=VARCHAR}, HOST_STAT = #{HOST_STAT,jdbcType=VARCHAR}, CUP_STAT = #{CUP_STAT,jdbcType=VARCHAR}, CHK_STAT = #{CHK_STAT,jdbcType=VARCHAR}, CLEAR_STAT = #{CLEAR_STAT,jdbcType=VARCHAR}, FLAG = #{FLAG,jdbcType=VARCHAR}, CHK_TIMES = #{CHK_TIMES,jdbcType=INTEGER}, FILE_NAME = #{FILE_NAME,jdbcType=VARCHAR}, DAC = #{DAC,jdbcType=VARCHAR}</update>
</mapper>
