<?xml version="1.0" encoding="UTF-8"?>
<!DOCTYPE mapper  PUBLIC "-//ibatis.apache.org//DTD Mapper 3.0//EN" "http://ibatis.apache.org/dtd/ibatis-3-mapper.dtd">

<mapper namespace="T_CHANNEL">
  <parameterMap id="T_CHANNELParam"
  		type="java.util.Map">
    <parameter property="BEG_TIME"
    		javaType="String"
    		mode="IN"
    		jdbcType="VARCHAR"/>
    <parameter property="CHN_NAME"
    		javaType="String"
    		mode="IN"
    		jdbcType="VARCHAR"/>
    <parameter property="CHN_NO"
    		javaType="String"
    		mode="IN"
    		jdbcType="VARCHAR"/>
    <parameter property="CHN_STAT"
    		javaType="String"
    		mode="IN"
    		jdbcType="VARCHAR"/>
    <parameter property="DAC"
    		javaType="String"
    		mode="IN"
    		jdbcType="VARCHAR"/>
    <parameter property="END_TIME"
    		javaType="String"
    		mode="IN"
    		jdbcType="VARCHAR"/>
    <parameter property="MNG_BRCH"
    		javaType="String"
    		mode="IN"
    		jdbcType="VARCHAR"/>
    <parameter property="RATE_CODE"
    		javaType="String"
    		mode="IN"
    		jdbcType="VARCHAR"/>
    <parameter property="VTELLER"
    		javaType="String"
    		mode="IN"
    		jdbcType="VARCHAR"/>
    <parameter property="VTERM"
    		javaType="String"
    		mode="IN"
    		jdbcType="VARCHAR"/>
    <parameter property="__BEGIN_REC"
    		javaType="Integer"
    		mode="IN"
    		jdbcType="INTEGER"/>
    <parameter property="__MAX_REC"
    		javaType="Integer"
    		mode="IN"
    		jdbcType="INTEGER"/>
  </parameterMap>
  <resultMap id="T_CHANNELResult"
  		type="java.util.Map">
    <result property="BEG_TIME"
    		column="BEG_TIME"/>
    <result property="CHN_NAME"
    		column="CHN_NAME"/>
    <result property="CHN_NO"
    		column="CHN_NO"/>
    <result property="CHN_STAT"
    		column="CHN_STAT"/>
    <result property="DAC"
    		column="DAC"/>
    <result property="END_TIME"
    		column="END_TIME"/>
    <result property="MNG_BRCH"
    		column="MNG_BRCH"/>
    <result property="RATE_CODE"
    		column="RATE_CODE"/>
    <result property="VTELLER"
    		column="VTELLER"/>
    <result property="VTERM"
    		column="VTERM"/>
  </resultMap>
  <sql id="AllColsT_CHANNEL">CHN_NO,CHN_NAME,CHN_STAT,MNG_BRCH,VTELLER,VTERM,RATE_CODE,BEG_TIME,END_TIME,DAC</sql>
  <sql id="SetAllColsValuesT_CHANNEL">#{CHN_NO,jdbcType=VARCHAR},#{CHN_NAME,jdbcType=VARCHAR},#{CHN_STAT,jdbcType=VARCHAR},#{MNG_BRCH,jdbcType=VARCHAR},#{VTELLER,jdbcType=VARCHAR},#{VTERM,jdbcType=VARCHAR},#{RATE_CODE,jdbcType=VARCHAR},#{BEG_TIME,jdbcType=VARCHAR},#{END_TIME,jdbcType=VARCHAR},#{DAC,jdbcType=VARCHAR}</sql>
  <select id="selectListT_CHANNEL"
  		resultMap="T_CHANNELResult">SELECT <include refid="AllColsT_CHANNEL" /> FROM T_CHANNEL</select>
  <delete id="deleteT_CHANNEL">DELETE FROM T_CHANNEL</delete>
  <insert id="insertT_CHANNEL"
  		parameterMap="T_CHANNELParam">INSERT INTO T_CHANNEL(<include refid="AllColsT_CHANNEL" />) VALUES (<include refid="SetAllColsValuesT_CHANNEL" />)</insert>
  <update id="updateT_CHANNEL"
  		parameterMap="T_CHANNELParam">UPDATE T_CHANNEL SET CHN_NO = #{CHN_NO,jdbcType=VARCHAR}, CHN_NAME = #{CHN_NAME,jdbcType=VARCHAR}, CHN_STAT = #{CHN_STAT,jdbcType=VARCHAR}, MNG_BRCH = #{MNG_BRCH,jdbcType=VARCHAR}, VTELLER = #{VTELLER,jdbcType=VARCHAR}, VTERM = #{VTERM,jdbcType=VARCHAR}, RATE_CODE = #{RATE_CODE,jdbcType=VARCHAR}, BEG_TIME = #{BEG_TIME,jdbcType=VARCHAR}, END_TIME = #{END_TIME,jdbcType=VARCHAR}, DAC = #{DAC,jdbcType=VARCHAR}</update>
  <select id="selectOneui_t_channel"
  		parameterMap="T_CHANNELParam"
  		resultMap="T_CHANNELResult">SELECT <include refid="AllColsT_CHANNEL" /> FROM T_CHANNEL WHERE CHN_NO=#{CHN_NO,jdbcType=VARCHAR}</select>
  <update id="updateui_t_channel"
  		parameterMap="T_CHANNELParam">UPDATE T_CHANNEL SET CHN_NO = #{CHN_NO,jdbcType=VARCHAR}, CHN_NAME = #{CHN_NAME,jdbcType=VARCHAR}, CHN_STAT = #{CHN_STAT,jdbcType=VARCHAR}, MNG_BRCH = #{MNG_BRCH,jdbcType=VARCHAR}, VTELLER = #{VTELLER,jdbcType=VARCHAR}, VTERM = #{VTERM,jdbcType=VARCHAR}, RATE_CODE = #{RATE_CODE,jdbcType=VARCHAR}, BEG_TIME = #{BEG_TIME,jdbcType=VARCHAR}, END_TIME = #{END_TIME,jdbcType=VARCHAR}, DAC = #{DAC,jdbcType=VARCHAR} WHERE CHN_NO=#{CHN_NO,jdbcType=VARCHAR}</update>
  <insert id="insertui_t_channel"
  		parameterMap="T_CHANNELParam">INSERT INTO T_CHANNEL(<include refid="AllColsT_CHANNEL" />) VALUES (<include refid="SetAllColsValuesT_CHANNEL" />)</insert>
  <delete id="deleteui_t_channel"
  		parameterMap="T_CHANNELParam">DELETE FROM T_CHANNEL WHERE CHN_NO=#{CHN_NO,jdbcType=VARCHAR}</delete>
</mapper>
