<?xml version="1.0" encoding="UTF-8"?>
<!DOCTYPE mapper  PUBLIC "-//ibatis.apache.org//DTD Mapper 3.0//EN" "http://ibatis.apache.org/dtd/ibatis-3-mapper.dtd">

<mapper namespace="T_ENTR">
  <parameterMap id="T_ENTRParam"
  		type="java.util.Map">
    <parameter property="ACCT_TYPE0"
    		javaType="String"
    		mode="IN"
    		jdbcType="VARCHAR"/>
    <parameter property="ACCT_TYPE1"
    		javaType="String"
    		mode="IN"
    		jdbcType="VARCHAR"/>
    <parameter property="ACCT_TYPE2"
    		javaType="String"
    		mode="IN"
    		jdbcType="VARCHAR"/>
    <parameter property="ACCT_TYPE3"
    		javaType="String"
    		mode="IN"
    		jdbcType="VARCHAR"/>
    <parameter property="ACCT_TYPE4"
    		javaType="String"
    		mode="IN"
    		jdbcType="VARCHAR"/>
    <parameter property="ACCT_TYPE5"
    		javaType="String"
    		mode="IN"
    		jdbcType="VARCHAR"/>
    <parameter property="ADDR"
    		javaType="String"
    		mode="IN"
    		jdbcType="VARCHAR"/>
    <parameter property="AREA_NO"
    		javaType="String"
    		mode="IN"
    		jdbcType="VARCHAR"/>
    <parameter property="BAT_NUM"
    		javaType="Integer"
    		mode="IN"
    		jdbcType="INTEGER"/>
    <parameter property="BRCH_NO"
    		javaType="String"
    		mode="IN"
    		jdbcType="VARCHAR"/>
    <parameter property="CHK_MAX"
    		javaType="Integer"
    		mode="IN"
    		jdbcType="INTEGER"/>
    <parameter property="CHK_OK"
    		javaType="String"
    		mode="IN"
    		jdbcType="VARCHAR"/>
    <parameter property="CHK_SEQ"
    		javaType="String"
    		mode="IN"
    		jdbcType="VARCHAR"/>
    <parameter property="CHK_STAT"
    		javaType="String"
    		mode="IN"
    		jdbcType="VARCHAR"/>
    <parameter property="DAC"
    		javaType="String"
    		mode="IN"
    		jdbcType="VARCHAR"/>
    <parameter property="DSCRP_CODE"
    		javaType="String"
    		mode="IN"
    		jdbcType="VARCHAR"/>
    <parameter property="ENTR_DATE"
    		javaType="String"
    		mode="IN"
    		jdbcType="VARCHAR"/>
    <parameter property="ENTR_NAME"
    		javaType="String"
    		mode="IN"
    		jdbcType="VARCHAR"/>
    <parameter property="ENTR_NO"
    		javaType="String"
    		mode="IN"
    		jdbcType="VARCHAR"/>
    <parameter property="ENTR_STAT"
    		javaType="String"
    		mode="IN"
    		jdbcType="VARCHAR"/>
    <parameter property="INPUT_TIME"
    		javaType="String"
    		mode="IN"
    		jdbcType="VARCHAR"/>
    <parameter property="LOGIN_DATE"
    		javaType="String"
    		mode="IN"
    		jdbcType="VARCHAR"/>
    <parameter property="LOGIN_FLAG"
    		javaType="String"
    		mode="IN"
    		jdbcType="VARCHAR"/>
    <parameter property="LOGIN_STAT"
    		javaType="String"
    		mode="IN"
    		jdbcType="VARCHAR"/>
    <parameter property="LOGIN_TIME"
    		javaType="String"
    		mode="IN"
    		jdbcType="VARCHAR"/>
    <parameter property="LOGOUT_DATE"
    		javaType="String"
    		mode="IN"
    		jdbcType="VARCHAR"/>
    <parameter property="LOGOUT_TIME"
    		javaType="String"
    		mode="IN"
    		jdbcType="VARCHAR"/>
    <parameter property="MNG_NAME"
    		javaType="String"
    		mode="IN"
    		jdbcType="VARCHAR"/>
    <parameter property="OTH_CUST_NO"
    		javaType="String"
    		mode="IN"
    		jdbcType="VARCHAR"/>
    <parameter property="POST"
    		javaType="String"
    		mode="IN"
    		jdbcType="VARCHAR"/>
    <parameter property="PRT_NAME"
    		javaType="String"
    		mode="IN"
    		jdbcType="VARCHAR"/>
    <parameter property="RMRK"
    		javaType="String"
    		mode="IN"
    		jdbcType="VARCHAR"/>
    <parameter property="RMRK1"
    		javaType="String"
    		mode="IN"
    		jdbcType="VARCHAR"/>
    <parameter property="SPLIT_TOT"
    		javaType="Integer"
    		mode="IN"
    		jdbcType="INTEGER"/>
    <parameter property="TELE_NO"
    		javaType="String"
    		mode="IN"
    		jdbcType="VARCHAR"/>
    <parameter property="TRAN_MODE"
    		javaType="String"
    		mode="IN"
    		jdbcType="VARCHAR"/>
    <parameter property="__BEGIN_REC"
    		javaType="Integer"
    		mode="IN"
    		jdbcType="INTEGER"/>
    <parameter property="__MAX_REC"
    		javaType="Integer"
    		mode="IN"
    		jdbcType="INTEGER"/>
  </parameterMap>
  <resultMap id="T_ENTRResult"
  		type="java.util.Map">
    <result property="ACCT_TYPE0"
    		column="ACCT_TYPE0"/>
    <result property="ACCT_TYPE1"
    		column="ACCT_TYPE1"/>
    <result property="ACCT_TYPE2"
    		column="ACCT_TYPE2"/>
    <result property="ACCT_TYPE3"
    		column="ACCT_TYPE3"/>
    <result property="ACCT_TYPE4"
    		column="ACCT_TYPE4"/>
    <result property="ACCT_TYPE5"
    		column="ACCT_TYPE5"/>
    <result property="ADDR"
    		column="ADDR"/>
    <result property="AREA_NO"
    		column="AREA_NO"/>
    <result property="BAT_NUM"
    		column="BAT_NUM"/>
    <result property="BRCH_NO"
    		column="BRCH_NO"/>
    <result property="CHK_MAX"
    		column="CHK_MAX"/>
    <result property="CHK_OK"
    		column="CHK_OK"/>
    <result property="CHK_SEQ"
    		column="CHK_SEQ"/>
    <result property="CHK_STAT"
    		column="CHK_STAT"/>
    <result property="DAC"
    		column="DAC"/>
    <result property="DSCRP_CODE"
    		column="DSCRP_CODE"/>
    <result property="ENTR_DATE"
    		column="ENTR_DATE"/>
    <result property="ENTR_NAME"
    		column="ENTR_NAME"/>
    <result property="ENTR_NO"
    		column="ENTR_NO"/>
    <result property="ENTR_STAT"
    		column="ENTR_STAT"/>
    <result property="INPUT_TIME"
    		column="INPUT_TIME"/>
    <result property="LOGIN_DATE"
    		column="LOGIN_DATE"/>
    <result property="LOGIN_FLAG"
    		column="LOGIN_FLAG"/>
    <result property="LOGIN_STAT"
    		column="LOGIN_STAT"/>
    <result property="LOGIN_TIME"
    		column="LOGIN_TIME"/>
    <result property="LOGOUT_DATE"
    		column="LOGOUT_DATE"/>
    <result property="LOGOUT_TIME"
    		column="LOGOUT_TIME"/>
    <result property="MNG_NAME"
    		column="MNG_NAME"/>
    <result property="OTH_CUST_NO"
    		column="OTH_CUST_NO"/>
    <result property="POST"
    		column="POST"/>
    <result property="PRT_NAME"
    		column="PRT_NAME"/>
    <result property="RMRK"
    		column="RMRK"/>
    <result property="RMRK1"
    		column="RMRK1"/>
    <result property="SPLIT_TOT"
    		column="SPLIT_TOT"/>
    <result property="TELE_NO"
    		column="TELE_NO"/>
    <result property="TRAN_MODE"
    		column="TRAN_MODE"/>
  </resultMap>
  <sql id="AllColsT_ENTR">ENTR_NO,ENTR_NAME,PRT_NAME,BRCH_NO,ENTR_STAT,LOGIN_STAT,LOGIN_FLAG,AREA_NO,OTH_CUST_NO,ENTR_DATE,DSCRP_CODE,TRAN_MODE,ACCT_TYPE0,ACCT_TYPE1,ACCT_TYPE2,ACCT_TYPE3,ACCT_TYPE4,ACCT_TYPE5,INPUT_TIME,CHK_MAX,CHK_SEQ,CHK_OK,CHK_STAT,SPLIT_TOT,BAT_NUM,LOGIN_DATE,LOGIN_TIME,LOGOUT_DATE,LOGOUT_TIME,ADDR,POST,MNG_NAME,TELE_NO,RMRK,RMRK1,DAC</sql>
  <sql id="SetAllColsValuesT_ENTR">#{ENTR_NO,jdbcType=VARCHAR},#{ENTR_NAME,jdbcType=VARCHAR},#{PRT_NAME,jdbcType=VARCHAR},#{BRCH_NO,jdbcType=VARCHAR},#{ENTR_STAT,jdbcType=VARCHAR},#{LOGIN_STAT,jdbcType=VARCHAR},#{LOGIN_FLAG,jdbcType=VARCHAR},#{AREA_NO,jdbcType=VARCHAR},#{OTH_CUST_NO,jdbcType=VARCHAR},#{ENTR_DATE,jdbcType=VARCHAR},#{DSCRP_CODE,jdbcType=VARCHAR},#{TRAN_MODE,jdbcType=VARCHAR},#{ACCT_TYPE0,jdbcType=VARCHAR},#{ACCT_TYPE1,jdbcType=VARCHAR},#{ACCT_TYPE2,jdbcType=VARCHAR},#{ACCT_TYPE3,jdbcType=VARCHAR},#{ACCT_TYPE4,jdbcType=VARCHAR},#{ACCT_TYPE5,jdbcType=VARCHAR},#{INPUT_TIME,jdbcType=VARCHAR},#{CHK_MAX,jdbcType=INTEGER},#{CHK_SEQ,jdbcType=VARCHAR},#{CHK_OK,jdbcType=VARCHAR},#{CHK_STAT,jdbcType=VARCHAR},#{SPLIT_TOT,jdbcType=INTEGER},#{BAT_NUM,jdbcType=INTEGER},#{LOGIN_DATE,jdbcType=VARCHAR},#{LOGIN_TIME,jdbcType=VARCHAR},#{LOGOUT_DATE,jdbcType=VARCHAR},#{LOGOUT_TIME,jdbcType=VARCHAR},#{ADDR,jdbcType=VARCHAR},#{POST,jdbcType=VARCHAR},#{MNG_NAME,jdbcType=VARCHAR},#{TELE_NO,jdbcType=VARCHAR},#{RMRK,jdbcType=VARCHAR},#{RMRK1,jdbcType=VARCHAR},#{DAC,jdbcType=VARCHAR}</sql>
  <select id="selectListT_ENTR"
  		resultMap="T_ENTRResult">SELECT <include refid="AllColsT_ENTR" /> FROM T_ENTR</select>
  <delete id="deleteT_ENTR">DELETE FROM T_ENTR</delete>
  <insert id="insertT_ENTR"
  		parameterMap="T_ENTRParam">INSERT INTO T_ENTR(<include refid="AllColsT_ENTR" />) VALUES (<include refid="SetAllColsValuesT_ENTR" />)</insert>
  <update id="updateT_ENTR"
  		parameterMap="T_ENTRParam">UPDATE T_ENTR SET ENTR_NO = #{ENTR_NO,jdbcType=VARCHAR}, ENTR_NAME = #{ENTR_NAME,jdbcType=VARCHAR}, PRT_NAME = #{PRT_NAME,jdbcType=VARCHAR}, BRCH_NO = #{BRCH_NO,jdbcType=VARCHAR}, ENTR_STAT = #{ENTR_STAT,jdbcType=VARCHAR}, LOGIN_STAT = #{LOGIN_STAT,jdbcType=VARCHAR}, LOGIN_FLAG = #{LOGIN_FLAG,jdbcType=VARCHAR}, AREA_NO = #{AREA_NO,jdbcType=VARCHAR}, OTH_CUST_NO = #{OTH_CUST_NO,jdbcType=VARCHAR}, ENTR_DATE = #{ENTR_DATE,jdbcType=VARCHAR}, DSCRP_CODE = #{DSCRP_CODE,jdbcType=VARCHAR}, TRAN_MODE = #{TRAN_MODE,jdbcType=VARCHAR}, ACCT_TYPE0 = #{ACCT_TYPE0,jdbcType=VARCHAR}, ACCT_TYPE1 = #{ACCT_TYPE1,jdbcType=VARCHAR}, ACCT_TYPE2 = #{ACCT_TYPE2,jdbcType=VARCHAR}, ACCT_TYPE3 = #{ACCT_TYPE3,jdbcType=VARCHAR}, ACCT_TYPE4 = #{ACCT_TYPE4,jdbcType=VARCHAR}, ACCT_TYPE5 = #{ACCT_TYPE5,jdbcType=VARCHAR}, INPUT_TIME = #{INPUT_TIME,jdbcType=VARCHAR}, CHK_MAX = #{CHK_MAX,jdbcType=INTEGER}, CHK_SEQ = #{CHK_SEQ,jdbcType=VARCHAR}, CHK_OK = #{CHK_OK,jdbcType=VARCHAR}, CHK_STAT = #{CHK_STAT,jdbcType=VARCHAR}, SPLIT_TOT = #{SPLIT_TOT,jdbcType=INTEGER}, BAT_NUM = #{BAT_NUM,jdbcType=INTEGER}, LOGIN_DATE = #{LOGIN_DATE,jdbcType=VARCHAR}, LOGIN_TIME = #{LOGIN_TIME,jdbcType=VARCHAR}, LOGOUT_DATE = #{LOGOUT_DATE,jdbcType=VARCHAR}, LOGOUT_TIME = #{LOGOUT_TIME,jdbcType=VARCHAR}, ADDR = #{ADDR,jdbcType=VARCHAR}, POST = #{POST,jdbcType=VARCHAR}, MNG_NAME = #{MNG_NAME,jdbcType=VARCHAR}, TELE_NO = #{TELE_NO,jdbcType=VARCHAR}, RMRK = #{RMRK,jdbcType=VARCHAR}, RMRK1 = #{RMRK1,jdbcType=VARCHAR}, DAC = #{DAC,jdbcType=VARCHAR}</update>
  <select id="selectOneui_t_entr"
  		parameterMap="T_ENTRParam"
  		resultMap="T_ENTRResult">SELECT <include refid="AllColsT_ENTR" /> FROM T_ENTR WHERE ENTR_NO=#{ENTR_NO,jdbcType=VARCHAR}</select>
  <update id="updateui_t_entr"
  		parameterMap="T_ENTRParam">UPDATE T_ENTR SET ENTR_NO = #{ENTR_NO,jdbcType=VARCHAR}, ENTR_NAME = #{ENTR_NAME,jdbcType=VARCHAR}, PRT_NAME = #{PRT_NAME,jdbcType=VARCHAR}, BRCH_NO = #{BRCH_NO,jdbcType=VARCHAR}, ENTR_STAT = #{ENTR_STAT,jdbcType=VARCHAR}, LOGIN_STAT = #{LOGIN_STAT,jdbcType=VARCHAR}, LOGIN_FLAG = #{LOGIN_FLAG,jdbcType=VARCHAR}, AREA_NO = #{AREA_NO,jdbcType=VARCHAR}, OTH_CUST_NO = #{OTH_CUST_NO,jdbcType=VARCHAR}, ENTR_DATE = #{ENTR_DATE,jdbcType=VARCHAR}, DSCRP_CODE = #{DSCRP_CODE,jdbcType=VARCHAR}, TRAN_MODE = #{TRAN_MODE,jdbcType=VARCHAR}, ACCT_TYPE0 = #{ACCT_TYPE0,jdbcType=VARCHAR}, ACCT_TYPE1 = #{ACCT_TYPE1,jdbcType=VARCHAR}, ACCT_TYPE2 = #{ACCT_TYPE2,jdbcType=VARCHAR}, ACCT_TYPE3 = #{ACCT_TYPE3,jdbcType=VARCHAR}, ACCT_TYPE4 = #{ACCT_TYPE4,jdbcType=VARCHAR}, ACCT_TYPE5 = #{ACCT_TYPE5,jdbcType=VARCHAR}, INPUT_TIME = #{INPUT_TIME,jdbcType=VARCHAR}, CHK_MAX = #{CHK_MAX,jdbcType=INTEGER}, CHK_SEQ = #{CHK_SEQ,jdbcType=VARCHAR}, CHK_OK = #{CHK_OK,jdbcType=VARCHAR}, CHK_STAT = #{CHK_STAT,jdbcType=VARCHAR}, SPLIT_TOT = #{SPLIT_TOT,jdbcType=INTEGER}, BAT_NUM = #{BAT_NUM,jdbcType=INTEGER}, LOGIN_DATE = #{LOGIN_DATE,jdbcType=VARCHAR}, LOGIN_TIME = #{LOGIN_TIME,jdbcType=VARCHAR}, LOGOUT_DATE = #{LOGOUT_DATE,jdbcType=VARCHAR}, LOGOUT_TIME = #{LOGOUT_TIME,jdbcType=VARCHAR}, ADDR = #{ADDR,jdbcType=VARCHAR}, POST = #{POST,jdbcType=VARCHAR}, MNG_NAME = #{MNG_NAME,jdbcType=VARCHAR}, TELE_NO = #{TELE_NO,jdbcType=VARCHAR}, RMRK = #{RMRK,jdbcType=VARCHAR}, RMRK1 = #{RMRK1,jdbcType=VARCHAR}, DAC = #{DAC,jdbcType=VARCHAR} WHERE ENTR_NO=#{ENTR_NO,jdbcType=VARCHAR}</update>
  <insert id="insertui_t_entr"
  		parameterMap="T_ENTRParam">INSERT INTO T_ENTR(<include refid="AllColsT_ENTR" />) VALUES (<include refid="SetAllColsValuesT_ENTR" />)</insert>
  <delete id="deleteui_t_entr"
  		parameterMap="T_ENTRParam">DELETE FROM T_ENTR WHERE ENTR_NO=#{ENTR_NO,jdbcType=VARCHAR}</delete>
</mapper>
