<?xml version="1.0" encoding="UTF-8"?>
<!DOCTYPE mapper  PUBLIC "-//ibatis.apache.org//DTD Mapper 3.0//EN" "http://ibatis.apache.org/dtd/ibatis-3-mapper.dtd">

<mapper namespace="T_ENTR_BUSI">
  <parameterMap id="T_ENTR_BUSIParam"
  		type="java.util.Map">
    <parameter property="ACCT_FLAG"
    		javaType="String"
    		mode="IN"
    		jdbcType="VARCHAR"/>
    <parameter property="ADM_BRCH_NO"
    		javaType="String"
    		mode="IN"
    		jdbcType="VARCHAR"/>
    <parameter property="AMT_RMRK1"
    		javaType="Double"
    		mode="IN"
    		jdbcType="DECIMAL"/>
    <parameter property="AMT_RMRK2"
    		javaType="Double"
    		mode="IN"
    		jdbcType="DECIMAL"/>
    <parameter property="AMT_RMRK3"
    		javaType="Double"
    		mode="IN"
    		jdbcType="DECIMAL"/>
    <parameter property="AMT_RMRK4"
    		javaType="Double"
    		mode="IN"
    		jdbcType="DECIMAL"/>
    <parameter property="AUTO_ACCT_DATE"
    		javaType="String"
    		mode="IN"
    		jdbcType="VARCHAR"/>
    <parameter property="AUTO_ACCT_FLAG"
    		javaType="String"
    		mode="IN"
    		jdbcType="VARCHAR"/>
    <parameter property="AUTO_ACCT_STAT"
    		javaType="String"
    		mode="IN"
    		jdbcType="VARCHAR"/>
    <parameter property="AUTO_LOGIN"
    		javaType="String"
    		mode="IN"
    		jdbcType="VARCHAR"/>
    <parameter property="BUSI_BRCH_NO"
    		javaType="String"
    		mode="IN"
    		jdbcType="VARCHAR"/>
    <parameter property="BUSI_NAME"
    		javaType="String"
    		mode="IN"
    		jdbcType="VARCHAR"/>
    <parameter property="BUSI_NO"
    		javaType="String"
    		mode="IN"
    		jdbcType="VARCHAR"/>
    <parameter property="BUSI_RMRK1"
    		javaType="String"
    		mode="IN"
    		jdbcType="VARCHAR"/>
    <parameter property="BUSI_RMRK2"
    		javaType="String"
    		mode="IN"
    		jdbcType="VARCHAR"/>
    <parameter property="BUSI_STAT"
    		javaType="String"
    		mode="IN"
    		jdbcType="VARCHAR"/>
    <parameter property="CHK_ACCT_SEQ"
    		javaType="String"
    		mode="IN"
    		jdbcType="VARCHAR"/>
    <parameter property="CHK_SEQ"
    		javaType="String"
    		mode="IN"
    		jdbcType="VARCHAR"/>
    <parameter property="CHK_STAT"
    		javaType="String"
    		mode="IN"
    		jdbcType="VARCHAR"/>
    <parameter property="CRT_PSN"
    		javaType="String"
    		mode="IN"
    		jdbcType="VARCHAR"/>
    <parameter property="CRT_TIME"
    		javaType="String"
    		mode="IN"
    		jdbcType="VARCHAR"/>
    <parameter property="CURR_IDEN"
    		javaType="String"
    		mode="IN"
    		jdbcType="VARCHAR"/>
    <parameter property="CURR_NO"
    		javaType="String"
    		mode="IN"
    		jdbcType="VARCHAR"/>
    <parameter property="DAC"
    		javaType="String"
    		mode="IN"
    		jdbcType="VARCHAR"/>
    <parameter property="END_TIME"
    		javaType="String"
    		mode="IN"
    		jdbcType="VARCHAR"/>
    <parameter property="ENTR_BRCH_NAME"
    		javaType="String"
    		mode="IN"
    		jdbcType="VARCHAR"/>
    <parameter property="ENTR_BRCH_NO"
    		javaType="String"
    		mode="IN"
    		jdbcType="VARCHAR"/>
    <parameter property="ENTR_CHK_PARA1"
    		javaType="String"
    		mode="IN"
    		jdbcType="VARCHAR"/>
    <parameter property="ENTR_CHK_PARA2"
    		javaType="String"
    		mode="IN"
    		jdbcType="VARCHAR"/>
    <parameter property="ENTR_DATE"
    		javaType="String"
    		mode="IN"
    		jdbcType="VARCHAR"/>
    <parameter property="ENTR_NO"
    		javaType="String"
    		mode="IN"
    		jdbcType="VARCHAR"/>
    <parameter property="INTR_FLAG"
    		javaType="String"
    		mode="IN"
    		jdbcType="VARCHAR"/>
    <parameter property="INV_VOUTYPE"
    		javaType="String"
    		mode="IN"
    		jdbcType="VARCHAR"/>
    <parameter property="LOGIN_DTA"
    		javaType="String"
    		mode="IN"
    		jdbcType="VARCHAR"/>
    <parameter property="LOGIN_PLAT_DATE"
    		javaType="String"
    		mode="IN"
    		jdbcType="VARCHAR"/>
    <parameter property="LOGIN_STAT"
    		javaType="String"
    		mode="IN"
    		jdbcType="VARCHAR"/>
    <parameter property="LOGIN_SVC"
    		javaType="String"
    		mode="IN"
    		jdbcType="VARCHAR"/>
    <parameter property="LOGIN_TYPE"
    		javaType="String"
    		mode="IN"
    		jdbcType="VARCHAR"/>
    <parameter property="MAX_AMT"
    		javaType="Double"
    		mode="IN"
    		jdbcType="DECIMAL"/>
    <parameter property="MIN_AMT"
    		javaType="Double"
    		mode="IN"
    		jdbcType="DECIMAL"/>
    <parameter property="MOD_PSN"
    		javaType="String"
    		mode="IN"
    		jdbcType="VARCHAR"/>
    <parameter property="MOD_TIME"
    		javaType="String"
    		mode="IN"
    		jdbcType="VARCHAR"/>
    <parameter property="NUM_RMRK1"
    		javaType="Integer"
    		mode="IN"
    		jdbcType="INTEGER"/>
    <parameter property="NUM_RMRK2"
    		javaType="Integer"
    		mode="IN"
    		jdbcType="INTEGER"/>
    <parameter property="PAYEE_ACCT_NO"
    		javaType="String"
    		mode="IN"
    		jdbcType="VARCHAR"/>
    <parameter property="PAYEE_INTR_ACCT_NO"
    		javaType="String"
    		mode="IN"
    		jdbcType="VARCHAR"/>
    <parameter property="PAY_ACCT_NO"
    		javaType="String"
    		mode="IN"
    		jdbcType="VARCHAR"/>
    <parameter property="PAY_INTR_ACCT_NO"
    		javaType="String"
    		mode="IN"
    		jdbcType="VARCHAR"/>
    <parameter property="PRT_NAME"
    		javaType="String"
    		mode="IN"
    		jdbcType="VARCHAR"/>
    <parameter property="START_TIME"
    		javaType="String"
    		mode="IN"
    		jdbcType="VARCHAR"/>
    <parameter property="__BEGIN_REC"
    		javaType="Integer"
    		mode="IN"
    		jdbcType="INTEGER"/>
    <parameter property="__MAX_REC"
    		javaType="Integer"
    		mode="IN"
    		jdbcType="INTEGER"/>
  </parameterMap>
  <resultMap id="T_ENTR_BUSIResult"
  		type="java.util.Map">
    <result property="ACCT_FLAG"
    		column="ACCT_FLAG"/>
    <result property="ADM_BRCH_NO"
    		column="ADM_BRCH_NO"/>
    <result property="AMT_RMRK1"
    		column="AMT_RMRK1"/>
    <result property="AMT_RMRK2"
    		column="AMT_RMRK2"/>
    <result property="AMT_RMRK3"
    		column="AMT_RMRK3"/>
    <result property="AMT_RMRK4"
    		column="AMT_RMRK4"/>
    <result property="AUTO_ACCT_DATE"
    		column="AUTO_ACCT_DATE"/>
    <result property="AUTO_ACCT_FLAG"
    		column="AUTO_ACCT_FLAG"/>
    <result property="AUTO_ACCT_STAT"
    		column="AUTO_ACCT_STAT"/>
    <result property="AUTO_LOGIN"
    		column="AUTO_LOGIN"/>
    <result property="BUSI_BRCH_NO"
    		column="BUSI_BRCH_NO"/>
    <result property="BUSI_NAME"
    		column="BUSI_NAME"/>
    <result property="BUSI_NO"
    		column="BUSI_NO"/>
    <result property="BUSI_RMRK1"
    		column="BUSI_RMRK1"/>
    <result property="BUSI_RMRK2"
    		column="BUSI_RMRK2"/>
    <result property="BUSI_STAT"
    		column="BUSI_STAT"/>
    <result property="CHK_ACCT_SEQ"
    		column="CHK_ACCT_SEQ"/>
    <result property="CHK_SEQ"
    		column="CHK_SEQ"/>
    <result property="CHK_STAT"
    		column="CHK_STAT"/>
    <result property="CRT_PSN"
    		column="CRT_PSN"/>
    <result property="CRT_TIME"
    		column="CRT_TIME"/>
    <result property="CURR_IDEN"
    		column="CURR_IDEN"/>
    <result property="CURR_NO"
    		column="CURR_NO"/>
    <result property="DAC"
    		column="DAC"/>
    <result property="END_TIME"
    		column="END_TIME"/>
    <result property="ENTR_BRCH_NAME"
    		column="ENTR_BRCH_NAME"/>
    <result property="ENTR_BRCH_NO"
    		column="ENTR_BRCH_NO"/>
    <result property="ENTR_CHK_PARA1"
    		column="ENTR_CHK_PARA1"/>
    <result property="ENTR_CHK_PARA2"
    		column="ENTR_CHK_PARA2"/>
    <result property="ENTR_DATE"
    		column="ENTR_DATE"/>
    <result property="ENTR_NO"
    		column="ENTR_NO"/>
    <result property="INTR_FLAG"
    		column="INTR_FLAG"/>
    <result property="INV_VOUTYPE"
    		column="INV_VOUTYPE"/>
    <result property="LOGIN_DTA"
    		column="LOGIN_DTA"/>
    <result property="LOGIN_PLAT_DATE"
    		column="LOGIN_PLAT_DATE"/>
    <result property="LOGIN_STAT"
    		column="LOGIN_STAT"/>
    <result property="LOGIN_SVC"
    		column="LOGIN_SVC"/>
    <result property="LOGIN_TYPE"
    		column="LOGIN_TYPE"/>
    <result property="MAX_AMT"
    		column="MAX_AMT"/>
    <result property="MIN_AMT"
    		column="MIN_AMT"/>
    <result property="MOD_PSN"
    		column="MOD_PSN"/>
    <result property="MOD_TIME"
    		column="MOD_TIME"/>
    <result property="NUM_RMRK1"
    		column="NUM_RMRK1"/>
    <result property="NUM_RMRK2"
    		column="NUM_RMRK2"/>
    <result property="PAYEE_ACCT_NO"
    		column="PAYEE_ACCT_NO"/>
    <result property="PAYEE_INTR_ACCT_NO"
    		column="PAYEE_INTR_ACCT_NO"/>
    <result property="PAY_ACCT_NO"
    		column="PAY_ACCT_NO"/>
    <result property="PAY_INTR_ACCT_NO"
    		column="PAY_INTR_ACCT_NO"/>
    <result property="PRT_NAME"
    		column="PRT_NAME"/>
    <result property="START_TIME"
    		column="START_TIME"/>
  </resultMap>
  <sql id="AllColsT_ENTR_BUSI">ENTR_NO,ENTR_BRCH_NO,ENTR_BRCH_NAME,BUSI_NO,BUSI_NAME,PRT_NAME,BUSI_BRCH_NO,ADM_BRCH_NO,CHK_ACCT_SEQ,INV_VOUTYPE,BUSI_STAT,LOGIN_STAT,LOGIN_PLAT_DATE,AUTO_LOGIN,LOGIN_TYPE,LOGIN_DTA,LOGIN_SVC,ENTR_DATE,ENTR_CHK_PARA1,ENTR_CHK_PARA2,ACCT_FLAG,CURR_NO,CURR_IDEN,START_TIME,END_TIME,MIN_AMT,MAX_AMT,PAY_ACCT_NO,PAY_INTR_ACCT_NO,PAYEE_ACCT_NO,PAYEE_INTR_ACCT_NO,INTR_FLAG,AUTO_ACCT_FLAG,AUTO_ACCT_STAT,AUTO_ACCT_DATE,CHK_SEQ,CHK_STAT,CRT_PSN,CRT_TIME,MOD_PSN,MOD_TIME,BUSI_RMRK1,BUSI_RMRK2,AMT_RMRK1,AMT_RMRK2,AMT_RMRK3,AMT_RMRK4,NUM_RMRK1,NUM_RMRK2,DAC</sql>
  <sql id="SetAllColsValuesT_ENTR_BUSI">#{ENTR_NO,jdbcType=VARCHAR},#{ENTR_BRCH_NO,jdbcType=VARCHAR},#{ENTR_BRCH_NAME,jdbcType=VARCHAR},#{BUSI_NO,jdbcType=VARCHAR},#{BUSI_NAME,jdbcType=VARCHAR},#{PRT_NAME,jdbcType=VARCHAR},#{BUSI_BRCH_NO,jdbcType=VARCHAR},#{ADM_BRCH_NO,jdbcType=VARCHAR},#{CHK_ACCT_SEQ,jdbcType=VARCHAR},#{INV_VOUTYPE,jdbcType=VARCHAR},#{BUSI_STAT,jdbcType=VARCHAR},#{LOGIN_STAT,jdbcType=VARCHAR},#{LOGIN_PLAT_DATE,jdbcType=VARCHAR},#{AUTO_LOGIN,jdbcType=VARCHAR},#{LOGIN_TYPE,jdbcType=VARCHAR},#{LOGIN_DTA,jdbcType=VARCHAR},#{LOGIN_SVC,jdbcType=VARCHAR},#{ENTR_DATE,jdbcType=VARCHAR},#{ENTR_CHK_PARA1,jdbcType=VARCHAR},#{ENTR_CHK_PARA2,jdbcType=VARCHAR},#{ACCT_FLAG,jdbcType=VARCHAR},#{CURR_NO,jdbcType=VARCHAR},#{CURR_IDEN,jdbcType=VARCHAR},#{START_TIME,jdbcType=VARCHAR},#{END_TIME,jdbcType=VARCHAR},#{MIN_AMT,jdbcType=DECIMAL},#{MAX_AMT,jdbcType=DECIMAL},#{PAY_ACCT_NO,jdbcType=VARCHAR},#{PAY_INTR_ACCT_NO,jdbcType=VARCHAR},#{PAYEE_ACCT_NO,jdbcType=VARCHAR},#{PAYEE_INTR_ACCT_NO,jdbcType=VARCHAR},#{INTR_FLAG,jdbcType=VARCHAR},#{AUTO_ACCT_FLAG,jdbcType=VARCHAR},#{AUTO_ACCT_STAT,jdbcType=VARCHAR},#{AUTO_ACCT_DATE,jdbcType=VARCHAR},#{CHK_SEQ,jdbcType=VARCHAR},#{CHK_STAT,jdbcType=VARCHAR},#{CRT_PSN,jdbcType=VARCHAR},#{CRT_TIME,jdbcType=VARCHAR},#{MOD_PSN,jdbcType=VARCHAR},#{MOD_TIME,jdbcType=VARCHAR},#{BUSI_RMRK1,jdbcType=VARCHAR},#{BUSI_RMRK2,jdbcType=VARCHAR},#{AMT_RMRK1,jdbcType=DECIMAL},#{AMT_RMRK2,jdbcType=DECIMAL},#{AMT_RMRK3,jdbcType=DECIMAL},#{AMT_RMRK4,jdbcType=DECIMAL},#{NUM_RMRK1,jdbcType=INTEGER},#{NUM_RMRK2,jdbcType=INTEGER},#{DAC,jdbcType=VARCHAR}</sql>
  <select id="selectListT_ENTR_BUSI"
  		resultMap="T_ENTR_BUSIResult">SELECT <include refid="AllColsT_ENTR_BUSI" /> FROM T_ENTR_BUSI</select>
  <delete id="deleteT_ENTR_BUSI">DELETE FROM T_ENTR_BUSI</delete>
  <insert id="insertT_ENTR_BUSI"
  		parameterMap="T_ENTR_BUSIParam">INSERT INTO T_ENTR_BUSI(<include refid="AllColsT_ENTR_BUSI" />) VALUES (<include refid="SetAllColsValuesT_ENTR_BUSI" />)</insert>
  <update id="updateT_ENTR_BUSI"
  		parameterMap="T_ENTR_BUSIParam">UPDATE T_ENTR_BUSI SET ENTR_NO = #{ENTR_NO,jdbcType=VARCHAR}, ENTR_BRCH_NO = #{ENTR_BRCH_NO,jdbcType=VARCHAR}, ENTR_BRCH_NAME = #{ENTR_BRCH_NAME,jdbcType=VARCHAR}, BUSI_NO = #{BUSI_NO,jdbcType=VARCHAR}, BUSI_NAME = #{BUSI_NAME,jdbcType=VARCHAR}, PRT_NAME = #{PRT_NAME,jdbcType=VARCHAR}, BUSI_BRCH_NO = #{BUSI_BRCH_NO,jdbcType=VARCHAR}, ADM_BRCH_NO = #{ADM_BRCH_NO,jdbcType=VARCHAR}, CHK_ACCT_SEQ = #{CHK_ACCT_SEQ,jdbcType=VARCHAR}, INV_VOUTYPE = #{INV_VOUTYPE,jdbcType=VARCHAR}, BUSI_STAT = #{BUSI_STAT,jdbcType=VARCHAR}, LOGIN_STAT = #{LOGIN_STAT,jdbcType=VARCHAR}, LOGIN_PLAT_DATE = #{LOGIN_PLAT_DATE,jdbcType=VARCHAR}, AUTO_LOGIN = #{AUTO_LOGIN,jdbcType=VARCHAR}, LOGIN_TYPE = #{LOGIN_TYPE,jdbcType=VARCHAR}, LOGIN_DTA = #{LOGIN_DTA,jdbcType=VARCHAR}, LOGIN_SVC = #{LOGIN_SVC,jdbcType=VARCHAR}, ENTR_DATE = #{ENTR_DATE,jdbcType=VARCHAR}, ENTR_CHK_PARA1 = #{ENTR_CHK_PARA1,jdbcType=VARCHAR}, ENTR_CHK_PARA2 = #{ENTR_CHK_PARA2,jdbcType=VARCHAR}, ACCT_FLAG = #{ACCT_FLAG,jdbcType=VARCHAR}, CURR_NO = #{CURR_NO,jdbcType=VARCHAR}, CURR_IDEN = #{CURR_IDEN,jdbcType=VARCHAR}, START_TIME = #{START_TIME,jdbcType=VARCHAR}, END_TIME = #{END_TIME,jdbcType=VARCHAR}, MIN_AMT = #{MIN_AMT,jdbcType=DECIMAL}, MAX_AMT = #{MAX_AMT,jdbcType=DECIMAL}, PAY_ACCT_NO = #{PAY_ACCT_NO,jdbcType=VARCHAR}, PAY_INTR_ACCT_NO = #{PAY_INTR_ACCT_NO,jdbcType=VARCHAR}, PAYEE_ACCT_NO = #{PAYEE_ACCT_NO,jdbcType=VARCHAR}, PAYEE_INTR_ACCT_NO = #{PAYEE_INTR_ACCT_NO,jdbcType=VARCHAR}, INTR_FLAG = #{INTR_FLAG,jdbcType=VARCHAR}, AUTO_ACCT_FLAG = #{AUTO_ACCT_FLAG,jdbcType=VARCHAR}, AUTO_ACCT_STAT = #{AUTO_ACCT_STAT,jdbcType=VARCHAR}, AUTO_ACCT_DATE = #{AUTO_ACCT_DATE,jdbcType=VARCHAR}, CHK_SEQ = #{CHK_SEQ,jdbcType=VARCHAR}, CHK_STAT = #{CHK_STAT,jdbcType=VARCHAR}, CRT_PSN = #{CRT_PSN,jdbcType=VARCHAR}, CRT_TIME = #{CRT_TIME,jdbcType=VARCHAR}, MOD_PSN = #{MOD_PSN,jdbcType=VARCHAR}, MOD_TIME = #{MOD_TIME,jdbcType=VARCHAR}, BUSI_RMRK1 = #{BUSI_RMRK1,jdbcType=VARCHAR}, BUSI_RMRK2 = #{BUSI_RMRK2,jdbcType=VARCHAR}, AMT_RMRK1 = #{AMT_RMRK1,jdbcType=DECIMAL}, AMT_RMRK2 = #{AMT_RMRK2,jdbcType=DECIMAL}, AMT_RMRK3 = #{AMT_RMRK3,jdbcType=DECIMAL}, AMT_RMRK4 = #{AMT_RMRK4,jdbcType=DECIMAL}, NUM_RMRK1 = #{NUM_RMRK1,jdbcType=INTEGER}, NUM_RMRK2 = #{NUM_RMRK2,jdbcType=INTEGER}, DAC = #{DAC,jdbcType=VARCHAR}</update>
  <select id="selectOneui_t_entr_busi"
  		parameterMap="T_ENTR_BUSIParam"
  		resultMap="T_ENTR_BUSIResult">SELECT <include refid="AllColsT_ENTR_BUSI" /> FROM T_ENTR_BUSI WHERE ENTR_NO=#{ENTR_NO,jdbcType=VARCHAR} and ENTR_BRCH_NO=#{ENTR_BRCH_NO,jdbcType=VARCHAR} and ENTR_BRCH_NAME=#{ENTR_BRCH_NAME,jdbcType=VARCHAR} and BUSI_NO=#{BUSI_NO,jdbcType=VARCHAR}</select>
  <update id="updateui_t_entr_busi"
  		parameterMap="T_ENTR_BUSIParam">UPDATE T_ENTR_BUSI SET ENTR_NO = #{ENTR_NO,jdbcType=VARCHAR}, ENTR_BRCH_NO = #{ENTR_BRCH_NO,jdbcType=VARCHAR}, ENTR_BRCH_NAME = #{ENTR_BRCH_NAME,jdbcType=VARCHAR}, BUSI_NO = #{BUSI_NO,jdbcType=VARCHAR}, BUSI_NAME = #{BUSI_NAME,jdbcType=VARCHAR}, PRT_NAME = #{PRT_NAME,jdbcType=VARCHAR}, BUSI_BRCH_NO = #{BUSI_BRCH_NO,jdbcType=VARCHAR}, ADM_BRCH_NO = #{ADM_BRCH_NO,jdbcType=VARCHAR}, CHK_ACCT_SEQ = #{CHK_ACCT_SEQ,jdbcType=VARCHAR}, INV_VOUTYPE = #{INV_VOUTYPE,jdbcType=VARCHAR}, BUSI_STAT = #{BUSI_STAT,jdbcType=VARCHAR}, LOGIN_STAT = #{LOGIN_STAT,jdbcType=VARCHAR}, LOGIN_PLAT_DATE = #{LOGIN_PLAT_DATE,jdbcType=VARCHAR}, AUTO_LOGIN = #{AUTO_LOGIN,jdbcType=VARCHAR}, LOGIN_TYPE = #{LOGIN_TYPE,jdbcType=VARCHAR}, LOGIN_DTA = #{LOGIN_DTA,jdbcType=VARCHAR}, LOGIN_SVC = #{LOGIN_SVC,jdbcType=VARCHAR}, ENTR_DATE = #{ENTR_DATE,jdbcType=VARCHAR}, ENTR_CHK_PARA1 = #{ENTR_CHK_PARA1,jdbcType=VARCHAR}, ENTR_CHK_PARA2 = #{ENTR_CHK_PARA2,jdbcType=VARCHAR}, ACCT_FLAG = #{ACCT_FLAG,jdbcType=VARCHAR}, CURR_NO = #{CURR_NO,jdbcType=VARCHAR}, CURR_IDEN = #{CURR_IDEN,jdbcType=VARCHAR}, START_TIME = #{START_TIME,jdbcType=VARCHAR}, END_TIME = #{END_TIME,jdbcType=VARCHAR}, MIN_AMT = #{MIN_AMT,jdbcType=DECIMAL}, MAX_AMT = #{MAX_AMT,jdbcType=DECIMAL}, PAY_ACCT_NO = #{PAY_ACCT_NO,jdbcType=VARCHAR}, PAY_INTR_ACCT_NO = #{PAY_INTR_ACCT_NO,jdbcType=VARCHAR}, PAYEE_ACCT_NO = #{PAYEE_ACCT_NO,jdbcType=VARCHAR}, PAYEE_INTR_ACCT_NO = #{PAYEE_INTR_ACCT_NO,jdbcType=VARCHAR}, INTR_FLAG = #{INTR_FLAG,jdbcType=VARCHAR}, AUTO_ACCT_FLAG = #{AUTO_ACCT_FLAG,jdbcType=VARCHAR}, AUTO_ACCT_STAT = #{AUTO_ACCT_STAT,jdbcType=VARCHAR}, AUTO_ACCT_DATE = #{AUTO_ACCT_DATE,jdbcType=VARCHAR}, CHK_SEQ = #{CHK_SEQ,jdbcType=VARCHAR}, CHK_STAT = #{CHK_STAT,jdbcType=VARCHAR}, CRT_PSN = #{CRT_PSN,jdbcType=VARCHAR}, CRT_TIME = #{CRT_TIME,jdbcType=VARCHAR}, MOD_PSN = #{MOD_PSN,jdbcType=VARCHAR}, MOD_TIME = #{MOD_TIME,jdbcType=VARCHAR}, BUSI_RMRK1 = #{BUSI_RMRK1,jdbcType=VARCHAR}, BUSI_RMRK2 = #{BUSI_RMRK2,jdbcType=VARCHAR}, AMT_RMRK1 = #{AMT_RMRK1,jdbcType=DECIMAL}, AMT_RMRK2 = #{AMT_RMRK2,jdbcType=DECIMAL}, AMT_RMRK3 = #{AMT_RMRK3,jdbcType=DECIMAL}, AMT_RMRK4 = #{AMT_RMRK4,jdbcType=DECIMAL}, NUM_RMRK1 = #{NUM_RMRK1,jdbcType=INTEGER}, NUM_RMRK2 = #{NUM_RMRK2,jdbcType=INTEGER}, DAC = #{DAC,jdbcType=VARCHAR} WHERE ENTR_NO=#{ENTR_NO,jdbcType=VARCHAR} and ENTR_BRCH_NO=#{ENTR_BRCH_NO,jdbcType=VARCHAR} and ENTR_BRCH_NAME=#{ENTR_BRCH_NAME,jdbcType=VARCHAR} and BUSI_NO=#{BUSI_NO,jdbcType=VARCHAR}</update>
  <insert id="insertui_t_entr_busi"
  		parameterMap="T_ENTR_BUSIParam">INSERT INTO T_ENTR_BUSI(<include refid="AllColsT_ENTR_BUSI" />) VALUES (<include refid="SetAllColsValuesT_ENTR_BUSI" />)</insert>
  <delete id="deleteui_t_entr_busi"
  		parameterMap="T_ENTR_BUSIParam">DELETE FROM T_ENTR_BUSI WHERE ENTR_NO=#{ENTR_NO,jdbcType=VARCHAR} and ENTR_BRCH_NO=#{ENTR_BRCH_NO,jdbcType=VARCHAR} and ENTR_BRCH_NAME=#{ENTR_BRCH_NAME,jdbcType=VARCHAR} and BUSI_NO=#{BUSI_NO,jdbcType=VARCHAR}</delete>
</mapper>
