<?xml version="1.0" encoding="UTF-8"?>
<!DOCTYPE mapper  PUBLIC "-//ibatis.apache.org//DTD Mapper 3.0//EN" "http://ibatis.apache.org/dtd/ibatis-3-mapper.dtd">

<mapper namespace="T_END_STEP">
  <parameterMap id="T_END_STEPParam"
  		type="java.util.Map">
    <parameter property="BAT_FLAG"
    		javaType="String"
    		mode="IN"
    		jdbcType="VARCHAR"/>
    <parameter property="BAT_NAME"
    		javaType="String"
    		mode="IN"
    		jdbcType="VARCHAR"/>
    <parameter property="BAT_NO"
    		javaType="Integer"
    		mode="IN"
    		jdbcType="INTEGER"/>
    <parameter property="BAT_STAT"
    		javaType="String"
    		mode="IN"
    		jdbcType="VARCHAR"/>
    <parameter property="BEG_DATE"
    		javaType="String"
    		mode="IN"
    		jdbcType="VARCHAR"/>
    <parameter property="BEG_TIME"
    		javaType="String"
    		mode="IN"
    		jdbcType="VARCHAR"/>
    <parameter property="DAC"
    		javaType="String"
    		mode="IN"
    		jdbcType="VARCHAR"/>
    <parameter property="DTA_NAME"
    		javaType="String"
    		mode="IN"
    		jdbcType="VARCHAR"/>
    <parameter property="END_DATE"
    		javaType="String"
    		mode="IN"
    		jdbcType="VARCHAR"/>
    <parameter property="END_TIME"
    		javaType="String"
    		mode="IN"
    		jdbcType="VARCHAR"/>
    <parameter property="ERR_MSG"
    		javaType="String"
    		mode="IN"
    		jdbcType="VARCHAR"/>
    <parameter property="SVC_NAME"
    		javaType="String"
    		mode="IN"
    		jdbcType="VARCHAR"/>
    <parameter property="__BEGIN_REC"
    		javaType="Integer"
    		mode="IN"
    		jdbcType="INTEGER"/>
    <parameter property="__MAX_REC"
    		javaType="Integer"
    		mode="IN"
    		jdbcType="INTEGER"/>
  </parameterMap>
  <resultMap id="T_END_STEPResult"
  		type="java.util.Map">
    <result property="BAT_FLAG"
    		column="BAT_FLAG"/>
    <result property="BAT_NAME"
    		column="BAT_NAME"/>
    <result property="BAT_NO"
    		column="BAT_NO"/>
    <result property="BAT_STAT"
    		column="BAT_STAT"/>
    <result property="BEG_DATE"
    		column="BEG_DATE"/>
    <result property="BEG_TIME"
    		column="BEG_TIME"/>
    <result property="DAC"
    		column="DAC"/>
    <result property="DTA_NAME"
    		column="DTA_NAME"/>
    <result property="END_DATE"
    		column="END_DATE"/>
    <result property="END_TIME"
    		column="END_TIME"/>
    <result property="ERR_MSG"
    		column="ERR_MSG"/>
    <result property="SVC_NAME"
    		column="SVC_NAME"/>
  </resultMap>
  <sql id="AllColsT_END_STEP">BAT_NO,BAT_NAME,BAT_STAT,ERR_MSG,DTA_NAME,SVC_NAME,BEG_DATE,BEG_TIME,END_DATE,END_TIME,BAT_FLAG,DAC</sql>
  <sql id="SetAllColsValuesT_END_STEP">#{BAT_NO,jdbcType=INTEGER},#{BAT_NAME,jdbcType=VARCHAR},#{BAT_STAT,jdbcType=VARCHAR},#{ERR_MSG,jdbcType=VARCHAR},#{DTA_NAME,jdbcType=VARCHAR},#{SVC_NAME,jdbcType=VARCHAR},#{BEG_DATE,jdbcType=VARCHAR},#{BEG_TIME,jdbcType=VARCHAR},#{END_DATE,jdbcType=VARCHAR},#{END_TIME,jdbcType=VARCHAR},#{BAT_FLAG,jdbcType=VARCHAR},#{DAC,jdbcType=VARCHAR}</sql>
  <select id="selectListT_END_STEP"
  		resultMap="T_END_STEPResult">SELECT <include refid="AllColsT_END_STEP" /> FROM T_END_STEP</select>
  <delete id="deleteT_END_STEP">DELETE FROM T_END_STEP</delete>
  <insert id="insertT_END_STEP"
  		parameterMap="T_END_STEPParam">INSERT INTO T_END_STEP(<include refid="AllColsT_END_STEP" />) VALUES (<include refid="SetAllColsValuesT_END_STEP" />)</insert>
  <update id="updateT_END_STEP"
  		parameterMap="T_END_STEPParam">UPDATE T_END_STEP SET BAT_NO = #{BAT_NO,jdbcType=INTEGER}, BAT_NAME = #{BAT_NAME,jdbcType=VARCHAR}, BAT_STAT = #{BAT_STAT,jdbcType=VARCHAR}, ERR_MSG = #{ERR_MSG,jdbcType=VARCHAR}, DTA_NAME = #{DTA_NAME,jdbcType=VARCHAR}, SVC_NAME = #{SVC_NAME,jdbcType=VARCHAR}, BEG_DATE = #{BEG_DATE,jdbcType=VARCHAR}, BEG_TIME = #{BEG_TIME,jdbcType=VARCHAR}, END_DATE = #{END_DATE,jdbcType=VARCHAR}, END_TIME = #{END_TIME,jdbcType=VARCHAR}, BAT_FLAG = #{BAT_FLAG,jdbcType=VARCHAR}, DAC = #{DAC,jdbcType=VARCHAR}</update>
  <select id="selectOneui_t_end_step"
  		parameterMap="T_END_STEPParam"
  		resultMap="T_END_STEPResult">SELECT <include refid="AllColsT_END_STEP" /> FROM T_END_STEP WHERE BAT_NO=#{BAT_NO,jdbcType=INTEGER}</select>
  <update id="updateui_t_end_step"
  		parameterMap="T_END_STEPParam">UPDATE T_END_STEP SET BAT_NO = #{BAT_NO,jdbcType=INTEGER}, BAT_NAME = #{BAT_NAME,jdbcType=VARCHAR}, BAT_STAT = #{BAT_STAT,jdbcType=VARCHAR}, ERR_MSG = #{ERR_MSG,jdbcType=VARCHAR}, DTA_NAME = #{DTA_NAME,jdbcType=VARCHAR}, SVC_NAME = #{SVC_NAME,jdbcType=VARCHAR}, BEG_DATE = #{BEG_DATE,jdbcType=VARCHAR}, BEG_TIME = #{BEG_TIME,jdbcType=VARCHAR}, END_DATE = #{END_DATE,jdbcType=VARCHAR}, END_TIME = #{END_TIME,jdbcType=VARCHAR}, BAT_FLAG = #{BAT_FLAG,jdbcType=VARCHAR}, DAC = #{DAC,jdbcType=VARCHAR} WHERE BAT_NO=#{BAT_NO,jdbcType=INTEGER}</update>
  <insert id="insertui_t_end_step"
  		parameterMap="T_END_STEPParam">INSERT INTO T_END_STEP(<include refid="AllColsT_END_STEP" />) VALUES (<include refid="SetAllColsValuesT_END_STEP" />)</insert>
  <delete id="deleteui_t_end_step"
  		parameterMap="T_END_STEPParam">DELETE FROM T_END_STEP WHERE BAT_NO=#{BAT_NO,jdbcType=INTEGER}</delete>
</mapper>
