<?xml version="1.0" encoding="UTF-8"?>
<!DOCTYPE mapper  PUBLIC "-//ibatis.apache.org//DTD Mapper 3.0//EN" "http://ibatis.apache.org/dtd/ibatis-3-mapper.dtd">

<mapper namespace="T_NCP_RES_DET">
  <parameterMap id="T_NCP_RES_DETParam"
  		type="java.util.Map">
    <parameter property="AMT1"
    		javaType="Double"
    		mode="IN"
    		jdbcType="DOUBLE"/>
    <parameter property="AMT2"
    		javaType="Double"
    		mode="IN"
    		jdbcType="DOUBLE"/>
    <parameter property="BUSI_TYPE"
    		javaType="String"
    		mode="IN"
    		jdbcType="VARCHAR"/>
    <parameter property="CLEAR_DATE"
    		javaType="String"
    		mode="IN"
    		jdbcType="VARCHAR"/>
    <parameter property="FILE_TYPE"
    		javaType="String"
    		mode="IN"
    		jdbcType="VARCHAR"/>
    <parameter property="INST_ACCT_NO"
    		javaType="String"
    		mode="IN"
    		jdbcType="VARCHAR"/>
    <parameter property="INST_BRCH"
    		javaType="String"
    		mode="IN"
    		jdbcType="VARCHAR"/>
    <parameter property="OTH_SEQ"
    		javaType="String"
    		mode="IN"
    		jdbcType="VARCHAR"/>
    <parameter property="PAYEE_ACCT_NO"
    		javaType="String"
    		mode="IN"
    		jdbcType="VARCHAR"/>
    <parameter property="PAYEE_ACCT_TYPE"
    		javaType="String"
    		mode="IN"
    		jdbcType="VARCHAR"/>
    <parameter property="PAYEE_BRCH"
    		javaType="String"
    		mode="IN"
    		jdbcType="VARCHAR"/>
    <parameter property="PAY_ACCT_NO"
    		javaType="String"
    		mode="IN"
    		jdbcType="VARCHAR"/>
    <parameter property="PAY_ACCT_TYPE"
    		javaType="String"
    		mode="IN"
    		jdbcType="VARCHAR"/>
    <parameter property="PAY_BRCH"
    		javaType="String"
    		mode="IN"
    		jdbcType="VARCHAR"/>
    <parameter property="RMRK"
    		javaType="String"
    		mode="IN"
    		jdbcType="VARCHAR"/>
    <parameter property="RMRK1"
    		javaType="String"
    		mode="IN"
    		jdbcType="VARCHAR"/>
    <parameter property="RMRK2"
    		javaType="String"
    		mode="IN"
    		jdbcType="VARCHAR"/>
    <parameter property="TX_AMT"
    		javaType="Double"
    		mode="IN"
    		jdbcType="DOUBLE"/>
    <parameter property="__BEGIN_REC"
    		javaType="Integer"
    		mode="IN"
    		jdbcType="INTEGER"/>
    <parameter property="__MAX_REC"
    		javaType="Integer"
    		mode="IN"
    		jdbcType="INTEGER"/>
  </parameterMap>
  <resultMap id="T_NCP_RES_DETResult"
  		type="java.util.Map">
    <result property="AMT1"
    		column="AMT1"/>
    <result property="AMT2"
    		column="AMT2"/>
    <result property="BUSI_TYPE"
    		column="BUSI_TYPE"/>
    <result property="CLEAR_DATE"
    		column="CLEAR_DATE"/>
    <result property="FILE_TYPE"
    		column="FILE_TYPE"/>
    <result property="INST_ACCT_NO"
    		column="INST_ACCT_NO"/>
    <result property="INST_BRCH"
    		column="INST_BRCH"/>
    <result property="OTH_SEQ"
    		column="OTH_SEQ"/>
    <result property="PAYEE_ACCT_NO"
    		column="PAYEE_ACCT_NO"/>
    <result property="PAYEE_ACCT_TYPE"
    		column="PAYEE_ACCT_TYPE"/>
    <result property="PAYEE_BRCH"
    		column="PAYEE_BRCH"/>
    <result property="PAY_ACCT_NO"
    		column="PAY_ACCT_NO"/>
    <result property="PAY_ACCT_TYPE"
    		column="PAY_ACCT_TYPE"/>
    <result property="PAY_BRCH"
    		column="PAY_BRCH"/>
    <result property="RMRK"
    		column="RMRK"/>
    <result property="RMRK1"
    		column="RMRK1"/>
    <result property="RMRK2"
    		column="RMRK2"/>
    <result property="TX_AMT"
    		column="TX_AMT"/>
  </resultMap>
  <sql id="AllColsT_NCP_RES_DET">CLEAR_DATE,FILE_TYPE,OTH_SEQ,TX_AMT,BUSI_TYPE,INST_BRCH,INST_ACCT_NO,PAY_BRCH,PAY_ACCT_TYPE,PAY_ACCT_NO,PAYEE_BRCH,PAYEE_ACCT_TYPE,PAYEE_ACCT_NO,AMT1,AMT2,RMRK,RMRK1,RMRK2</sql>
  <sql id="SetAllColsValuesT_NCP_RES_DET">#{CLEAR_DATE,jdbcType=VARCHAR},#{FILE_TYPE,jdbcType=VARCHAR},#{OTH_SEQ,jdbcType=VARCHAR},#{TX_AMT,jdbcType=DOUBLE},#{BUSI_TYPE,jdbcType=VARCHAR},#{INST_BRCH,jdbcType=VARCHAR},#{INST_ACCT_NO,jdbcType=VARCHAR},#{PAY_BRCH,jdbcType=VARCHAR},#{PAY_ACCT_TYPE,jdbcType=VARCHAR},#{PAY_ACCT_NO,jdbcType=VARCHAR},#{PAYEE_BRCH,jdbcType=VARCHAR},#{PAYEE_ACCT_TYPE,jdbcType=VARCHAR},#{PAYEE_ACCT_NO,jdbcType=VARCHAR},#{AMT1,jdbcType=DOUBLE},#{AMT2,jdbcType=DOUBLE},#{RMRK,jdbcType=VARCHAR},#{RMRK1,jdbcType=VARCHAR},#{RMRK2,jdbcType=VARCHAR}</sql>
  <select id="selectListT_NCP_RES_DET"
  		resultMap="T_NCP_RES_DETResult">SELECT <include refid="AllColsT_NCP_RES_DET" /> FROM T_NCP_RES_DET</select>
  <delete id="deleteT_NCP_RES_DET">DELETE FROM T_NCP_RES_DET</delete>
  <insert id="insertT_NCP_RES_DET"
  		parameterMap="T_NCP_RES_DETParam">INSERT INTO T_NCP_RES_DET(<include refid="AllColsT_NCP_RES_DET" />) VALUES (<include refid="SetAllColsValuesT_NCP_RES_DET" />)</insert>
  <update id="updateT_NCP_RES_DET"
  		parameterMap="T_NCP_RES_DETParam">UPDATE T_NCP_RES_DET SET CLEAR_DATE = #{CLEAR_DATE,jdbcType=VARCHAR}, FILE_TYPE = #{FILE_TYPE,jdbcType=VARCHAR}, OTH_SEQ = #{OTH_SEQ,jdbcType=VARCHAR}, TX_AMT = #{TX_AMT,jdbcType=DOUBLE}, BUSI_TYPE = #{BUSI_TYPE,jdbcType=VARCHAR}, INST_BRCH = #{INST_BRCH,jdbcType=VARCHAR}, INST_ACCT_NO = #{INST_ACCT_NO,jdbcType=VARCHAR}, PAY_BRCH = #{PAY_BRCH,jdbcType=VARCHAR}, PAY_ACCT_TYPE = #{PAY_ACCT_TYPE,jdbcType=VARCHAR}, PAY_ACCT_NO = #{PAY_ACCT_NO,jdbcType=VARCHAR}, PAYEE_BRCH = #{PAYEE_BRCH,jdbcType=VARCHAR}, PAYEE_ACCT_TYPE = #{PAYEE_ACCT_TYPE,jdbcType=VARCHAR}, PAYEE_ACCT_NO = #{PAYEE_ACCT_NO,jdbcType=VARCHAR}, AMT1 = #{AMT1,jdbcType=DOUBLE}, AMT2 = #{AMT2,jdbcType=DOUBLE}, RMRK = #{RMRK,jdbcType=VARCHAR}, RMRK1 = #{RMRK1,jdbcType=VARCHAR}, RMRK2 = #{RMRK2,jdbcType=VARCHAR}</update>
</mapper>
