<?xml version="1.0" encoding="UTF-8"?>
<!DOCTYPE mapper  PUBLIC "-//ibatis.apache.org//DTD Mapper 3.0//EN" "http://ibatis.apache.org/dtd/ibatis-3-mapper.dtd">

<mapper namespace="T_NCP_SETT_TOT">
  <parameterMap id="T_NCP_SETT_TOTParam"
  		type="java.util.Map">
    <parameter property="AC_IN_FEE"
    		javaType="Double"
    		mode="IN"
    		jdbcType="DOUBLE"/>
    <parameter property="AC_OUT_FEE"
    		javaType="Double"
    		mode="IN"
    		jdbcType="DOUBLE"/>
    <parameter property="AMT1"
    		javaType="Double"
    		mode="IN"
    		jdbcType="DOUBLE"/>
    <parameter property="AMT2"
    		javaType="Double"
    		mode="IN"
    		jdbcType="DOUBLE"/>
    <parameter property="BRAND_FEE"
    		javaType="Double"
    		mode="IN"
    		jdbcType="DOUBLE"/>
    <parameter property="CHARGE_FEE"
    		javaType="Double"
    		mode="IN"
    		jdbcType="DOUBLE"/>
    <parameter property="CLEAR_DATE"
    		javaType="String"
    		mode="IN"
    		jdbcType="VARCHAR"/>
    <parameter property="ERR_FEE"
    		javaType="Double"
    		mode="IN"
    		jdbcType="DOUBLE"/>
    <parameter property="IN_FEE"
    		javaType="Double"
    		mode="IN"
    		jdbcType="DOUBLE"/>
    <parameter property="IS_IN_FEE"
    		javaType="Double"
    		mode="IN"
    		jdbcType="DOUBLE"/>
    <parameter property="IS_OUT_FEE"
    		javaType="Double"
    		mode="IN"
    		jdbcType="DOUBLE"/>
    <parameter property="OUT_FEE"
    		javaType="Double"
    		mode="IN"
    		jdbcType="DOUBLE"/>
    <parameter property="PAYEE_NUM"
    		javaType="Integer"
    		mode="IN"
    		jdbcType="INTEGER"/>
    <parameter property="PAY_NUM"
    		javaType="Integer"
    		mode="IN"
    		jdbcType="INTEGER"/>
    <parameter property="RMRK"
    		javaType="String"
    		mode="IN"
    		jdbcType="VARCHAR"/>
    <parameter property="RMRK1"
    		javaType="String"
    		mode="IN"
    		jdbcType="VARCHAR"/>
    <parameter property="RMRK2"
    		javaType="String"
    		mode="IN"
    		jdbcType="VARCHAR"/>
    <parameter property="__BEGIN_REC"
    		javaType="Integer"
    		mode="IN"
    		jdbcType="INTEGER"/>
    <parameter property="__MAX_REC"
    		javaType="Integer"
    		mode="IN"
    		jdbcType="INTEGER"/>
  </parameterMap>
  <resultMap id="T_NCP_SETT_TOTResult"
  		type="java.util.Map">
    <result property="AC_IN_FEE"
    		column="AC_IN_FEE"/>
    <result property="AC_OUT_FEE"
    		column="AC_OUT_FEE"/>
    <result property="AMT1"
    		column="AMT1"/>
    <result property="AMT2"
    		column="AMT2"/>
    <result property="BRAND_FEE"
    		column="BRAND_FEE"/>
    <result property="CHARGE_FEE"
    		column="CHARGE_FEE"/>
    <result property="CLEAR_DATE"
    		column="CLEAR_DATE"/>
    <result property="ERR_FEE"
    		column="ERR_FEE"/>
    <result property="IN_FEE"
    		column="IN_FEE"/>
    <result property="IS_IN_FEE"
    		column="IS_IN_FEE"/>
    <result property="IS_OUT_FEE"
    		column="IS_OUT_FEE"/>
    <result property="OUT_FEE"
    		column="OUT_FEE"/>
    <result property="PAYEE_NUM"
    		column="PAYEE_NUM"/>
    <result property="PAY_NUM"
    		column="PAY_NUM"/>
    <result property="RMRK"
    		column="RMRK"/>
    <result property="RMRK1"
    		column="RMRK1"/>
    <result property="RMRK2"
    		column="RMRK2"/>
  </resultMap>
  <sql id="AllColsT_NCP_SETT_TOT">CLEAR_DATE,PAY_NUM,OUT_FEE,AC_OUT_FEE,IS_OUT_FEE,PAYEE_NUM,IN_FEE,AC_IN_FEE,IS_IN_FEE,CHARGE_FEE,BRAND_FEE,ERR_FEE,AMT1,AMT2,RMRK,RMRK1,RMRK2</sql>
  <sql id="SetAllColsValuesT_NCP_SETT_TOT">#{CLEAR_DATE,jdbcType=VARCHAR},#{PAY_NUM,jdbcType=INTEGER},#{OUT_FEE,jdbcType=DOUBLE},#{AC_OUT_FEE,jdbcType=DOUBLE},#{IS_OUT_FEE,jdbcType=DOUBLE},#{PAYEE_NUM,jdbcType=INTEGER},#{IN_FEE,jdbcType=DOUBLE},#{AC_IN_FEE,jdbcType=DOUBLE},#{IS_IN_FEE,jdbcType=DOUBLE},#{CHARGE_FEE,jdbcType=DOUBLE},#{BRAND_FEE,jdbcType=DOUBLE},#{ERR_FEE,jdbcType=DOUBLE},#{AMT1,jdbcType=DOUBLE},#{AMT2,jdbcType=DOUBLE},#{RMRK,jdbcType=VARCHAR},#{RMRK1,jdbcType=VARCHAR},#{RMRK2,jdbcType=VARCHAR}</sql>
  <select id="selectListT_NCP_SETT_TOT"
  		resultMap="T_NCP_SETT_TOTResult">SELECT <include refid="AllColsT_NCP_SETT_TOT" /> FROM T_NCP_SETT_TOT</select>
  <delete id="deleteT_NCP_SETT_TOT">DELETE FROM T_NCP_SETT_TOT</delete>
  <insert id="insertT_NCP_SETT_TOT"
  		parameterMap="T_NCP_SETT_TOTParam">INSERT INTO T_NCP_SETT_TOT(<include refid="AllColsT_NCP_SETT_TOT" />) VALUES (<include refid="SetAllColsValuesT_NCP_SETT_TOT" />)</insert>
  <update id="updateT_NCP_SETT_TOT"
  		parameterMap="T_NCP_SETT_TOTParam">UPDATE T_NCP_SETT_TOT SET CLEAR_DATE = #{CLEAR_DATE,jdbcType=VARCHAR}, PAY_NUM = #{PAY_NUM,jdbcType=INTEGER}, OUT_FEE = #{OUT_FEE,jdbcType=DOUBLE}, AC_OUT_FEE = #{AC_OUT_FEE,jdbcType=DOUBLE}, IS_OUT_FEE = #{IS_OUT_FEE,jdbcType=DOUBLE}, PAYEE_NUM = #{PAYEE_NUM,jdbcType=INTEGER}, IN_FEE = #{IN_FEE,jdbcType=DOUBLE}, AC_IN_FEE = #{AC_IN_FEE,jdbcType=DOUBLE}, IS_IN_FEE = #{IS_IN_FEE,jdbcType=DOUBLE}, CHARGE_FEE = #{CHARGE_FEE,jdbcType=DOUBLE}, BRAND_FEE = #{BRAND_FEE,jdbcType=DOUBLE}, ERR_FEE = #{ERR_FEE,jdbcType=DOUBLE}, AMT1 = #{AMT1,jdbcType=DOUBLE}, AMT2 = #{AMT2,jdbcType=DOUBLE}, RMRK = #{RMRK,jdbcType=VARCHAR}, RMRK1 = #{RMRK1,jdbcType=VARCHAR}, RMRK2 = #{RMRK2,jdbcType=VARCHAR}</update>
</mapper>
