<?xml version="1.0" encoding="UTF-8"?>
<!DOCTYPE mapper  PUBLIC "-//ibatis.apache.org//DTD Mapper 3.0//EN" "http://ibatis.apache.org/dtd/ibatis-3-mapper.dtd">

<mapper namespace="T_NCP_BOOK_EXT">
  <parameterMap id="T_NCP_BOOK_EXTParam"
  		type="java.util.Map">
    <parameter property="AMT1"
    		javaType="Double"
    		mode="IN"
    		jdbcType="DOUBLE"/>
    <parameter property="AMT2"
    		javaType="Double"
    		mode="IN"
    		jdbcType="DOUBLE"/>
    <parameter property="CHNL_BRCH"
    		javaType="String"
    		mode="IN"
    		jdbcType="VARCHAR"/>
    <parameter property="CITY_CODE"
    		javaType="String"
    		mode="IN"
    		jdbcType="VARCHAR"/>
    <parameter property="DEV_DES"
    		javaType="String"
    		mode="IN"
    		jdbcType="VARCHAR"/>
    <parameter property="DEV_LANG"
    		javaType="String"
    		mode="IN"
    		jdbcType="VARCHAR"/>
    <parameter property="DEV_NO"
    		javaType="String"
    		mode="IN"
    		jdbcType="VARCHAR"/>
    <parameter property="EMAIL"
    		javaType="String"
    		mode="IN"
    		jdbcType="VARCHAR"/>
    <parameter property="ENTR_ACCT_NAME"
    		javaType="String"
    		mode="IN"
    		jdbcType="VARCHAR"/>
    <parameter property="GOOD_TYPE"
    		javaType="String"
    		mode="IN"
    		jdbcType="VARCHAR"/>
    <parameter property="GPS"
    		javaType="String"
    		mode="IN"
    		jdbcType="VARCHAR"/>
    <parameter property="INST_ACCT_NAME"
    		javaType="String"
    		mode="IN"
    		jdbcType="VARCHAR"/>
    <parameter property="INST_ACCT_NO"
    		javaType="String"
    		mode="IN"
    		jdbcType="VARCHAR"/>
    <parameter property="INST_BRCH"
    		javaType="String"
    		mode="IN"
    		jdbcType="VARCHAR"/>
    <parameter property="IP"
    		javaType="String"
    		mode="IN"
    		jdbcType="VARCHAR"/>
    <parameter property="MAC"
    		javaType="String"
    		mode="IN"
    		jdbcType="VARCHAR"/>
    <parameter property="MRCHNT_NAME"
    		javaType="String"
    		mode="IN"
    		jdbcType="VARCHAR"/>
    <parameter property="MRCHNT_NO"
    		javaType="String"
    		mode="IN"
    		jdbcType="VARCHAR"/>
    <parameter property="MRCHNT_TYPE"
    		javaType="String"
    		mode="IN"
    		jdbcType="VARCHAR"/>
    <parameter property="ORDER_DESC"
    		javaType="String"
    		mode="IN"
    		jdbcType="VARCHAR"/>
    <parameter property="PAY_ACCT_INFO"
    		javaType="String"
    		mode="IN"
    		jdbcType="VARCHAR"/>
    <parameter property="PLAT_DATE"
    		javaType="String"
    		mode="IN"
    		jdbcType="VARCHAR"/>
    <parameter property="PRODUCT_DESC"
    		javaType="String"
    		mode="IN"
    		jdbcType="VARCHAR"/>
    <parameter property="PRO_CODE"
    		javaType="String"
    		mode="IN"
    		jdbcType="VARCHAR"/>
    <parameter property="REASON"
    		javaType="String"
    		mode="IN"
    		jdbcType="VARCHAR"/>
    <parameter property="REG_DATE"
    		javaType="String"
    		mode="IN"
    		jdbcType="VARCHAR"/>
    <parameter property="RGST_NO"
    		javaType="String"
    		mode="IN"
    		jdbcType="VARCHAR"/>
    <parameter property="RISK"
    		javaType="String"
    		mode="IN"
    		jdbcType="VARCHAR"/>
    <parameter property="RMRK"
    		javaType="String"
    		mode="IN"
    		jdbcType="VARCHAR"/>
    <parameter property="RMRK1"
    		javaType="String"
    		mode="IN"
    		jdbcType="VARCHAR"/>
    <parameter property="RMRK2"
    		javaType="String"
    		mode="IN"
    		jdbcType="VARCHAR"/>
    <parameter property="SEQ_NO"
    		javaType="Integer"
    		mode="IN"
    		jdbcType="INTEGER"/>
    <parameter property="SIM_NO"
    		javaType="String"
    		mode="IN"
    		jdbcType="VARCHAR"/>
    <parameter property="SIM_NUM"
    		javaType="Integer"
    		mode="IN"
    		jdbcType="INTEGER"/>
    <parameter property="SND_ACCT_NO"
    		javaType="String"
    		mode="IN"
    		jdbcType="VARCHAR"/>
    <parameter property="SUBMRCHNT_NAME"
    		javaType="String"
    		mode="IN"
    		jdbcType="VARCHAR"/>
    <parameter property="SUBMRCHNT_NO"
    		javaType="String"
    		mode="IN"
    		jdbcType="VARCHAR"/>
    <parameter property="SUBMRCHNT_TYPE"
    		javaType="String"
    		mode="IN"
    		jdbcType="VARCHAR"/>
    <parameter property="TX_CODE"
    		javaType="String"
    		mode="IN"
    		jdbcType="VARCHAR"/>
    <parameter property="USER_ID"
    		javaType="String"
    		mode="IN"
    		jdbcType="VARCHAR"/>
    <parameter property="__BEGIN_REC"
    		javaType="Integer"
    		mode="IN"
    		jdbcType="INTEGER"/>
    <parameter property="__MAX_REC"
    		javaType="Integer"
    		mode="IN"
    		jdbcType="INTEGER"/>
  </parameterMap>
  <resultMap id="T_NCP_BOOK_EXTResult"
  		type="java.util.Map">
    <result property="AMT1"
    		column="AMT1"/>
    <result property="AMT2"
    		column="AMT2"/>
    <result property="CHNL_BRCH"
    		column="CHNL_BRCH"/>
    <result property="CITY_CODE"
    		column="CITY_CODE"/>
    <result property="DEV_DES"
    		column="DEV_DES"/>
    <result property="DEV_LANG"
    		column="DEV_LANG"/>
    <result property="DEV_NO"
    		column="DEV_NO"/>
    <result property="EMAIL"
    		column="EMAIL"/>
    <result property="ENTR_ACCT_NAME"
    		column="ENTR_ACCT_NAME"/>
    <result property="GOOD_TYPE"
    		column="GOOD_TYPE"/>
    <result property="GPS"
    		column="GPS"/>
    <result property="INST_ACCT_NAME"
    		column="INST_ACCT_NAME"/>
    <result property="INST_ACCT_NO"
    		column="INST_ACCT_NO"/>
    <result property="INST_BRCH"
    		column="INST_BRCH"/>
    <result property="IP"
    		column="IP"/>
    <result property="MAC"
    		column="MAC"/>
    <result property="MRCHNT_NAME"
    		column="MRCHNT_NAME"/>
    <result property="MRCHNT_NO"
    		column="MRCHNT_NO"/>
    <result property="MRCHNT_TYPE"
    		column="MRCHNT_TYPE"/>
    <result property="ORDER_DESC"
    		column="ORDER_DESC"/>
    <result property="PAY_ACCT_INFO"
    		column="PAY_ACCT_INFO"/>
    <result property="PLAT_DATE"
    		column="PLAT_DATE"/>
    <result property="PRODUCT_DESC"
    		column="PRODUCT_DESC"/>
    <result property="PRO_CODE"
    		column="PRO_CODE"/>
    <result property="REASON"
    		column="REASON"/>
    <result property="REG_DATE"
    		column="REG_DATE"/>
    <result property="RGST_NO"
    		column="RGST_NO"/>
    <result property="RISK"
    		column="RISK"/>
    <result property="RMRK"
    		column="RMRK"/>
    <result property="RMRK1"
    		column="RMRK1"/>
    <result property="RMRK2"
    		column="RMRK2"/>
    <result property="SEQ_NO"
    		column="SEQ_NO"/>
    <result property="SIM_NO"
    		column="SIM_NO"/>
    <result property="SIM_NUM"
    		column="SIM_NUM"/>
    <result property="SND_ACCT_NO"
    		column="SND_ACCT_NO"/>
    <result property="SUBMRCHNT_NAME"
    		column="SUBMRCHNT_NAME"/>
    <result property="SUBMRCHNT_NO"
    		column="SUBMRCHNT_NO"/>
    <result property="SUBMRCHNT_TYPE"
    		column="SUBMRCHNT_TYPE"/>
    <result property="TX_CODE"
    		column="TX_CODE"/>
    <result property="USER_ID"
    		column="USER_ID"/>
  </resultMap>
  <sql id="AllColsT_NCP_BOOK_EXT">PLAT_DATE,SEQ_NO,TX_CODE,MRCHNT_NO,MRCHNT_TYPE,MRCHNT_NAME,SUBMRCHNT_NO,SUBMRCHNT_TYPE,SUBMRCHNT_NAME,INST_BRCH,INST_ACCT_NO,INST_ACCT_NAME,DEV_DES,DEV_LANG,IP,MAC,DEV_NO,GPS,SIM_NO,SIM_NUM,USER_ID,RISK,REASON,REG_DATE,EMAIL,PRO_CODE,CITY_CODE,GOOD_TYPE,CHNL_BRCH,ENTR_ACCT_NAME,RGST_NO,SND_ACCT_NO,PAY_ACCT_INFO,PRODUCT_DESC,ORDER_DESC,AMT1,AMT2,RMRK,RMRK1,RMRK2</sql>
  <sql id="SetAllColsValuesT_NCP_BOOK_EXT">#{PLAT_DATE,jdbcType=VARCHAR},#{SEQ_NO,jdbcType=INTEGER},#{TX_CODE,jdbcType=VARCHAR},#{MRCHNT_NO,jdbcType=VARCHAR},#{MRCHNT_TYPE,jdbcType=VARCHAR},#{MRCHNT_NAME,jdbcType=VARCHAR},#{SUBMRCHNT_NO,jdbcType=VARCHAR},#{SUBMRCHNT_TYPE,jdbcType=VARCHAR},#{SUBMRCHNT_NAME,jdbcType=VARCHAR},#{INST_BRCH,jdbcType=VARCHAR},#{INST_ACCT_NO,jdbcType=VARCHAR},#{INST_ACCT_NAME,jdbcType=VARCHAR},#{DEV_DES,jdbcType=VARCHAR},#{DEV_LANG,jdbcType=VARCHAR},#{IP,jdbcType=VARCHAR},#{MAC,jdbcType=VARCHAR},#{DEV_NO,jdbcType=VARCHAR},#{GPS,jdbcType=VARCHAR},#{SIM_NO,jdbcType=VARCHAR},#{SIM_NUM,jdbcType=INTEGER},#{USER_ID,jdbcType=VARCHAR},#{RISK,jdbcType=VARCHAR},#{REASON,jdbcType=VARCHAR},#{REG_DATE,jdbcType=VARCHAR},#{EMAIL,jdbcType=VARCHAR},#{PRO_CODE,jdbcType=VARCHAR},#{CITY_CODE,jdbcType=VARCHAR},#{GOOD_TYPE,jdbcType=VARCHAR},#{CHNL_BRCH,jdbcType=VARCHAR},#{ENTR_ACCT_NAME,jdbcType=VARCHAR},#{RGST_NO,jdbcType=VARCHAR},#{SND_ACCT_NO,jdbcType=VARCHAR},#{PAY_ACCT_INFO,jdbcType=VARCHAR},#{PRODUCT_DESC,jdbcType=VARCHAR},#{ORDER_DESC,jdbcType=VARCHAR},#{AMT1,jdbcType=DOUBLE},#{AMT2,jdbcType=DOUBLE},#{RMRK,jdbcType=VARCHAR},#{RMRK1,jdbcType=VARCHAR},#{RMRK2,jdbcType=VARCHAR}</sql>
  <select id="selectListT_NCP_BOOK_EXT"
  		resultMap="T_NCP_BOOK_EXTResult">SELECT <include refid="AllColsT_NCP_BOOK_EXT" /> FROM T_NCP_BOOK_EXT</select>
  <delete id="deleteT_NCP_BOOK_EXT">DELETE FROM T_NCP_BOOK_EXT</delete>
  <insert id="insertT_NCP_BOOK_EXT"
  		parameterMap="T_NCP_BOOK_EXTParam">INSERT INTO T_NCP_BOOK_EXT(<include refid="AllColsT_NCP_BOOK_EXT" />) VALUES (<include refid="SetAllColsValuesT_NCP_BOOK_EXT" />)</insert>
  <update id="updateT_NCP_BOOK_EXT"
  		parameterMap="T_NCP_BOOK_EXTParam">UPDATE T_NCP_BOOK_EXT SET PLAT_DATE = #{PLAT_DATE,jdbcType=VARCHAR}, SEQ_NO = #{SEQ_NO,jdbcType=INTEGER}, TX_CODE = #{TX_CODE,jdbcType=VARCHAR}, MRCHNT_NO = #{MRCHNT_NO,jdbcType=VARCHAR}, MRCHNT_TYPE = #{MRCHNT_TYPE,jdbcType=VARCHAR}, MRCHNT_NAME = #{MRCHNT_NAME,jdbcType=VARCHAR}, SUBMRCHNT_NO = #{SUBMRCHNT_NO,jdbcType=VARCHAR}, SUBMRCHNT_TYPE = #{SUBMRCHNT_TYPE,jdbcType=VARCHAR}, SUBMRCHNT_NAME = #{SUBMRCHNT_NAME,jdbcType=VARCHAR}, INST_BRCH = #{INST_BRCH,jdbcType=VARCHAR}, INST_ACCT_NO = #{INST_ACCT_NO,jdbcType=VARCHAR}, INST_ACCT_NAME = #{INST_ACCT_NAME,jdbcType=VARCHAR}, DEV_DES = #{DEV_DES,jdbcType=VARCHAR}, DEV_LANG = #{DEV_LANG,jdbcType=VARCHAR}, IP = #{IP,jdbcType=VARCHAR}, MAC = #{MAC,jdbcType=VARCHAR}, DEV_NO = #{DEV_NO,jdbcType=VARCHAR}, GPS = #{GPS,jdbcType=VARCHAR}, SIM_NO = #{SIM_NO,jdbcType=VARCHAR}, SIM_NUM = #{SIM_NUM,jdbcType=INTEGER}, USER_ID = #{USER_ID,jdbcType=VARCHAR}, RISK = #{RISK,jdbcType=VARCHAR}, REASON = #{REASON,jdbcType=VARCHAR}, REG_DATE = #{REG_DATE,jdbcType=VARCHAR}, EMAIL = #{EMAIL,jdbcType=VARCHAR}, PRO_CODE = #{PRO_CODE,jdbcType=VARCHAR}, CITY_CODE = #{CITY_CODE,jdbcType=VARCHAR}, GOOD_TYPE = #{GOOD_TYPE,jdbcType=VARCHAR}, CHNL_BRCH = #{CHNL_BRCH,jdbcType=VARCHAR}, ENTR_ACCT_NAME = #{ENTR_ACCT_NAME,jdbcType=VARCHAR}, RGST_NO = #{RGST_NO,jdbcType=VARCHAR}, SND_ACCT_NO = #{SND_ACCT_NO,jdbcType=VARCHAR}, PAY_ACCT_INFO = #{PAY_ACCT_INFO,jdbcType=VARCHAR}, PRODUCT_DESC = #{PRODUCT_DESC,jdbcType=VARCHAR}, ORDER_DESC = #{ORDER_DESC,jdbcType=VARCHAR}, AMT1 = #{AMT1,jdbcType=DOUBLE}, AMT2 = #{AMT2,jdbcType=DOUBLE}, RMRK = #{RMRK,jdbcType=VARCHAR}, RMRK1 = #{RMRK1,jdbcType=VARCHAR}, RMRK2 = #{RMRK2,jdbcType=VARCHAR}</update>
  <select id="selectOneui_t_ncp_book_ext"
  		parameterMap="T_NCP_BOOK_EXTParam"
  		resultMap="T_NCP_BOOK_EXTResult">SELECT <include refid="AllColsT_NCP_BOOK_EXT" /> FROM T_NCP_BOOK_EXT WHERE PLAT_DATE=#{PLAT_DATE,jdbcType=VARCHAR} and SEQ_NO=#{SEQ_NO,jdbcType=INTEGER}</select>
  <update id="updateui_t_ncp_book_ext"
  		parameterMap="T_NCP_BOOK_EXTParam">UPDATE T_NCP_BOOK_EXT SET PLAT_DATE = #{PLAT_DATE,jdbcType=VARCHAR}, SEQ_NO = #{SEQ_NO,jdbcType=INTEGER}, TX_CODE = #{TX_CODE,jdbcType=VARCHAR}, MRCHNT_NO = #{MRCHNT_NO,jdbcType=VARCHAR}, MRCHNT_TYPE = #{MRCHNT_TYPE,jdbcType=VARCHAR}, MRCHNT_NAME = #{MRCHNT_NAME,jdbcType=VARCHAR}, SUBMRCHNT_NO = #{SUBMRCHNT_NO,jdbcType=VARCHAR}, SUBMRCHNT_TYPE = #{SUBMRCHNT_TYPE,jdbcType=VARCHAR}, SUBMRCHNT_NAME = #{SUBMRCHNT_NAME,jdbcType=VARCHAR}, INST_BRCH = #{INST_BRCH,jdbcType=VARCHAR}, INST_ACCT_NO = #{INST_ACCT_NO,jdbcType=VARCHAR}, INST_ACCT_NAME = #{INST_ACCT_NAME,jdbcType=VARCHAR}, DEV_DES = #{DEV_DES,jdbcType=VARCHAR}, DEV_LANG = #{DEV_LANG,jdbcType=VARCHAR}, IP = #{IP,jdbcType=VARCHAR}, MAC = #{MAC,jdbcType=VARCHAR}, DEV_NO = #{DEV_NO,jdbcType=VARCHAR}, GPS = #{GPS,jdbcType=VARCHAR}, SIM_NO = #{SIM_NO,jdbcType=VARCHAR}, SIM_NUM = #{SIM_NUM,jdbcType=INTEGER}, USER_ID = #{USER_ID,jdbcType=VARCHAR}, RISK = #{RISK,jdbcType=VARCHAR}, REASON = #{REASON,jdbcType=VARCHAR}, REG_DATE = #{REG_DATE,jdbcType=VARCHAR}, EMAIL = #{EMAIL,jdbcType=VARCHAR}, PRO_CODE = #{PRO_CODE,jdbcType=VARCHAR}, CITY_CODE = #{CITY_CODE,jdbcType=VARCHAR}, GOOD_TYPE = #{GOOD_TYPE,jdbcType=VARCHAR}, CHNL_BRCH = #{CHNL_BRCH,jdbcType=VARCHAR}, ENTR_ACCT_NAME = #{ENTR_ACCT_NAME,jdbcType=VARCHAR}, RGST_NO = #{RGST_NO,jdbcType=VARCHAR}, SND_ACCT_NO = #{SND_ACCT_NO,jdbcType=VARCHAR}, PAY_ACCT_INFO = #{PAY_ACCT_INFO,jdbcType=VARCHAR}, PRODUCT_DESC = #{PRODUCT_DESC,jdbcType=VARCHAR}, ORDER_DESC = #{ORDER_DESC,jdbcType=VARCHAR}, AMT1 = #{AMT1,jdbcType=DOUBLE}, AMT2 = #{AMT2,jdbcType=DOUBLE}, RMRK = #{RMRK,jdbcType=VARCHAR}, RMRK1 = #{RMRK1,jdbcType=VARCHAR}, RMRK2 = #{RMRK2,jdbcType=VARCHAR} WHERE PLAT_DATE=#{PLAT_DATE,jdbcType=VARCHAR} and SEQ_NO=#{SEQ_NO,jdbcType=INTEGER}</update>
  <insert id="insertui_t_ncp_book_ext"
  		parameterMap="T_NCP_BOOK_EXTParam">INSERT INTO T_NCP_BOOK_EXT(<include refid="AllColsT_NCP_BOOK_EXT" />) VALUES (<include refid="SetAllColsValuesT_NCP_BOOK_EXT" />)</insert>
  <delete id="deleteui_t_ncp_book_ext"
  		parameterMap="T_NCP_BOOK_EXTParam">DELETE FROM T_NCP_BOOK_EXT WHERE PLAT_DATE=#{PLAT_DATE,jdbcType=VARCHAR} and SEQ_NO=#{SEQ_NO,jdbcType=INTEGER}</delete>
</mapper>
