<?xml version="1.0" encoding="UTF-8"?>
<!DOCTYPE mapper  PUBLIC "-//ibatis.apache.org//DTD Mapper 3.0//EN" "http://ibatis.apache.org/dtd/ibatis-3-mapper.dtd">

<mapper namespace="T_NCP_WAIT_SND">
  <parameterMap id="T_NCP_WAIT_SNDParam"
  		type="java.util.Map">
    <parameter property="DATA"
    		javaType="String"
    		mode="IN"
    		jdbcType="VARCHAR"/>
    <parameter property="DTA_NAME"
    		javaType="String"
    		mode="IN"
    		jdbcType="VARCHAR"/>
    <parameter property="PLAT_DATE"
    		javaType="String"
    		mode="IN"
    		jdbcType="VARCHAR"/>
    <parameter property="REASON"
    		javaType="String"
    		mode="IN"
    		jdbcType="VARCHAR"/>
    <parameter property="RET_CODE"
    		javaType="String"
    		mode="IN"
    		jdbcType="VARCHAR"/>
    <parameter property="RET_MSG"
    		javaType="String"
    		mode="IN"
    		jdbcType="VARCHAR"/>
    <parameter property="RMRK"
    		javaType="String"
    		mode="IN"
    		jdbcType="VARCHAR"/>
    <parameter property="RMRK1"
    		javaType="String"
    		mode="IN"
    		jdbcType="VARCHAR"/>
    <parameter property="RMRK2"
    		javaType="String"
    		mode="IN"
    		jdbcType="VARCHAR"/>
    <parameter property="SEQ_NO"
    		javaType="Integer"
    		mode="IN"
    		jdbcType="INTEGER"/>
    <parameter property="SND_DATE"
    		javaType="String"
    		mode="IN"
    		jdbcType="VARCHAR"/>
    <parameter property="SND_TIMES"
    		javaType="Integer"
    		mode="IN"
    		jdbcType="INTEGER"/>
    <parameter property="STAT"
    		javaType="String"
    		mode="IN"
    		jdbcType="VARCHAR"/>
    <parameter property="SVC_NAME"
    		javaType="String"
    		mode="IN"
    		jdbcType="VARCHAR"/>
    <parameter property="TX_TYPE"
    		javaType="String"
    		mode="IN"
    		jdbcType="VARCHAR"/>
    <parameter property="__BEGIN_REC"
    		javaType="Integer"
    		mode="IN"
    		jdbcType="INTEGER"/>
    <parameter property="__MAX_REC"
    		javaType="Integer"
    		mode="IN"
    		jdbcType="INTEGER"/>
  </parameterMap>
  <resultMap id="T_NCP_WAIT_SNDResult"
  		type="java.util.Map">
    <result property="DATA"
    		column="DATA"/>
    <result property="DTA_NAME"
    		column="DTA_NAME"/>
    <result property="PLAT_DATE"
    		column="PLAT_DATE"/>
    <result property="REASON"
    		column="REASON"/>
    <result property="RET_CODE"
    		column="RET_CODE"/>
    <result property="RET_MSG"
    		column="RET_MSG"/>
    <result property="RMRK"
    		column="RMRK"/>
    <result property="RMRK1"
    		column="RMRK1"/>
    <result property="RMRK2"
    		column="RMRK2"/>
    <result property="SEQ_NO"
    		column="SEQ_NO"/>
    <result property="SND_DATE"
    		column="SND_DATE"/>
    <result property="SND_TIMES"
    		column="SND_TIMES"/>
    <result property="STAT"
    		column="STAT"/>
    <result property="SVC_NAME"
    		column="SVC_NAME"/>
    <result property="TX_TYPE"
    		column="TX_TYPE"/>
  </resultMap>
  <sql id="AllColsT_NCP_WAIT_SND">PLAT_DATE,SEQ_NO,DTA_NAME,SVC_NAME,TX_TYPE,STAT,DATA,SND_DATE,SND_TIMES,RET_CODE,RET_MSG,REASON,RMRK,RMRK1,RMRK2</sql>
  <sql id="SetAllColsValuesT_NCP_WAIT_SND">#{PLAT_DATE,jdbcType=VARCHAR},#{SEQ_NO,jdbcType=INTEGER},#{DTA_NAME,jdbcType=VARCHAR},#{SVC_NAME,jdbcType=VARCHAR},#{TX_TYPE,jdbcType=VARCHAR},#{STAT,jdbcType=VARCHAR},#{DATA,jdbcType=VARCHAR},#{SND_DATE,jdbcType=VARCHAR},#{SND_TIMES,jdbcType=INTEGER},#{RET_CODE,jdbcType=VARCHAR},#{RET_MSG,jdbcType=VARCHAR},#{REASON,jdbcType=VARCHAR},#{RMRK,jdbcType=VARCHAR},#{RMRK1,jdbcType=VARCHAR},#{RMRK2,jdbcType=VARCHAR}</sql>
  <select id="selectListT_NCP_WAIT_SND"
  		resultMap="T_NCP_WAIT_SNDResult">SELECT <include refid="AllColsT_NCP_WAIT_SND" /> FROM T_NCP_WAIT_SND</select>
  <delete id="deleteT_NCP_WAIT_SND">DELETE FROM T_NCP_WAIT_SND</delete>
  <insert id="insertT_NCP_WAIT_SND"
  		parameterMap="T_NCP_WAIT_SNDParam">INSERT INTO T_NCP_WAIT_SND(<include refid="AllColsT_NCP_WAIT_SND" />) VALUES (<include refid="SetAllColsValuesT_NCP_WAIT_SND" />)</insert>
  <update id="updateT_NCP_WAIT_SND"
  		parameterMap="T_NCP_WAIT_SNDParam">UPDATE T_NCP_WAIT_SND SET PLAT_DATE = #{PLAT_DATE,jdbcType=VARCHAR}, SEQ_NO = #{SEQ_NO,jdbcType=INTEGER}, DTA_NAME = #{DTA_NAME,jdbcType=VARCHAR}, SVC_NAME = #{SVC_NAME,jdbcType=VARCHAR}, TX_TYPE = #{TX_TYPE,jdbcType=VARCHAR}, STAT = #{STAT,jdbcType=VARCHAR}, DATA = #{DATA,jdbcType=VARCHAR}, SND_DATE = #{SND_DATE,jdbcType=VARCHAR}, SND_TIMES = #{SND_TIMES,jdbcType=INTEGER}, RET_CODE = #{RET_CODE,jdbcType=VARCHAR}, RET_MSG = #{RET_MSG,jdbcType=VARCHAR}, REASON = #{REASON,jdbcType=VARCHAR}, RMRK = #{RMRK,jdbcType=VARCHAR}, RMRK1 = #{RMRK1,jdbcType=VARCHAR}, RMRK2 = #{RMRK2,jdbcType=VARCHAR}</update>
  <select id="selectOneuidx_t_ncp_wait_snd"
  		parameterMap="T_NCP_WAIT_SNDParam"
  		resultMap="T_NCP_WAIT_SNDResult">SELECT <include refid="AllColsT_NCP_WAIT_SND" /> FROM T_NCP_WAIT_SND WHERE PLAT_DATE=#{PLAT_DATE,jdbcType=VARCHAR} and SEQ_NO=#{SEQ_NO,jdbcType=INTEGER}</select>
  <update id="updateuidx_t_ncp_wait_snd"
  		parameterMap="T_NCP_WAIT_SNDParam">UPDATE T_NCP_WAIT_SND SET PLAT_DATE = #{PLAT_DATE,jdbcType=VARCHAR}, SEQ_NO = #{SEQ_NO,jdbcType=INTEGER}, DTA_NAME = #{DTA_NAME,jdbcType=VARCHAR}, SVC_NAME = #{SVC_NAME,jdbcType=VARCHAR}, TX_TYPE = #{TX_TYPE,jdbcType=VARCHAR}, STAT = #{STAT,jdbcType=VARCHAR}, DATA = #{DATA,jdbcType=VARCHAR}, SND_DATE = #{SND_DATE,jdbcType=VARCHAR}, SND_TIMES = #{SND_TIMES,jdbcType=INTEGER}, RET_CODE = #{RET_CODE,jdbcType=VARCHAR}, RET_MSG = #{RET_MSG,jdbcType=VARCHAR}, REASON = #{REASON,jdbcType=VARCHAR}, RMRK = #{RMRK,jdbcType=VARCHAR}, RMRK1 = #{RMRK1,jdbcType=VARCHAR}, RMRK2 = #{RMRK2,jdbcType=VARCHAR} WHERE PLAT_DATE=#{PLAT_DATE,jdbcType=VARCHAR} and SEQ_NO=#{SEQ_NO,jdbcType=INTEGER}</update>
  <insert id="insertuidx_t_ncp_wait_snd"
  		parameterMap="T_NCP_WAIT_SNDParam">INSERT INTO T_NCP_WAIT_SND(<include refid="AllColsT_NCP_WAIT_SND" />) VALUES (<include refid="SetAllColsValuesT_NCP_WAIT_SND" />)</insert>
  <delete id="deleteuidx_t_ncp_wait_snd"
  		parameterMap="T_NCP_WAIT_SNDParam">DELETE FROM T_NCP_WAIT_SND WHERE PLAT_DATE=#{PLAT_DATE,jdbcType=VARCHAR} and SEQ_NO=#{SEQ_NO,jdbcType=INTEGER}</delete>
</mapper>
