<?xml version="1.0" encoding="UTF-8"?>
<!DOCTYPE mapper  PUBLIC "-//ibatis.apache.org//DTD Mapper 3.0//EN" "http://ibatis.apache.org/dtd/ibatis-3-mapper.dtd">

<mapper namespace="T_NCP_SIGN">
  <parameterMap id="T_NCP_SIGNParam"
  		type="java.util.Map">
    <parameter property="ACCT_NAME"
    		javaType="String"
    		mode="IN"
    		jdbcType="VARCHAR"/>
    <parameter property="ACCT_NO"
    		javaType="String"
    		mode="IN"
    		jdbcType="VARCHAR"/>
    <parameter property="ACCT_NO2"
    		javaType="String"
    		mode="IN"
    		jdbcType="VARCHAR"/>
    <parameter property="BRCH_NO"
    		javaType="String"
    		mode="IN"
    		jdbcType="VARCHAR"/>
    <parameter property="CERT_NO"
    		javaType="String"
    		mode="IN"
    		jdbcType="VARCHAR"/>
    <parameter property="CERT_TYPE"
    		javaType="String"
    		mode="IN"
    		jdbcType="VARCHAR"/>
    <parameter property="LINK_CODE"
    		javaType="String"
    		mode="IN"
    		jdbcType="VARCHAR"/>
    <parameter property="OPEN_BRCH"
    		javaType="String"
    		mode="IN"
    		jdbcType="VARCHAR"/>
    <parameter property="PAY_ACCT_INFO"
    		javaType="String"
    		mode="IN"
    		jdbcType="VARCHAR"/>
    <parameter property="PHN"
    		javaType="String"
    		mode="IN"
    		jdbcType="VARCHAR"/>
    <parameter property="RMRK"
    		javaType="String"
    		mode="IN"
    		jdbcType="VARCHAR"/>
    <parameter property="RMRK1"
    		javaType="String"
    		mode="IN"
    		jdbcType="VARCHAR"/>
    <parameter property="RMRK2"
    		javaType="String"
    		mode="IN"
    		jdbcType="VARCHAR"/>
    <parameter property="SIGN_BRCH"
    		javaType="String"
    		mode="IN"
    		jdbcType="VARCHAR"/>
    <parameter property="SIGN_CHNL"
    		javaType="String"
    		mode="IN"
    		jdbcType="VARCHAR"/>
    <parameter property="SIGN_DATE"
    		javaType="String"
    		mode="IN"
    		jdbcType="VARCHAR"/>
    <parameter property="SIGN_NO"
    		javaType="String"
    		mode="IN"
    		jdbcType="VARCHAR"/>
    <parameter property="SIGN_TELLER"
    		javaType="String"
    		mode="IN"
    		jdbcType="VARCHAR"/>
    <parameter property="SIGN_TYPE"
    		javaType="String"
    		mode="IN"
    		jdbcType="VARCHAR"/>
    <parameter property="STAT"
    		javaType="String"
    		mode="IN"
    		jdbcType="VARCHAR"/>
    <parameter property="UNSIGN_BRCH"
    		javaType="String"
    		mode="IN"
    		jdbcType="VARCHAR"/>
    <parameter property="UNSIGN_DATE"
    		javaType="String"
    		mode="IN"
    		jdbcType="VARCHAR"/>
    <parameter property="UNSIGN_TELLER"
    		javaType="String"
    		mode="IN"
    		jdbcType="VARCHAR"/>
    <parameter property="__BEGIN_REC"
    		javaType="Integer"
    		mode="IN"
    		jdbcType="INTEGER"/>
    <parameter property="__MAX_REC"
    		javaType="Integer"
    		mode="IN"
    		jdbcType="INTEGER"/>
  </parameterMap>
  <resultMap id="T_NCP_SIGNResult"
  		type="java.util.Map">
    <result property="ACCT_NAME"
    		column="ACCT_NAME"/>
    <result property="ACCT_NO"
    		column="ACCT_NO"/>
    <result property="ACCT_NO2"
    		column="ACCT_NO2"/>
    <result property="BRCH_NO"
    		column="BRCH_NO"/>
    <result property="CERT_NO"
    		column="CERT_NO"/>
    <result property="CERT_TYPE"
    		column="CERT_TYPE"/>
    <result property="LINK_CODE"
    		column="LINK_CODE"/>
    <result property="OPEN_BRCH"
    		column="OPEN_BRCH"/>
    <result property="PAY_ACCT_INFO"
    		column="PAY_ACCT_INFO"/>
    <result property="PHN"
    		column="PHN"/>
    <result property="RMRK"
    		column="RMRK"/>
    <result property="RMRK1"
    		column="RMRK1"/>
    <result property="RMRK2"
    		column="RMRK2"/>
    <result property="SIGN_BRCH"
    		column="SIGN_BRCH"/>
    <result property="SIGN_CHNL"
    		column="SIGN_CHNL"/>
    <result property="SIGN_DATE"
    		column="SIGN_DATE"/>
    <result property="SIGN_NO"
    		column="SIGN_NO"/>
    <result property="SIGN_TELLER"
    		column="SIGN_TELLER"/>
    <result property="SIGN_TYPE"
    		column="SIGN_TYPE"/>
    <result property="STAT"
    		column="STAT"/>
    <result property="UNSIGN_BRCH"
    		column="UNSIGN_BRCH"/>
    <result property="UNSIGN_DATE"
    		column="UNSIGN_DATE"/>
    <result property="UNSIGN_TELLER"
    		column="UNSIGN_TELLER"/>
  </resultMap>
  <sql id="AllColsT_NCP_SIGN">ACCT_NO,SIGN_BRCH,PAY_ACCT_INFO,PHN,SIGN_TYPE,SIGN_NO,ACCT_NAME,OPEN_BRCH,STAT,SIGN_DATE,UNSIGN_DATE,CERT_TYPE,CERT_NO,ACCT_NO2,SIGN_CHNL,BRCH_NO,SIGN_TELLER,UNSIGN_BRCH,UNSIGN_TELLER,LINK_CODE,RMRK,RMRK1,RMRK2</sql>
  <sql id="SetAllColsValuesT_NCP_SIGN">#{ACCT_NO,jdbcType=VARCHAR},#{SIGN_BRCH,jdbcType=VARCHAR},#{PAY_ACCT_INFO,jdbcType=VARCHAR},#{PHN,jdbcType=VARCHAR},#{SIGN_TYPE,jdbcType=VARCHAR},#{SIGN_NO,jdbcType=VARCHAR},#{ACCT_NAME,jdbcType=VARCHAR},#{OPEN_BRCH,jdbcType=VARCHAR},#{STAT,jdbcType=VARCHAR},#{SIGN_DATE,jdbcType=VARCHAR},#{UNSIGN_DATE,jdbcType=VARCHAR},#{CERT_TYPE,jdbcType=VARCHAR},#{CERT_NO,jdbcType=VARCHAR},#{ACCT_NO2,jdbcType=VARCHAR},#{SIGN_CHNL,jdbcType=VARCHAR},#{BRCH_NO,jdbcType=VARCHAR},#{SIGN_TELLER,jdbcType=VARCHAR},#{UNSIGN_BRCH,jdbcType=VARCHAR},#{UNSIGN_TELLER,jdbcType=VARCHAR},#{LINK_CODE,jdbcType=VARCHAR},#{RMRK,jdbcType=VARCHAR},#{RMRK1,jdbcType=VARCHAR},#{RMRK2,jdbcType=VARCHAR}</sql>
  <select id="selectListT_NCP_SIGN"
  		resultMap="T_NCP_SIGNResult">SELECT <include refid="AllColsT_NCP_SIGN" /> FROM T_NCP_SIGN</select>
  <delete id="deleteT_NCP_SIGN">DELETE FROM T_NCP_SIGN</delete>
  <insert id="insertT_NCP_SIGN"
  		parameterMap="T_NCP_SIGNParam">INSERT INTO T_NCP_SIGN(<include refid="AllColsT_NCP_SIGN" />) VALUES (<include refid="SetAllColsValuesT_NCP_SIGN" />)</insert>
  <update id="updateT_NCP_SIGN"
  		parameterMap="T_NCP_SIGNParam">UPDATE T_NCP_SIGN SET ACCT_NO = #{ACCT_NO,jdbcType=VARCHAR}, SIGN_BRCH = #{SIGN_BRCH,jdbcType=VARCHAR}, PAY_ACCT_INFO = #{PAY_ACCT_INFO,jdbcType=VARCHAR}, PHN = #{PHN,jdbcType=VARCHAR}, SIGN_TYPE = #{SIGN_TYPE,jdbcType=VARCHAR}, SIGN_NO = #{SIGN_NO,jdbcType=VARCHAR}, ACCT_NAME = #{ACCT_NAME,jdbcType=VARCHAR}, OPEN_BRCH = #{OPEN_BRCH,jdbcType=VARCHAR}, STAT = #{STAT,jdbcType=VARCHAR}, SIGN_DATE = #{SIGN_DATE,jdbcType=VARCHAR}, UNSIGN_DATE = #{UNSIGN_DATE,jdbcType=VARCHAR}, CERT_TYPE = #{CERT_TYPE,jdbcType=VARCHAR}, CERT_NO = #{CERT_NO,jdbcType=VARCHAR}, ACCT_NO2 = #{ACCT_NO2,jdbcType=VARCHAR}, SIGN_CHNL = #{SIGN_CHNL,jdbcType=VARCHAR}, BRCH_NO = #{BRCH_NO,jdbcType=VARCHAR}, SIGN_TELLER = #{SIGN_TELLER,jdbcType=VARCHAR}, UNSIGN_BRCH = #{UNSIGN_BRCH,jdbcType=VARCHAR}, UNSIGN_TELLER = #{UNSIGN_TELLER,jdbcType=VARCHAR}, LINK_CODE = #{LINK_CODE,jdbcType=VARCHAR}, RMRK = #{RMRK,jdbcType=VARCHAR}, RMRK1 = #{RMRK1,jdbcType=VARCHAR}, RMRK2 = #{RMRK2,jdbcType=VARCHAR}</update>
</mapper>
