<?xml version="1.0" encoding="UTF-8"?>
<!DOCTYPE mapper  PUBLIC "-//ibatis.apache.org//DTD Mapper 3.0//EN" "http://ibatis.apache.org/dtd/ibatis-3-mapper.dtd">

<mapper namespace="T_NCP_SETT_DET">
  <parameterMap id="T_NCP_SETT_DETParam"
  		type="java.util.Map">
    <parameter property="AC_IN_FEE"
    		javaType="Double"
    		mode="IN"
    		jdbcType="DOUBLE"/>
    <parameter property="AC_OUT_FEE"
    		javaType="Double"
    		mode="IN"
    		jdbcType="DOUBLE"/>
    <parameter property="AC_PAYEE_AMT"
    		javaType="Double"
    		mode="IN"
    		jdbcType="DOUBLE"/>
    <parameter property="AC_PAY_AMT"
    		javaType="Double"
    		mode="IN"
    		jdbcType="DOUBLE"/>
    <parameter property="AMT1"
    		javaType="Double"
    		mode="IN"
    		jdbcType="DOUBLE"/>
    <parameter property="AMT2"
    		javaType="Double"
    		mode="IN"
    		jdbcType="DOUBLE"/>
    <parameter property="BRAND_FEE"
    		javaType="Double"
    		mode="IN"
    		jdbcType="DOUBLE"/>
    <parameter property="CHARGE_FEE"
    		javaType="Double"
    		mode="IN"
    		jdbcType="DOUBLE"/>
    <parameter property="CLEAR_DATE"
    		javaType="String"
    		mode="IN"
    		jdbcType="VARCHAR"/>
    <parameter property="ERR_FEE"
    		javaType="Double"
    		mode="IN"
    		jdbcType="DOUBLE"/>
    <parameter property="IN_FEE"
    		javaType="Double"
    		mode="IN"
    		jdbcType="DOUBLE"/>
    <parameter property="IS_IN_FEE"
    		javaType="Double"
    		mode="IN"
    		jdbcType="DOUBLE"/>
    <parameter property="IS_OUT_FEE"
    		javaType="Double"
    		mode="IN"
    		jdbcType="DOUBLE"/>
    <parameter property="IS_PAYEE_AMT"
    		javaType="Double"
    		mode="IN"
    		jdbcType="DOUBLE"/>
    <parameter property="IS_PAY_AMT"
    		javaType="Double"
    		mode="IN"
    		jdbcType="DOUBLE"/>
    <parameter property="OUT_FEE"
    		javaType="Double"
    		mode="IN"
    		jdbcType="CHAR"/>
    <parameter property="PAYEE_AMT"
    		javaType="Double"
    		mode="IN"
    		jdbcType="DOUBLE"/>
    <parameter property="PAYEE_NUM"
    		javaType="Integer"
    		mode="IN"
    		jdbcType="INTEGER"/>
    <parameter property="PAY_AMT"
    		javaType="Double"
    		mode="IN"
    		jdbcType="DOUBLE"/>
    <parameter property="PAY_NUM"
    		javaType="Integer"
    		mode="IN"
    		jdbcType="INTEGER"/>
    <parameter property="RMRK"
    		javaType="String"
    		mode="IN"
    		jdbcType="VARCHAR"/>
    <parameter property="RMRK1"
    		javaType="String"
    		mode="IN"
    		jdbcType="VARCHAR"/>
    <parameter property="RMRK2"
    		javaType="String"
    		mode="IN"
    		jdbcType="VARCHAR"/>
    <parameter property="TX_TYPE"
    		javaType="String"
    		mode="IN"
    		jdbcType="VARCHAR"/>
    <parameter property="__BEGIN_REC"
    		javaType="Integer"
    		mode="IN"
    		jdbcType="INTEGER"/>
    <parameter property="__MAX_REC"
    		javaType="Integer"
    		mode="IN"
    		jdbcType="INTEGER"/>
  </parameterMap>
  <resultMap id="T_NCP_SETT_DETResult"
  		type="java.util.Map">
    <result property="AC_IN_FEE"
    		column="AC_IN_FEE"/>
    <result property="AC_OUT_FEE"
    		column="AC_OUT_FEE"/>
    <result property="AC_PAYEE_AMT"
    		column="AC_PAYEE_AMT"/>
    <result property="AC_PAY_AMT"
    		column="AC_PAY_AMT"/>
    <result property="AMT1"
    		column="AMT1"/>
    <result property="AMT2"
    		column="AMT2"/>
    <result property="BRAND_FEE"
    		column="BRAND_FEE"/>
    <result property="CHARGE_FEE"
    		column="CHARGE_FEE"/>
    <result property="CLEAR_DATE"
    		column="CLEAR_DATE"/>
    <result property="ERR_FEE"
    		column="ERR_FEE"/>
    <result property="IN_FEE"
    		column="IN_FEE"/>
    <result property="IS_IN_FEE"
    		column="IS_IN_FEE"/>
    <result property="IS_OUT_FEE"
    		column="IS_OUT_FEE"/>
    <result property="IS_PAYEE_AMT"
    		column="IS_PAYEE_AMT"/>
    <result property="IS_PAY_AMT"
    		column="IS_PAY_AMT"/>
    <result property="OUT_FEE"
    		column="OUT_FEE"/>
    <result property="PAYEE_AMT"
    		column="PAYEE_AMT"/>
    <result property="PAYEE_NUM"
    		column="PAYEE_NUM"/>
    <result property="PAY_AMT"
    		column="PAY_AMT"/>
    <result property="PAY_NUM"
    		column="PAY_NUM"/>
    <result property="RMRK"
    		column="RMRK"/>
    <result property="RMRK1"
    		column="RMRK1"/>
    <result property="RMRK2"
    		column="RMRK2"/>
    <result property="TX_TYPE"
    		column="TX_TYPE"/>
  </resultMap>
  <sql id="AllColsT_NCP_SETT_DET">CLEAR_DATE,TX_TYPE,PAY_NUM,IN_FEE,PAY_AMT,AC_PAY_AMT,AC_IN_FEE,IS_IN_FEE,IS_PAY_AMT,PAYEE_NUM,PAYEE_AMT,AC_PAYEE_AMT,IS_PAYEE_AMT,CHARGE_FEE,BRAND_FEE,AC_OUT_FEE,IS_OUT_FEE,OUT_FEE,ERR_FEE,AMT1,AMT2,RMRK,RMRK1,RMRK2</sql>
  <sql id="SetAllColsValuesT_NCP_SETT_DET">#{CLEAR_DATE,jdbcType=VARCHAR},#{TX_TYPE,jdbcType=VARCHAR},#{PAY_NUM,jdbcType=INTEGER},#{IN_FEE,jdbcType=DOUBLE},#{PAY_AMT,jdbcType=DOUBLE},#{AC_PAY_AMT,jdbcType=DOUBLE},#{AC_IN_FEE,jdbcType=DOUBLE},#{IS_IN_FEE,jdbcType=DOUBLE},#{IS_PAY_AMT,jdbcType=DOUBLE},#{PAYEE_NUM,jdbcType=INTEGER},#{PAYEE_AMT,jdbcType=DOUBLE},#{AC_PAYEE_AMT,jdbcType=DOUBLE},#{IS_PAYEE_AMT,jdbcType=DOUBLE},#{CHARGE_FEE,jdbcType=DOUBLE},#{BRAND_FEE,jdbcType=DOUBLE},#{AC_OUT_FEE,jdbcType=DOUBLE},#{IS_OUT_FEE,jdbcType=DOUBLE},#{OUT_FEE,jdbcType=CHAR},#{ERR_FEE,jdbcType=DOUBLE},#{AMT1,jdbcType=DOUBLE},#{AMT2,jdbcType=DOUBLE},#{RMRK,jdbcType=VARCHAR},#{RMRK1,jdbcType=VARCHAR},#{RMRK2,jdbcType=VARCHAR}</sql>
  <select id="selectListT_NCP_SETT_DET"
  		resultMap="T_NCP_SETT_DETResult">SELECT <include refid="AllColsT_NCP_SETT_DET" /> FROM T_NCP_SETT_DET</select>
  <delete id="deleteT_NCP_SETT_DET">DELETE FROM T_NCP_SETT_DET</delete>
  <insert id="insertT_NCP_SETT_DET"
  		parameterMap="T_NCP_SETT_DETParam">INSERT INTO T_NCP_SETT_DET(<include refid="AllColsT_NCP_SETT_DET" />) VALUES (<include refid="SetAllColsValuesT_NCP_SETT_DET" />)</insert>
  <update id="updateT_NCP_SETT_DET"
  		parameterMap="T_NCP_SETT_DETParam">UPDATE T_NCP_SETT_DET SET CLEAR_DATE = #{CLEAR_DATE,jdbcType=VARCHAR}, TX_TYPE = #{TX_TYPE,jdbcType=VARCHAR}, PAY_NUM = #{PAY_NUM,jdbcType=INTEGER}, IN_FEE = #{IN_FEE,jdbcType=DOUBLE}, PAY_AMT = #{PAY_AMT,jdbcType=DOUBLE}, AC_PAY_AMT = #{AC_PAY_AMT,jdbcType=DOUBLE}, AC_IN_FEE = #{AC_IN_FEE,jdbcType=DOUBLE}, IS_IN_FEE = #{IS_IN_FEE,jdbcType=DOUBLE}, IS_PAY_AMT = #{IS_PAY_AMT,jdbcType=DOUBLE}, PAYEE_NUM = #{PAYEE_NUM,jdbcType=INTEGER}, PAYEE_AMT = #{PAYEE_AMT,jdbcType=DOUBLE}, AC_PAYEE_AMT = #{AC_PAYEE_AMT,jdbcType=DOUBLE}, IS_PAYEE_AMT = #{IS_PAYEE_AMT,jdbcType=DOUBLE}, CHARGE_FEE = #{CHARGE_FEE,jdbcType=DOUBLE}, BRAND_FEE = #{BRAND_FEE,jdbcType=DOUBLE}, AC_OUT_FEE = #{AC_OUT_FEE,jdbcType=DOUBLE}, IS_OUT_FEE = #{IS_OUT_FEE,jdbcType=DOUBLE}, OUT_FEE = #{OUT_FEE,jdbcType=CHAR}, ERR_FEE = #{ERR_FEE,jdbcType=DOUBLE}, AMT1 = #{AMT1,jdbcType=DOUBLE}, AMT2 = #{AMT2,jdbcType=DOUBLE}, RMRK = #{RMRK,jdbcType=VARCHAR}, RMRK1 = #{RMRK1,jdbcType=VARCHAR}, RMRK2 = #{RMRK2,jdbcType=VARCHAR}</update>
</mapper>
