<?xml version="1.0" encoding="UTF-8"?>
<!DOCTYPE mapper  PUBLIC "-//ibatis.apache.org//DTD Mapper 3.0//EN" "http://ibatis.apache.org/dtd/ibatis-3-mapper.dtd">

<mapper namespace="T_NCP_BOOK">
  <parameterMap id="T_NCP_BOOKParam"
  		type="java.util.Map">
    <parameter property="ACCT_INPUT"
    		javaType="String"
    		mode="IN"
    		jdbcType="VARCHAR"/>
    <parameter property="ACCT_LVL"
    		javaType="String"
    		mode="IN"
    		jdbcType="VARCHAR"/>
    <parameter property="AMT1"
    		javaType="Double"
    		mode="IN"
    		jdbcType="DOUBLE"/>
    <parameter property="AMT2"
    		javaType="Double"
    		mode="IN"
    		jdbcType="DOUBLE"/>
    <parameter property="BRCH_NO"
    		javaType="String"
    		mode="IN"
    		jdbcType="VARCHAR"/>
    <parameter property="BUSI_TYPE"
    		javaType="String"
    		mode="IN"
    		jdbcType="VARCHAR"/>
    <parameter property="CHK_ACT_NO"
    		javaType="String"
    		mode="IN"
    		jdbcType="VARCHAR"/>
    <parameter property="CHK_FLAG"
    		javaType="String"
    		mode="IN"
    		jdbcType="VARCHAR"/>
    <parameter property="CHK_MSG"
    		javaType="String"
    		mode="IN"
    		jdbcType="VARCHAR"/>
    <parameter property="CHK_STAT"
    		javaType="String"
    		mode="IN"
    		jdbcType="VARCHAR"/>
    <parameter property="CHNL_NO"
    		javaType="String"
    		mode="IN"
    		jdbcType="VARCHAR"/>
    <parameter property="CLEAR_DATE"
    		javaType="String"
    		mode="IN"
    		jdbcType="VARCHAR"/>
    <parameter property="ENTR_NO"
    		javaType="String"
    		mode="IN"
    		jdbcType="VARCHAR"/>
    <parameter property="HOST_DATE"
    		javaType="String"
    		mode="IN"
    		jdbcType="VARCHAR"/>
    <parameter property="HOST_MSG"
    		javaType="String"
    		mode="IN"
    		jdbcType="VARCHAR"/>
    <parameter property="HOST_SEQ"
    		javaType="String"
    		mode="IN"
    		jdbcType="VARCHAR"/>
    <parameter property="MRCHNT_NAME"
    		javaType="String"
    		mode="IN"
    		jdbcType="CHAR"/>
    <parameter property="MRCHNT_NO"
    		javaType="String"
    		mode="IN"
    		jdbcType="VARCHAR"/>
    <parameter property="OPEN_BRCH"
    		javaType="String"
    		mode="IN"
    		jdbcType="VARCHAR"/>
    <parameter property="ORDER_DESC"
    		javaType="String"
    		mode="IN"
    		jdbcType="CHAR"/>
    <parameter property="ORDER_NO"
    		javaType="String"
    		mode="IN"
    		jdbcType="VARCHAR"/>
    <parameter property="ORI_ORDER_NO"
    		javaType="String"
    		mode="IN"
    		jdbcType="VARCHAR"/>
    <parameter property="ORI_OTH_SEQ"
    		javaType="String"
    		mode="IN"
    		jdbcType="VARCHAR"/>
    <parameter property="ORI_TX_AMT"
    		javaType="Double"
    		mode="IN"
    		jdbcType="DECIMAL"/>
    <parameter property="ORI_TX_DATE"
    		javaType="String"
    		mode="IN"
    		jdbcType="VARCHAR"/>
    <parameter property="OTH_DATE"
    		javaType="String"
    		mode="IN"
    		jdbcType="VARCHAR"/>
    <parameter property="OTH_SEQ"
    		javaType="String"
    		mode="IN"
    		jdbcType="VARCHAR"/>
    <parameter property="PAYEE_ACCT_NAME"
    		javaType="String"
    		mode="IN"
    		jdbcType="VARCHAR"/>
    <parameter property="PAYEE_ACCT_NO"
    		javaType="String"
    		mode="IN"
    		jdbcType="VARCHAR"/>
    <parameter property="PAYEE_ACCT_TYPE"
    		javaType="String"
    		mode="IN"
    		jdbcType="VARCHAR"/>
    <parameter property="PAYEE_AREA"
    		javaType="String"
    		mode="IN"
    		jdbcType="VARCHAR"/>
    <parameter property="PAYEE_BRCH"
    		javaType="String"
    		mode="IN"
    		jdbcType="VARCHAR"/>
    <parameter property="PAYEE_CERT_NO"
    		javaType="String"
    		mode="IN"
    		jdbcType="VARCHAR"/>
    <parameter property="PAYEE_CERT_TYPE"
    		javaType="String"
    		mode="IN"
    		jdbcType="VARCHAR"/>
    <parameter property="PAY_ACCT_NAME"
    		javaType="String"
    		mode="IN"
    		jdbcType="VARCHAR"/>
    <parameter property="PAY_ACCT_NO"
    		javaType="String"
    		mode="IN"
    		jdbcType="VARCHAR"/>
    <parameter property="PAY_ACCT_TYPE"
    		javaType="String"
    		mode="IN"
    		jdbcType="VARCHAR"/>
    <parameter property="PAY_BRCH"
    		javaType="String"
    		mode="IN"
    		jdbcType="VARCHAR"/>
    <parameter property="PAY_CERT_NO"
    		javaType="String"
    		mode="IN"
    		jdbcType="VARCHAR"/>
    <parameter property="PAY_CERT_TYPE"
    		javaType="String"
    		mode="IN"
    		jdbcType="VARCHAR"/>
    <parameter property="PAY_PHN"
    		javaType="String"
    		mode="IN"
    		jdbcType="VARCHAR"/>
    <parameter property="PLAT_DATE"
    		javaType="String"
    		mode="IN"
    		jdbcType="VARCHAR"/>
    <parameter property="PRODUCT_TYPE"
    		javaType="String"
    		mode="IN"
    		jdbcType="VARCHAR"/>
    <parameter property="REFUND_AMT"
    		javaType="Double"
    		mode="IN"
    		jdbcType="DOUBLE"/>
    <parameter property="RET_CODE"
    		javaType="String"
    		mode="IN"
    		jdbcType="VARCHAR"/>
    <parameter property="RET_MSG"
    		javaType="String"
    		mode="IN"
    		jdbcType="VARCHAR"/>
    <parameter property="RET_TIME"
    		javaType="String"
    		mode="IN"
    		jdbcType="VARCHAR"/>
    <parameter property="RMRK"
    		javaType="String"
    		mode="IN"
    		jdbcType="VARCHAR"/>
    <parameter property="RMRK1"
    		javaType="String"
    		mode="IN"
    		jdbcType="VARCHAR"/>
    <parameter property="RMRK2"
    		javaType="String"
    		mode="IN"
    		jdbcType="VARCHAR"/>
    <parameter property="RP_FLAG"
    		javaType="String"
    		mode="IN"
    		jdbcType="VARCHAR"/>
    <parameter property="SEQ_NO"
    		javaType="Integer"
    		mode="IN"
    		jdbcType="INTEGER"/>
    <parameter property="SIGN_NO"
    		javaType="String"
    		mode="IN"
    		jdbcType="VARCHAR"/>
    <parameter property="SND_ACCT_BRCH"
    		javaType="String"
    		mode="IN"
    		jdbcType="VARCHAR"/>
    <parameter property="SND_BRCH"
    		javaType="String"
    		mode="IN"
    		jdbcType="VARCHAR"/>
    <parameter property="SND_BRCH_NO"
    		javaType="String"
    		mode="IN"
    		jdbcType="VARCHAR"/>
    <parameter property="SND_TIME"
    		javaType="String"
    		mode="IN"
    		jdbcType="VARCHAR"/>
    <parameter property="STAT"
    		javaType="String"
    		mode="IN"
    		jdbcType="VARCHAR"/>
    <parameter property="TELLER_NO"
    		javaType="String"
    		mode="IN"
    		jdbcType="VARCHAR"/>
    <parameter property="TERM_NO"
    		javaType="String"
    		mode="IN"
    		jdbcType="VARCHAR"/>
    <parameter property="TERM_TYPE"
    		javaType="String"
    		mode="IN"
    		jdbcType="VARCHAR"/>
    <parameter property="TIME_SEC"
    		javaType="Integer"
    		mode="IN"
    		jdbcType="INTEGER"/>
    <parameter property="TX_AMT"
    		javaType="Double"
    		mode="IN"
    		jdbcType="DECIMAL"/>
    <parameter property="TX_CODE"
    		javaType="String"
    		mode="IN"
    		jdbcType="VARCHAR"/>
    <parameter property="TX_DATE"
    		javaType="String"
    		mode="IN"
    		jdbcType="VARCHAR"/>
    <parameter property="TX_NAME"
    		javaType="String"
    		mode="IN"
    		jdbcType="VARCHAR"/>
    <parameter property="TX_SEQ"
    		javaType="String"
    		mode="IN"
    		jdbcType="VARCHAR"/>
    <parameter property="TX_TYPE"
    		javaType="String"
    		mode="IN"
    		jdbcType="VARCHAR"/>
    <parameter property="__BEGIN_REC"
    		javaType="Integer"
    		mode="IN"
    		jdbcType="INTEGER"/>
    <parameter property="__MAX_REC"
    		javaType="Integer"
    		mode="IN"
    		jdbcType="INTEGER"/>
  </parameterMap>
  <resultMap id="T_NCP_BOOKResult"
  		type="java.util.Map">
    <result property="ACCT_INPUT"
    		column="ACCT_INPUT"/>
    <result property="ACCT_LVL"
    		column="ACCT_LVL"/>
    <result property="AMT1"
    		column="AMT1"/>
    <result property="AMT2"
    		column="AMT2"/>
    <result property="BRCH_NO"
    		column="BRCH_NO"/>
    <result property="BUSI_TYPE"
    		column="BUSI_TYPE"/>
    <result property="CHK_ACT_NO"
    		column="CHK_ACT_NO"/>
    <result property="CHK_FLAG"
    		column="CHK_FLAG"/>
    <result property="CHK_MSG"
    		column="CHK_MSG"/>
    <result property="CHK_STAT"
    		column="CHK_STAT"/>
    <result property="CHNL_NO"
    		column="CHNL_NO"/>
    <result property="CLEAR_DATE"
    		column="CLEAR_DATE"/>
    <result property="ENTR_NO"
    		column="ENTR_NO"/>
    <result property="HOST_DATE"
    		column="HOST_DATE"/>
    <result property="HOST_MSG"
    		column="HOST_MSG"/>
    <result property="HOST_SEQ"
    		column="HOST_SEQ"/>
    <result property="MRCHNT_NAME"
    		column="MRCHNT_NAME"/>
    <result property="MRCHNT_NO"
    		column="MRCHNT_NO"/>
    <result property="OPEN_BRCH"
    		column="OPEN_BRCH"/>
    <result property="ORDER_DESC"
    		column="ORDER_DESC"/>
    <result property="ORDER_NO"
    		column="ORDER_NO"/>
    <result property="ORI_ORDER_NO"
    		column="ORI_ORDER_NO"/>
    <result property="ORI_OTH_SEQ"
    		column="ORI_OTH_SEQ"/>
    <result property="ORI_TX_AMT"
    		column="ORI_TX_AMT"/>
    <result property="ORI_TX_DATE"
    		column="ORI_TX_DATE"/>
    <result property="OTH_DATE"
    		column="OTH_DATE"/>
    <result property="OTH_SEQ"
    		column="OTH_SEQ"/>
    <result property="PAYEE_ACCT_NAME"
    		column="PAYEE_ACCT_NAME"/>
    <result property="PAYEE_ACCT_NO"
    		column="PAYEE_ACCT_NO"/>
    <result property="PAYEE_ACCT_TYPE"
    		column="PAYEE_ACCT_TYPE"/>
    <result property="PAYEE_AREA"
    		column="PAYEE_AREA"/>
    <result property="PAYEE_BRCH"
    		column="PAYEE_BRCH"/>
    <result property="PAYEE_CERT_NO"
    		column="PAYEE_CERT_NO"/>
    <result property="PAYEE_CERT_TYPE"
    		column="PAYEE_CERT_TYPE"/>
    <result property="PAY_ACCT_NAME"
    		column="PAY_ACCT_NAME"/>
    <result property="PAY_ACCT_NO"
    		column="PAY_ACCT_NO"/>
    <result property="PAY_ACCT_TYPE"
    		column="PAY_ACCT_TYPE"/>
    <result property="PAY_BRCH"
    		column="PAY_BRCH"/>
    <result property="PAY_CERT_NO"
    		column="PAY_CERT_NO"/>
    <result property="PAY_CERT_TYPE"
    		column="PAY_CERT_TYPE"/>
    <result property="PAY_PHN"
    		column="PAY_PHN"/>
    <result property="PLAT_DATE"
    		column="PLAT_DATE"/>
    <result property="PRODUCT_TYPE"
    		column="PRODUCT_TYPE"/>
    <result property="REFUND_AMT"
    		column="REFUND_AMT"/>
    <result property="RET_CODE"
    		column="RET_CODE"/>
    <result property="RET_MSG"
    		column="RET_MSG"/>
    <result property="RET_TIME"
    		column="RET_TIME"/>
    <result property="RMRK"
    		column="RMRK"/>
    <result property="RMRK1"
    		column="RMRK1"/>
    <result property="RMRK2"
    		column="RMRK2"/>
    <result property="RP_FLAG"
    		column="RP_FLAG"/>
    <result property="SEQ_NO"
    		column="SEQ_NO"/>
    <result property="SIGN_NO"
    		column="SIGN_NO"/>
    <result property="SND_ACCT_BRCH"
    		column="SND_ACCT_BRCH"/>
    <result property="SND_BRCH"
    		column="SND_BRCH"/>
    <result property="SND_BRCH_NO"
    		column="SND_BRCH_NO"/>
    <result property="SND_TIME"
    		column="SND_TIME"/>
    <result property="STAT"
    		column="STAT"/>
    <result property="TELLER_NO"
    		column="TELLER_NO"/>
    <result property="TERM_NO"
    		column="TERM_NO"/>
    <result property="TERM_TYPE"
    		column="TERM_TYPE"/>
    <result property="TIME_SEC"
    		column="TIME_SEC"/>
    <result property="TX_AMT"
    		column="TX_AMT"/>
    <result property="TX_CODE"
    		column="TX_CODE"/>
    <result property="TX_DATE"
    		column="TX_DATE"/>
    <result property="TX_NAME"
    		column="TX_NAME"/>
    <result property="TX_SEQ"
    		column="TX_SEQ"/>
    <result property="TX_TYPE"
    		column="TX_TYPE"/>
  </resultMap>
  <sql id="AllColsT_NCP_BOOK">PLAT_DATE,SEQ_NO,TX_CODE,TX_NAME,TX_DATE,TX_SEQ,PAY_ACCT_NO,PAY_ACCT_NAME,PAY_BRCH,PAY_ACCT_TYPE,PAY_CERT_TYPE,PAY_CERT_NO,PAYEE_ACCT_NO,PAYEE_ACCT_NAME,PAY_PHN,PAYEE_BRCH,PAYEE_ACCT_TYPE,PAYEE_CERT_TYPE,PAYEE_CERT_NO,PAYEE_AREA,TX_TYPE,ENTR_NO,CHNL_NO,SND_TIME,SND_BRCH,SND_BRCH_NO,SND_ACCT_BRCH,BRCH_NO,BUSI_TYPE,TELLER_NO,CHK_ACT_NO,OTH_DATE,OTH_SEQ,TX_AMT,ACCT_INPUT,TERM_TYPE,TERM_NO,RP_FLAG,CLEAR_DATE,SIGN_NO,PRODUCT_TYPE,ORDER_NO,ORI_OTH_SEQ,ORI_TX_AMT,ORI_ORDER_NO,ORI_TX_DATE,ACCT_LVL,CHK_STAT,STAT,RET_CODE,RET_MSG,HOST_MSG,RET_TIME,TIME_SEC,OPEN_BRCH,HOST_DATE,HOST_SEQ,REFUND_AMT,CHK_FLAG,CHK_MSG,AMT1,AMT2,RMRK,RMRK1,RMRK2,MRCHNT_NO,MRCHNT_NAME,ORDER_DESC</sql>
  <sql id="SetAllColsValuesT_NCP_BOOK">#{PLAT_DATE,jdbcType=VARCHAR},#{SEQ_NO,jdbcType=INTEGER},#{TX_CODE,jdbcType=VARCHAR},#{TX_NAME,jdbcType=VARCHAR},#{TX_DATE,jdbcType=VARCHAR},#{TX_SEQ,jdbcType=VARCHAR},#{PAY_ACCT_NO,jdbcType=VARCHAR},#{PAY_ACCT_NAME,jdbcType=VARCHAR},#{PAY_BRCH,jdbcType=VARCHAR},#{PAY_ACCT_TYPE,jdbcType=VARCHAR},#{PAY_CERT_TYPE,jdbcType=VARCHAR},#{PAY_CERT_NO,jdbcType=VARCHAR},#{PAYEE_ACCT_NO,jdbcType=VARCHAR},#{PAYEE_ACCT_NAME,jdbcType=VARCHAR},#{PAY_PHN,jdbcType=VARCHAR},#{PAYEE_BRCH,jdbcType=VARCHAR},#{PAYEE_ACCT_TYPE,jdbcType=VARCHAR},#{PAYEE_CERT_TYPE,jdbcType=VARCHAR},#{PAYEE_CERT_NO,jdbcType=VARCHAR},#{PAYEE_AREA,jdbcType=VARCHAR},#{TX_TYPE,jdbcType=VARCHAR},#{ENTR_NO,jdbcType=VARCHAR},#{CHNL_NO,jdbcType=VARCHAR},#{SND_TIME,jdbcType=VARCHAR},#{SND_BRCH,jdbcType=VARCHAR},#{SND_BRCH_NO,jdbcType=VARCHAR},#{SND_ACCT_BRCH,jdbcType=VARCHAR},#{BRCH_NO,jdbcType=VARCHAR},#{BUSI_TYPE,jdbcType=VARCHAR},#{TELLER_NO,jdbcType=VARCHAR},#{CHK_ACT_NO,jdbcType=VARCHAR},#{OTH_DATE,jdbcType=VARCHAR},#{OTH_SEQ,jdbcType=VARCHAR},#{TX_AMT,jdbcType=DECIMAL},#{ACCT_INPUT,jdbcType=VARCHAR},#{TERM_TYPE,jdbcType=VARCHAR},#{TERM_NO,jdbcType=VARCHAR},#{RP_FLAG,jdbcType=VARCHAR},#{CLEAR_DATE,jdbcType=VARCHAR},#{SIGN_NO,jdbcType=VARCHAR},#{PRODUCT_TYPE,jdbcType=VARCHAR},#{ORDER_NO,jdbcType=VARCHAR},#{ORI_OTH_SEQ,jdbcType=VARCHAR},#{ORI_TX_AMT,jdbcType=DECIMAL},#{ORI_ORDER_NO,jdbcType=VARCHAR},#{ORI_TX_DATE,jdbcType=VARCHAR},#{ACCT_LVL,jdbcType=VARCHAR},#{CHK_STAT,jdbcType=VARCHAR},#{STAT,jdbcType=VARCHAR},#{RET_CODE,jdbcType=VARCHAR},#{RET_MSG,jdbcType=VARCHAR},#{HOST_MSG,jdbcType=VARCHAR},#{RET_TIME,jdbcType=VARCHAR},#{TIME_SEC,jdbcType=INTEGER},#{OPEN_BRCH,jdbcType=VARCHAR},#{HOST_DATE,jdbcType=VARCHAR},#{HOST_SEQ,jdbcType=VARCHAR},#{REFUND_AMT,jdbcType=DOUBLE},#{CHK_FLAG,jdbcType=VARCHAR},#{CHK_MSG,jdbcType=VARCHAR},#{AMT1,jdbcType=DOUBLE},#{AMT2,jdbcType=DOUBLE},#{RMRK,jdbcType=VARCHAR},#{RMRK1,jdbcType=VARCHAR},#{RMRK2,jdbcType=VARCHAR},#{MRCHNT_NO,jdbcType=VARCHAR},#{MRCHNT_NAME,jdbcType=CHAR},#{ORDER_DESC,jdbcType=CHAR}</sql>
  <select id="selectListT_NCP_BOOK"
  		resultMap="T_NCP_BOOKResult">SELECT <include refid="AllColsT_NCP_BOOK" /> FROM T_NCP_BOOK</select>
  <delete id="deleteT_NCP_BOOK">DELETE FROM T_NCP_BOOK</delete>
  <insert id="insertT_NCP_BOOK"
  		parameterMap="T_NCP_BOOKParam">INSERT INTO T_NCP_BOOK(<include refid="AllColsT_NCP_BOOK" />) VALUES (<include refid="SetAllColsValuesT_NCP_BOOK" />)</insert>
  <update id="updateT_NCP_BOOK"
  		parameterMap="T_NCP_BOOKParam">UPDATE T_NCP_BOOK SET PLAT_DATE = #{PLAT_DATE,jdbcType=VARCHAR}, SEQ_NO = #{SEQ_NO,jdbcType=INTEGER}, TX_CODE = #{TX_CODE,jdbcType=VARCHAR}, TX_NAME = #{TX_NAME,jdbcType=VARCHAR}, TX_DATE = #{TX_DATE,jdbcType=VARCHAR}, TX_SEQ = #{TX_SEQ,jdbcType=VARCHAR}, PAY_ACCT_NO = #{PAY_ACCT_NO,jdbcType=VARCHAR}, PAY_ACCT_NAME = #{PAY_ACCT_NAME,jdbcType=VARCHAR}, PAY_BRCH = #{PAY_BRCH,jdbcType=VARCHAR}, PAY_ACCT_TYPE = #{PAY_ACCT_TYPE,jdbcType=VARCHAR}, PAY_CERT_TYPE = #{PAY_CERT_TYPE,jdbcType=VARCHAR}, PAY_CERT_NO = #{PAY_CERT_NO,jdbcType=VARCHAR}, PAYEE_ACCT_NO = #{PAYEE_ACCT_NO,jdbcType=VARCHAR}, PAYEE_ACCT_NAME = #{PAYEE_ACCT_NAME,jdbcType=VARCHAR}, PAY_PHN = #{PAY_PHN,jdbcType=VARCHAR}, PAYEE_BRCH = #{PAYEE_BRCH,jdbcType=VARCHAR}, PAYEE_ACCT_TYPE = #{PAYEE_ACCT_TYPE,jdbcType=VARCHAR}, PAYEE_CERT_TYPE = #{PAYEE_CERT_TYPE,jdbcType=VARCHAR}, PAYEE_CERT_NO = #{PAYEE_CERT_NO,jdbcType=VARCHAR}, PAYEE_AREA = #{PAYEE_AREA,jdbcType=VARCHAR}, TX_TYPE = #{TX_TYPE,jdbcType=VARCHAR}, ENTR_NO = #{ENTR_NO,jdbcType=VARCHAR}, CHNL_NO = #{CHNL_NO,jdbcType=VARCHAR}, SND_TIME = #{SND_TIME,jdbcType=VARCHAR}, SND_BRCH = #{SND_BRCH,jdbcType=VARCHAR}, SND_BRCH_NO = #{SND_BRCH_NO,jdbcType=VARCHAR}, SND_ACCT_BRCH = #{SND_ACCT_BRCH,jdbcType=VARCHAR}, BRCH_NO = #{BRCH_NO,jdbcType=VARCHAR}, BUSI_TYPE = #{BUSI_TYPE,jdbcType=VARCHAR}, TELLER_NO = #{TELLER_NO,jdbcType=VARCHAR}, CHK_ACT_NO = #{CHK_ACT_NO,jdbcType=VARCHAR}, OTH_DATE = #{OTH_DATE,jdbcType=VARCHAR}, OTH_SEQ = #{OTH_SEQ,jdbcType=VARCHAR}, TX_AMT = #{TX_AMT,jdbcType=DECIMAL}, ACCT_INPUT = #{ACCT_INPUT,jdbcType=VARCHAR}, TERM_TYPE = #{TERM_TYPE,jdbcType=VARCHAR}, TERM_NO = #{TERM_NO,jdbcType=VARCHAR}, RP_FLAG = #{RP_FLAG,jdbcType=VARCHAR}, CLEAR_DATE = #{CLEAR_DATE,jdbcType=VARCHAR}, SIGN_NO = #{SIGN_NO,jdbcType=VARCHAR}, PRODUCT_TYPE = #{PRODUCT_TYPE,jdbcType=VARCHAR}, ORDER_NO = #{ORDER_NO,jdbcType=VARCHAR}, ORI_OTH_SEQ = #{ORI_OTH_SEQ,jdbcType=VARCHAR}, ORI_TX_AMT = #{ORI_TX_AMT,jdbcType=DECIMAL}, ORI_ORDER_NO = #{ORI_ORDER_NO,jdbcType=VARCHAR}, ORI_TX_DATE = #{ORI_TX_DATE,jdbcType=VARCHAR}, ACCT_LVL = #{ACCT_LVL,jdbcType=VARCHAR}, CHK_STAT = #{CHK_STAT,jdbcType=VARCHAR}, STAT = #{STAT,jdbcType=VARCHAR}, RET_CODE = #{RET_CODE,jdbcType=VARCHAR}, RET_MSG = #{RET_MSG,jdbcType=VARCHAR}, HOST_MSG = #{HOST_MSG,jdbcType=VARCHAR}, RET_TIME = #{RET_TIME,jdbcType=VARCHAR}, TIME_SEC = #{TIME_SEC,jdbcType=INTEGER}, OPEN_BRCH = #{OPEN_BRCH,jdbcType=VARCHAR}, HOST_DATE = #{HOST_DATE,jdbcType=VARCHAR}, HOST_SEQ = #{HOST_SEQ,jdbcType=VARCHAR}, REFUND_AMT = #{REFUND_AMT,jdbcType=DOUBLE}, CHK_FLAG = #{CHK_FLAG,jdbcType=VARCHAR}, CHK_MSG = #{CHK_MSG,jdbcType=VARCHAR}, AMT1 = #{AMT1,jdbcType=DOUBLE}, AMT2 = #{AMT2,jdbcType=DOUBLE}, RMRK = #{RMRK,jdbcType=VARCHAR}, RMRK1 = #{RMRK1,jdbcType=VARCHAR}, RMRK2 = #{RMRK2,jdbcType=VARCHAR}, MRCHNT_NO = #{MRCHNT_NO,jdbcType=VARCHAR}, MRCHNT_NAME = #{MRCHNT_NAME,jdbcType=CHAR}, ORDER_DESC = #{ORDER_DESC,jdbcType=CHAR}</update>
</mapper>
