<?xml version="1.0" encoding="UTF-8"?>
<!DOCTYPE mapper  PUBLIC "-//ibatis.apache.org//DTD Mapper 3.0//EN" "http://ibatis.apache.org/dtd/ibatis-3-mapper.dtd">

<mapper namespace="T_PLAT_PARA">
  <parameterMap id="T_PLAT_PARAParam"
  		type="java.util.Map">
    <parameter property="ACT_DATE"
    		javaType="String"
    		mode="IN"
    		jdbcType="VARCHAR"/>
    <parameter property="BAT_SEQ"
    		javaType="Integer"
    		mode="IN"
    		jdbcType="INTEGER"/>
    <parameter property="BRCH_NO"
    		javaType="String"
    		mode="IN"
    		jdbcType="VARCHAR"/>
    <parameter property="CHK_KEEP"
    		javaType="Integer"
    		mode="IN"
    		jdbcType="INTEGER"/>
    <parameter property="CLEAR_DATE"
    		javaType="String"
    		mode="IN"
    		jdbcType="VARCHAR"/>
    <parameter property="DAC"
    		javaType="String"
    		mode="IN"
    		jdbcType="VARCHAR"/>
    <parameter property="DAYEND_DATE"
    		javaType="String"
    		mode="IN"
    		jdbcType="VARCHAR"/>
    <parameter property="DAYEND_FLAG"
    		javaType="Integer"
    		mode="IN"
    		jdbcType="INTEGER"/>
    <parameter property="DAYEND_SEC"
    		javaType="Integer"
    		mode="IN"
    		jdbcType="INTEGER"/>
    <parameter property="DAYEND_TIME"
    		javaType="String"
    		mode="IN"
    		jdbcType="VARCHAR"/>
    <parameter property="FILE_LEN"
    		javaType="Integer"
    		mode="IN"
    		jdbcType="INTEGER"/>
    <parameter property="HIST_DAY"
    		javaType="Integer"
    		mode="IN"
    		jdbcType="INTEGER"/>
    <parameter property="PASS_DAY"
    		javaType="Integer"
    		mode="IN"
    		jdbcType="INTEGER"/>
    <parameter property="PLAT_DATE"
    		javaType="String"
    		mode="IN"
    		jdbcType="VARCHAR"/>
    <parameter property="PLAT_NAME"
    		javaType="String"
    		mode="IN"
    		jdbcType="VARCHAR"/>
    <parameter property="PLAT_NO"
    		javaType="String"
    		mode="IN"
    		jdbcType="VARCHAR"/>
    <parameter property="PLAT_SEQ"
    		javaType="Integer"
    		mode="IN"
    		jdbcType="INTEGER"/>
    <parameter property="PLAT_STAT"
    		javaType="String"
    		mode="IN"
    		jdbcType="VARCHAR"/>
    <parameter property="VERSION"
    		javaType="String"
    		mode="IN"
    		jdbcType="VARCHAR"/>
    <parameter property="__BEGIN_REC"
    		javaType="Integer"
    		mode="IN"
    		jdbcType="INTEGER"/>
    <parameter property="__MAX_REC"
    		javaType="Integer"
    		mode="IN"
    		jdbcType="INTEGER"/>
  </parameterMap>
  <resultMap id="T_PLAT_PARAResult"
  		type="java.util.Map">
    <result property="ACT_DATE"
    		column="ACT_DATE"/>
    <result property="BAT_SEQ"
    		column="BAT_SEQ"/>
    <result property="BRCH_NO"
    		column="BRCH_NO"/>
    <result property="CHK_KEEP"
    		column="CHK_KEEP"/>
    <result property="CLEAR_DATE"
    		column="CLEAR_DATE"/>
    <result property="DAC"
    		column="DAC"/>
    <result property="DAYEND_DATE"
    		column="DAYEND_DATE"/>
    <result property="DAYEND_FLAG"
    		column="DAYEND_FLAG"/>
    <result property="DAYEND_SEC"
    		column="DAYEND_SEC"/>
    <result property="DAYEND_TIME"
    		column="DAYEND_TIME"/>
    <result property="FILE_LEN"
    		column="FILE_LEN"/>
    <result property="HIST_DAY"
    		column="HIST_DAY"/>
    <result property="PASS_DAY"
    		column="PASS_DAY"/>
    <result property="PLAT_DATE"
    		column="PLAT_DATE"/>
    <result property="PLAT_NAME"
    		column="PLAT_NAME"/>
    <result property="PLAT_NO"
    		column="PLAT_NO"/>
    <result property="PLAT_SEQ"
    		column="PLAT_SEQ"/>
    <result property="PLAT_STAT"
    		column="PLAT_STAT"/>
    <result property="VERSION"
    		column="VERSION"/>
  </resultMap>
  <sql id="AllColsT_PLAT_PARA">PLAT_NO,PLAT_NAME,PLAT_STAT,PLAT_DATE,CLEAR_DATE,ACT_DATE,BRCH_NO,DAYEND_FLAG,DAYEND_DATE,DAYEND_TIME,DAYEND_SEC,PASS_DAY,HIST_DAY,FILE_LEN,CHK_KEEP,PLAT_SEQ,BAT_SEQ,VERSION,DAC</sql>
  <sql id="SetAllColsValuesT_PLAT_PARA">#{PLAT_NO,jdbcType=VARCHAR},#{PLAT_NAME,jdbcType=VARCHAR},#{PLAT_STAT,jdbcType=VARCHAR},#{PLAT_DATE,jdbcType=VARCHAR},#{CLEAR_DATE,jdbcType=VARCHAR},#{ACT_DATE,jdbcType=VARCHAR},#{BRCH_NO,jdbcType=VARCHAR},#{DAYEND_FLAG,jdbcType=INTEGER},#{DAYEND_DATE,jdbcType=VARCHAR},#{DAYEND_TIME,jdbcType=VARCHAR},#{DAYEND_SEC,jdbcType=INTEGER},#{PASS_DAY,jdbcType=INTEGER},#{HIST_DAY,jdbcType=INTEGER},#{FILE_LEN,jdbcType=INTEGER},#{CHK_KEEP,jdbcType=INTEGER},#{PLAT_SEQ,jdbcType=INTEGER},#{BAT_SEQ,jdbcType=INTEGER},#{VERSION,jdbcType=VARCHAR},#{DAC,jdbcType=VARCHAR}</sql>
  <select id="selectListT_PLAT_PARA"
  		resultMap="T_PLAT_PARAResult">SELECT <include refid="AllColsT_PLAT_PARA" /> FROM T_PLAT_PARA</select>
  <delete id="deleteT_PLAT_PARA">DELETE FROM T_PLAT_PARA</delete>
  <insert id="insertT_PLAT_PARA"
  		parameterMap="T_PLAT_PARAParam">INSERT INTO T_PLAT_PARA(<include refid="AllColsT_PLAT_PARA" />) VALUES (<include refid="SetAllColsValuesT_PLAT_PARA" />)</insert>
  <update id="updateT_PLAT_PARA"
  		parameterMap="T_PLAT_PARAParam">UPDATE T_PLAT_PARA SET PLAT_NO = #{PLAT_NO,jdbcType=VARCHAR}, PLAT_NAME = #{PLAT_NAME,jdbcType=VARCHAR}, PLAT_STAT = #{PLAT_STAT,jdbcType=VARCHAR}, PLAT_DATE = #{PLAT_DATE,jdbcType=VARCHAR}, CLEAR_DATE = #{CLEAR_DATE,jdbcType=VARCHAR}, ACT_DATE = #{ACT_DATE,jdbcType=VARCHAR}, BRCH_NO = #{BRCH_NO,jdbcType=VARCHAR}, DAYEND_FLAG = #{DAYEND_FLAG,jdbcType=INTEGER}, DAYEND_DATE = #{DAYEND_DATE,jdbcType=VARCHAR}, DAYEND_TIME = #{DAYEND_TIME,jdbcType=VARCHAR}, DAYEND_SEC = #{DAYEND_SEC,jdbcType=INTEGER}, PASS_DAY = #{PASS_DAY,jdbcType=INTEGER}, HIST_DAY = #{HIST_DAY,jdbcType=INTEGER}, FILE_LEN = #{FILE_LEN,jdbcType=INTEGER}, CHK_KEEP = #{CHK_KEEP,jdbcType=INTEGER}, PLAT_SEQ = #{PLAT_SEQ,jdbcType=INTEGER}, BAT_SEQ = #{BAT_SEQ,jdbcType=INTEGER}, VERSION = #{VERSION,jdbcType=VARCHAR}, DAC = #{DAC,jdbcType=VARCHAR}</update>
  <select id="selectOneui_t_plat_para"
  		parameterMap="T_PLAT_PARAParam"
  		resultMap="T_PLAT_PARAResult">SELECT <include refid="AllColsT_PLAT_PARA" /> FROM T_PLAT_PARA WHERE PLAT_NO=#{PLAT_NO,jdbcType=VARCHAR}</select>
  <update id="updateui_t_plat_para"
  		parameterMap="T_PLAT_PARAParam">UPDATE T_PLAT_PARA SET PLAT_NO = #{PLAT_NO,jdbcType=VARCHAR}, PLAT_NAME = #{PLAT_NAME,jdbcType=VARCHAR}, PLAT_STAT = #{PLAT_STAT,jdbcType=VARCHAR}, PLAT_DATE = #{PLAT_DATE,jdbcType=VARCHAR}, CLEAR_DATE = #{CLEAR_DATE,jdbcType=VARCHAR}, ACT_DATE = #{ACT_DATE,jdbcType=VARCHAR}, BRCH_NO = #{BRCH_NO,jdbcType=VARCHAR}, DAYEND_FLAG = #{DAYEND_FLAG,jdbcType=INTEGER}, DAYEND_DATE = #{DAYEND_DATE,jdbcType=VARCHAR}, DAYEND_TIME = #{DAYEND_TIME,jdbcType=VARCHAR}, DAYEND_SEC = #{DAYEND_SEC,jdbcType=INTEGER}, PASS_DAY = #{PASS_DAY,jdbcType=INTEGER}, HIST_DAY = #{HIST_DAY,jdbcType=INTEGER}, FILE_LEN = #{FILE_LEN,jdbcType=INTEGER}, CHK_KEEP = #{CHK_KEEP,jdbcType=INTEGER}, PLAT_SEQ = #{PLAT_SEQ,jdbcType=INTEGER}, BAT_SEQ = #{BAT_SEQ,jdbcType=INTEGER}, VERSION = #{VERSION,jdbcType=VARCHAR}, DAC = #{DAC,jdbcType=VARCHAR} WHERE PLAT_NO=#{PLAT_NO,jdbcType=VARCHAR}</update>
  <insert id="insertui_t_plat_para"
  		parameterMap="T_PLAT_PARAParam">INSERT INTO T_PLAT_PARA(<include refid="AllColsT_PLAT_PARA" />) VALUES (<include refid="SetAllColsValuesT_PLAT_PARA" />)</insert>
  <delete id="deleteui_t_plat_para"
  		parameterMap="T_PLAT_PARAParam">DELETE FROM T_PLAT_PARA WHERE PLAT_NO=#{PLAT_NO,jdbcType=VARCHAR}</delete>
  <update id="updateDayendFlag"
  		parameterMap="T_PLAT_PARAParam">UPDATE t_plat_para SET dayend_flag=#{dayend_flag,jdbcType=INTEGER}</update>
</mapper>
