<?xml version="1.0" encoding="UTF-8"?>
<!DOCTYPE mapper  PUBLIC "-//ibatis.apache.org//DTD Mapper 3.0//EN" "http://ibatis.apache.org/dtd/ibatis-3-mapper.dtd">

<mapper namespace="T_PUB_PARA">
  <parameterMap id="T_PUB_PARAParam"
  		type="java.util.Map">
    <parameter property="DAC"
    		javaType="String"
    		mode="IN"
    		jdbcType="VARCHAR"/>
    <parameter property="INT_VAL1"
    		javaType="Integer"
    		mode="IN"
    		jdbcType="INTEGER"/>
    <parameter property="INT_VAL2"
    		javaType="Integer"
    		mode="IN"
    		jdbcType="INTEGER"/>
    <parameter property="MSG1"
    		javaType="String"
    		mode="IN"
    		jdbcType="VARCHAR"/>
    <parameter property="MSG2"
    		javaType="String"
    		mode="IN"
    		jdbcType="VARCHAR"/>
    <parameter property="PARA_NO"
    		javaType="String"
    		mode="IN"
    		jdbcType="VARCHAR"/>
    <parameter property="PARA_TYPE"
    		javaType="String"
    		mode="IN"
    		jdbcType="VARCHAR"/>
    <parameter property="STAT"
    		javaType="String"
    		mode="IN"
    		jdbcType="VARCHAR"/>
    <parameter property="STAT1"
    		javaType="String"
    		mode="IN"
    		jdbcType="VARCHAR"/>
    <parameter property="STAT2"
    		javaType="String"
    		mode="IN"
    		jdbcType="VARCHAR"/>
    <parameter property="VAL1"
    		javaType="String"
    		mode="IN"
    		jdbcType="VARCHAR"/>
    <parameter property="VAL2"
    		javaType="String"
    		mode="IN"
    		jdbcType="VARCHAR"/>
    <parameter property="__BEGIN_REC"
    		javaType="Integer"
    		mode="IN"
    		jdbcType="INTEGER"/>
    <parameter property="__MAX_REC"
    		javaType="Integer"
    		mode="IN"
    		jdbcType="INTEGER"/>
  </parameterMap>
  <resultMap id="T_PUB_PARAResult"
  		type="java.util.Map">
    <result property="DAC"
    		column="DAC"/>
    <result property="INT_VAL1"
    		column="INT_VAL1"/>
    <result property="INT_VAL2"
    		column="INT_VAL2"/>
    <result property="MSG1"
    		column="MSG1"/>
    <result property="MSG2"
    		column="MSG2"/>
    <result property="PARA_NO"
    		column="PARA_NO"/>
    <result property="PARA_TYPE"
    		column="PARA_TYPE"/>
    <result property="STAT"
    		column="STAT"/>
    <result property="STAT1"
    		column="STAT1"/>
    <result property="STAT2"
    		column="STAT2"/>
    <result property="VAL1"
    		column="VAL1"/>
    <result property="VAL2"
    		column="VAL2"/>
  </resultMap>
  <sql id="AllColsT_PUB_PARA">PARA_TYPE,PARA_NO,STAT1,STAT2,VAL1,VAL2,MSG1,MSG2,INT_VAL1,INT_VAL2,STAT,DAC</sql>
  <sql id="SetAllColsValuesT_PUB_PARA">#{PARA_TYPE,jdbcType=VARCHAR},#{PARA_NO,jdbcType=VARCHAR},#{STAT1,jdbcType=VARCHAR},#{STAT2,jdbcType=VARCHAR},#{VAL1,jdbcType=VARCHAR},#{VAL2,jdbcType=VARCHAR},#{MSG1,jdbcType=VARCHAR},#{MSG2,jdbcType=VARCHAR},#{INT_VAL1,jdbcType=INTEGER},#{INT_VAL2,jdbcType=INTEGER},#{STAT,jdbcType=VARCHAR},#{DAC,jdbcType=VARCHAR}</sql>
  <select id="selectListT_PUB_PARA"
  		resultMap="T_PUB_PARAResult">SELECT <include refid="AllColsT_PUB_PARA" /> FROM T_PUB_PARA</select>
  <delete id="deleteT_PUB_PARA">DELETE FROM T_PUB_PARA</delete>
  <insert id="insertT_PUB_PARA"
  		parameterMap="T_PUB_PARAParam">INSERT INTO T_PUB_PARA(<include refid="AllColsT_PUB_PARA" />) VALUES (<include refid="SetAllColsValuesT_PUB_PARA" />)</insert>
  <update id="updateT_PUB_PARA"
  		parameterMap="T_PUB_PARAParam">UPDATE T_PUB_PARA SET PARA_TYPE = #{PARA_TYPE,jdbcType=VARCHAR}, PARA_NO = #{PARA_NO,jdbcType=VARCHAR}, STAT1 = #{STAT1,jdbcType=VARCHAR}, STAT2 = #{STAT2,jdbcType=VARCHAR}, VAL1 = #{VAL1,jdbcType=VARCHAR}, VAL2 = #{VAL2,jdbcType=VARCHAR}, MSG1 = #{MSG1,jdbcType=VARCHAR}, MSG2 = #{MSG2,jdbcType=VARCHAR}, INT_VAL1 = #{INT_VAL1,jdbcType=INTEGER}, INT_VAL2 = #{INT_VAL2,jdbcType=INTEGER}, STAT = #{STAT,jdbcType=VARCHAR}, DAC = #{DAC,jdbcType=VARCHAR}</update>
  <select id="selectOneui_t_pub_para"
  		parameterMap="T_PUB_PARAParam"
  		resultMap="T_PUB_PARAResult">SELECT <include refid="AllColsT_PUB_PARA" /> FROM T_PUB_PARA WHERE PARA_TYPE=#{PARA_TYPE,jdbcType=VARCHAR} and PARA_NO=#{PARA_NO,jdbcType=VARCHAR}</select>
  <update id="updateui_t_pub_para"
  		parameterMap="T_PUB_PARAParam">UPDATE T_PUB_PARA SET PARA_TYPE = #{PARA_TYPE,jdbcType=VARCHAR}, PARA_NO = #{PARA_NO,jdbcType=VARCHAR}, STAT1 = #{STAT1,jdbcType=VARCHAR}, STAT2 = #{STAT2,jdbcType=VARCHAR}, VAL1 = #{VAL1,jdbcType=VARCHAR}, VAL2 = #{VAL2,jdbcType=VARCHAR}, MSG1 = #{MSG1,jdbcType=VARCHAR}, MSG2 = #{MSG2,jdbcType=VARCHAR}, INT_VAL1 = #{INT_VAL1,jdbcType=INTEGER}, INT_VAL2 = #{INT_VAL2,jdbcType=INTEGER}, STAT = #{STAT,jdbcType=VARCHAR}, DAC = #{DAC,jdbcType=VARCHAR} WHERE PARA_TYPE=#{PARA_TYPE,jdbcType=VARCHAR} and PARA_NO=#{PARA_NO,jdbcType=VARCHAR}</update>
  <insert id="insertui_t_pub_para"
  		parameterMap="T_PUB_PARAParam">INSERT INTO T_PUB_PARA(<include refid="AllColsT_PUB_PARA" />) VALUES (<include refid="SetAllColsValuesT_PUB_PARA" />)</insert>
  <delete id="deleteui_t_pub_para"
  		parameterMap="T_PUB_PARAParam">DELETE FROM T_PUB_PARA WHERE PARA_TYPE=#{PARA_TYPE,jdbcType=VARCHAR} and PARA_NO=#{PARA_NO,jdbcType=VARCHAR}</delete>
</mapper>
