<?xml version="1.0" encoding="UTF-8"?>
<!DOCTYPE mapper  PUBLIC "-//ibatis.apache.org//DTD Mapper 3.0//EN" "http://ibatis.apache.org/dtd/ibatis-3-mapper.dtd">

<mapper namespace="T_SMS_CONFIRM">
  <parameterMap id="T_SMS_CONFIRMParam"
  		type="java.util.Map">
    <parameter property="FAIL_TIMES"
    		javaType="Integer"
    		mode="IN"
    		jdbcType="INTEGER"/>
    <parameter property="FLAG"
    		javaType="String"
    		mode="IN"
    		jdbcType="VARCHAR"/>
    <parameter property="INVL_DATE"
    		javaType="String"
    		mode="IN"
    		jdbcType="VARCHAR"/>
    <parameter property="LINK_CODE"
    		javaType="String"
    		mode="IN"
    		jdbcType="VARCHAR"/>
    <parameter property="OTH_SEQ"
    		javaType="String"
    		mode="IN"
    		jdbcType="VARCHAR"/>
    <parameter property="PHN"
    		javaType="String"
    		mode="IN"
    		jdbcType="VARCHAR"/>
    <parameter property="PLAT_DATE"
    		javaType="String"
    		mode="IN"
    		jdbcType="VARCHAR"/>
    <parameter property="RMRK"
    		javaType="String"
    		mode="IN"
    		jdbcType="VARCHAR"/>
    <parameter property="RMRK1"
    		javaType="String"
    		mode="IN"
    		jdbcType="VARCHAR"/>
    <parameter property="RMRK2"
    		javaType="String"
    		mode="IN"
    		jdbcType="VARCHAR"/>
    <parameter property="SEQ_NO"
    		javaType="Integer"
    		mode="IN"
    		jdbcType="INTEGER"/>
    <parameter property="SIGN_BRCH"
    		javaType="String"
    		mode="IN"
    		jdbcType="VARCHAR"/>
    <parameter property="TX_DATE"
    		javaType="String"
    		mode="IN"
    		jdbcType="VARCHAR"/>
    <parameter property="VRFY_NO"
    		javaType="Integer"
    		mode="IN"
    		jdbcType="INTEGER"/>
    <parameter property="__BEGIN_REC"
    		javaType="Integer"
    		mode="IN"
    		jdbcType="INTEGER"/>
    <parameter property="__MAX_REC"
    		javaType="Integer"
    		mode="IN"
    		jdbcType="INTEGER"/>
  </parameterMap>
  <resultMap id="T_SMS_CONFIRMResult"
  		type="java.util.Map">
    <result property="FAIL_TIMES"
    		column="FAIL_TIMES"/>
    <result property="FLAG"
    		column="FLAG"/>
    <result property="INVL_DATE"
    		column="INVL_DATE"/>
    <result property="LINK_CODE"
    		column="LINK_CODE"/>
    <result property="OTH_SEQ"
    		column="OTH_SEQ"/>
    <result property="PHN"
    		column="PHN"/>
    <result property="PLAT_DATE"
    		column="PLAT_DATE"/>
    <result property="RMRK"
    		column="RMRK"/>
    <result property="RMRK1"
    		column="RMRK1"/>
    <result property="RMRK2"
    		column="RMRK2"/>
    <result property="SEQ_NO"
    		column="SEQ_NO"/>
    <result property="SIGN_BRCH"
    		column="SIGN_BRCH"/>
    <result property="TX_DATE"
    		column="TX_DATE"/>
    <result property="VRFY_NO"
    		column="VRFY_NO"/>
  </resultMap>
  <sql id="AllColsT_SMS_CONFIRM">PLAT_DATE,SEQ_NO,SIGN_BRCH,OTH_SEQ,VRFY_NO,LINK_CODE,PHN,TX_DATE,INVL_DATE,FAIL_TIMES,FLAG,RMRK,RMRK1,RMRK2</sql>
  <sql id="SetAllColsValuesT_SMS_CONFIRM">#{PLAT_DATE,jdbcType=VARCHAR},#{SEQ_NO,jdbcType=INTEGER},#{SIGN_BRCH,jdbcType=VARCHAR},#{OTH_SEQ,jdbcType=VARCHAR},#{VRFY_NO,jdbcType=INTEGER},#{LINK_CODE,jdbcType=VARCHAR},#{PHN,jdbcType=VARCHAR},#{TX_DATE,jdbcType=VARCHAR},#{INVL_DATE,jdbcType=VARCHAR},#{FAIL_TIMES,jdbcType=INTEGER},#{FLAG,jdbcType=VARCHAR},#{RMRK,jdbcType=VARCHAR},#{RMRK1,jdbcType=VARCHAR},#{RMRK2,jdbcType=VARCHAR}</sql>
  <select id="selectListT_SMS_CONFIRM"
  		resultMap="T_SMS_CONFIRMResult">SELECT <include refid="AllColsT_SMS_CONFIRM" /> FROM T_SMS_CONFIRM</select>
  <delete id="deleteT_SMS_CONFIRM">DELETE FROM T_SMS_CONFIRM</delete>
  <insert id="insertT_SMS_CONFIRM"
  		parameterMap="T_SMS_CONFIRMParam">INSERT INTO T_SMS_CONFIRM(<include refid="AllColsT_SMS_CONFIRM" />) VALUES (<include refid="SetAllColsValuesT_SMS_CONFIRM" />)</insert>
  <update id="updateT_SMS_CONFIRM"
  		parameterMap="T_SMS_CONFIRMParam">UPDATE T_SMS_CONFIRM SET PLAT_DATE = #{PLAT_DATE,jdbcType=VARCHAR}, SEQ_NO = #{SEQ_NO,jdbcType=INTEGER}, SIGN_BRCH = #{SIGN_BRCH,jdbcType=VARCHAR}, OTH_SEQ = #{OTH_SEQ,jdbcType=VARCHAR}, VRFY_NO = #{VRFY_NO,jdbcType=INTEGER}, LINK_CODE = #{LINK_CODE,jdbcType=VARCHAR}, PHN = #{PHN,jdbcType=VARCHAR}, TX_DATE = #{TX_DATE,jdbcType=VARCHAR}, INVL_DATE = #{INVL_DATE,jdbcType=VARCHAR}, FAIL_TIMES = #{FAIL_TIMES,jdbcType=INTEGER}, FLAG = #{FLAG,jdbcType=VARCHAR}, RMRK = #{RMRK,jdbcType=VARCHAR}, RMRK1 = #{RMRK1,jdbcType=VARCHAR}, RMRK2 = #{RMRK2,jdbcType=VARCHAR}</update>
</mapper>
