<?xml version="1.0" encoding="UTF-8"?>
<!DOCTYPE mapper  PUBLIC "-//ibatis.apache.org//DTD Mapper 3.0//EN" "http://ibatis.apache.org/dtd/ibatis-3-mapper.dtd">

<mapper namespace="T_SMS_INFO">
  <parameterMap id="T_SMS_INFOParam"
  		type="java.util.Map">
    <parameter property="ACCT_NO"
    		javaType="String"
    		mode="IN"
    		jdbcType="VARCHAR"/>
    <parameter property="BRCH_NO"
    		javaType="String"
    		mode="IN"
    		jdbcType="VARCHAR"/>
    <parameter property="CHNL_NO"
    		javaType="String"
    		mode="IN"
    		jdbcType="VARCHAR"/>
    <parameter property="CRT_DATE"
    		javaType="String"
    		mode="IN"
    		jdbcType="VARCHAR"/>
    <parameter property="PHN"
    		javaType="String"
    		mode="IN"
    		jdbcType="VARCHAR"/>
    <parameter property="RMRK"
    		javaType="String"
    		mode="IN"
    		jdbcType="VARCHAR"/>
    <parameter property="RMRK1"
    		javaType="String"
    		mode="IN"
    		jdbcType="VARCHAR"/>
    <parameter property="SMS_MSG"
    		javaType="String"
    		mode="IN"
    		jdbcType="VARCHAR"/>
    <parameter property="SMS_SEQ"
    		javaType="Integer"
    		mode="IN"
    		jdbcType="INTEGER"/>
    <parameter property="SND_DATE"
    		javaType="String"
    		mode="IN"
    		jdbcType="VARCHAR"/>
    <parameter property="SND_STAT"
    		javaType="String"
    		mode="IN"
    		jdbcType="VARCHAR"/>
    <parameter property="SND_TIMES"
    		javaType="Integer"
    		mode="IN"
    		jdbcType="INTEGER"/>
    <parameter property="__BEGIN_REC"
    		javaType="Integer"
    		mode="IN"
    		jdbcType="INTEGER"/>
    <parameter property="__MAX_REC"
    		javaType="Integer"
    		mode="IN"
    		jdbcType="INTEGER"/>
  </parameterMap>
  <resultMap id="T_SMS_INFOResult"
  		type="java.util.Map">
    <result property="ACCT_NO"
    		column="ACCT_NO"/>
    <result property="BRCH_NO"
    		column="BRCH_NO"/>
    <result property="CHNL_NO"
    		column="CHNL_NO"/>
    <result property="CRT_DATE"
    		column="CRT_DATE"/>
    <result property="PHN"
    		column="PHN"/>
    <result property="RMRK"
    		column="RMRK"/>
    <result property="RMRK1"
    		column="RMRK1"/>
    <result property="SMS_MSG"
    		column="SMS_MSG"/>
    <result property="SMS_SEQ"
    		column="SMS_SEQ"/>
    <result property="SND_DATE"
    		column="SND_DATE"/>
    <result property="SND_STAT"
    		column="SND_STAT"/>
    <result property="SND_TIMES"
    		column="SND_TIMES"/>
  </resultMap>
  <sql id="AllColsT_SMS_INFO">SMS_SEQ,CHNL_NO,ACCT_NO,BRCH_NO,PHN,SMS_MSG,SND_STAT,CRT_DATE,SND_DATE,SND_TIMES,RMRK,RMRK1</sql>
  <sql id="SetAllColsValuesT_SMS_INFO">#{SMS_SEQ,jdbcType=INTEGER},#{CHNL_NO,jdbcType=VARCHAR},#{ACCT_NO,jdbcType=VARCHAR},#{BRCH_NO,jdbcType=VARCHAR},#{PHN,jdbcType=VARCHAR},#{SMS_MSG,jdbcType=VARCHAR},#{SND_STAT,jdbcType=VARCHAR},#{CRT_DATE,jdbcType=VARCHAR},#{SND_DATE,jdbcType=VARCHAR},#{SND_TIMES,jdbcType=INTEGER},#{RMRK,jdbcType=VARCHAR},#{RMRK1,jdbcType=VARCHAR}</sql>
  <select id="selectListT_SMS_INFO"
  		resultMap="T_SMS_INFOResult">SELECT <include refid="AllColsT_SMS_INFO" /> FROM T_SMS_INFO</select>
  <delete id="deleteT_SMS_INFO">DELETE FROM T_SMS_INFO</delete>
  <insert id="insertT_SMS_INFO"
  		parameterMap="T_SMS_INFOParam">INSERT INTO T_SMS_INFO(<include refid="AllColsT_SMS_INFO" />) VALUES (<include refid="SetAllColsValuesT_SMS_INFO" />)</insert>
  <update id="updateT_SMS_INFO"
  		parameterMap="T_SMS_INFOParam">UPDATE T_SMS_INFO SET SMS_SEQ = #{SMS_SEQ,jdbcType=INTEGER}, CHNL_NO = #{CHNL_NO,jdbcType=VARCHAR}, ACCT_NO = #{ACCT_NO,jdbcType=VARCHAR}, BRCH_NO = #{BRCH_NO,jdbcType=VARCHAR}, PHN = #{PHN,jdbcType=VARCHAR}, SMS_MSG = #{SMS_MSG,jdbcType=VARCHAR}, SND_STAT = #{SND_STAT,jdbcType=VARCHAR}, CRT_DATE = #{CRT_DATE,jdbcType=VARCHAR}, SND_DATE = #{SND_DATE,jdbcType=VARCHAR}, SND_TIMES = #{SND_TIMES,jdbcType=INTEGER}, RMRK = #{RMRK,jdbcType=VARCHAR}, RMRK1 = #{RMRK1,jdbcType=VARCHAR}</update>
  <select id="selectOneui_t_sms_info"
  		parameterMap="T_SMS_INFOParam"
  		resultMap="T_SMS_INFOResult">SELECT <include refid="AllColsT_SMS_INFO" /> FROM T_SMS_INFO WHERE SMS_SEQ=#{SMS_SEQ,jdbcType=INTEGER} and CHNL_NO=#{CHNL_NO,jdbcType=VARCHAR}</select>
  <update id="updateui_t_sms_info"
  		parameterMap="T_SMS_INFOParam">UPDATE T_SMS_INFO SET SMS_SEQ = #{SMS_SEQ,jdbcType=INTEGER}, CHNL_NO = #{CHNL_NO,jdbcType=VARCHAR}, ACCT_NO = #{ACCT_NO,jdbcType=VARCHAR}, BRCH_NO = #{BRCH_NO,jdbcType=VARCHAR}, PHN = #{PHN,jdbcType=VARCHAR}, SMS_MSG = #{SMS_MSG,jdbcType=VARCHAR}, SND_STAT = #{SND_STAT,jdbcType=VARCHAR}, CRT_DATE = #{CRT_DATE,jdbcType=VARCHAR}, SND_DATE = #{SND_DATE,jdbcType=VARCHAR}, SND_TIMES = #{SND_TIMES,jdbcType=INTEGER}, RMRK = #{RMRK,jdbcType=VARCHAR}, RMRK1 = #{RMRK1,jdbcType=VARCHAR} WHERE SMS_SEQ=#{SMS_SEQ,jdbcType=INTEGER} and CHNL_NO=#{CHNL_NO,jdbcType=VARCHAR}</update>
  <insert id="insertui_t_sms_info"
  		parameterMap="T_SMS_INFOParam">INSERT INTO T_SMS_INFO(<include refid="AllColsT_SMS_INFO" />) VALUES (<include refid="SetAllColsValuesT_SMS_INFO" />)</insert>
  <delete id="deleteui_t_sms_info"
  		parameterMap="T_SMS_INFOParam">DELETE FROM T_SMS_INFO WHERE SMS_SEQ=#{SMS_SEQ,jdbcType=INTEGER} and CHNL_NO=#{CHNL_NO,jdbcType=VARCHAR}</delete>
</mapper>
