<?xml version="1.0" encoding="UTF-8"?>
<!DOCTYPE mapper  PUBLIC "-//ibatis.apache.org//DTD Mapper 3.0//EN" "http://ibatis.apache.org/dtd/ibatis-3-mapper.dtd">

<mapper namespace="T_TX">
  <parameterMap id="T_TXParam"
  		type="java.util.Map">
    <parameter property="DAC"
    		javaType="String"
    		mode="IN"
    		jdbcType="VARCHAR"/>
    <parameter property="FLAG1"
    		javaType="String"
    		mode="IN"
    		jdbcType="VARCHAR"/>
    <parameter property="FLAG2"
    		javaType="String"
    		mode="IN"
    		jdbcType="VARCHAR"/>
    <parameter property="INS_JRNL"
    		javaType="String"
    		mode="IN"
    		jdbcType="VARCHAR"/>
    <parameter property="TX_CODE"
    		javaType="String"
    		mode="IN"
    		jdbcType="VARCHAR"/>
    <parameter property="TX_INST_NUM"
    		javaType="Integer"
    		mode="IN"
    		jdbcType="INTEGER"/>
    <parameter property="TX_NAME"
    		javaType="String"
    		mode="IN"
    		jdbcType="VARCHAR"/>
    <parameter property="TX_STAT"
    		javaType="String"
    		mode="IN"
    		jdbcType="VARCHAR"/>
    <parameter property="TX_TYPE"
    		javaType="String"
    		mode="IN"
    		jdbcType="VARCHAR"/>
    <parameter property="__BEGIN_REC"
    		javaType="Integer"
    		mode="IN"
    		jdbcType="INTEGER"/>
    <parameter property="__MAX_REC"
    		javaType="Integer"
    		mode="IN"
    		jdbcType="INTEGER"/>
  </parameterMap>
  <resultMap id="T_TXResult"
  		type="java.util.Map">
    <result property="DAC"
    		column="DAC"/>
    <result property="FLAG1"
    		column="FLAG1"/>
    <result property="FLAG2"
    		column="FLAG2"/>
    <result property="INS_JRNL"
    		column="INS_JRNL"/>
    <result property="TX_CODE"
    		column="TX_CODE"/>
    <result property="TX_INST_NUM"
    		column="TX_INST_NUM"/>
    <result property="TX_NAME"
    		column="TX_NAME"/>
    <result property="TX_STAT"
    		column="TX_STAT"/>
    <result property="TX_TYPE"
    		column="TX_TYPE"/>
  </resultMap>
  <sql id="AllColsT_TX">TX_CODE,TX_TYPE,TX_STAT,TX_NAME,TX_INST_NUM,INS_JRNL,FLAG1,FLAG2,DAC</sql>
  <sql id="SetAllColsValuesT_TX">#{TX_CODE,jdbcType=VARCHAR},#{TX_TYPE,jdbcType=VARCHAR},#{TX_STAT,jdbcType=VARCHAR},#{TX_NAME,jdbcType=VARCHAR},#{TX_INST_NUM,jdbcType=INTEGER},#{INS_JRNL,jdbcType=VARCHAR},#{FLAG1,jdbcType=VARCHAR},#{FLAG2,jdbcType=VARCHAR},#{DAC,jdbcType=VARCHAR}</sql>
  <select id="selectListT_TX"
  		resultMap="T_TXResult">SELECT <include refid="AllColsT_TX" /> FROM T_TX</select>
  <delete id="deleteT_TX">DELETE FROM T_TX</delete>
  <insert id="insertT_TX"
  		parameterMap="T_TXParam">INSERT INTO T_TX(<include refid="AllColsT_TX" />) VALUES (<include refid="SetAllColsValuesT_TX" />)</insert>
  <update id="updateT_TX"
  		parameterMap="T_TXParam">UPDATE T_TX SET TX_CODE = #{TX_CODE,jdbcType=VARCHAR}, TX_TYPE = #{TX_TYPE,jdbcType=VARCHAR}, TX_STAT = #{TX_STAT,jdbcType=VARCHAR}, TX_NAME = #{TX_NAME,jdbcType=VARCHAR}, TX_INST_NUM = #{TX_INST_NUM,jdbcType=INTEGER}, INS_JRNL = #{INS_JRNL,jdbcType=VARCHAR}, FLAG1 = #{FLAG1,jdbcType=VARCHAR}, FLAG2 = #{FLAG2,jdbcType=VARCHAR}, DAC = #{DAC,jdbcType=VARCHAR}</update>
  <select id="selectOneui_t_tx"
  		parameterMap="T_TXParam"
  		resultMap="T_TXResult">SELECT <include refid="AllColsT_TX" /> FROM T_TX WHERE TX_CODE=#{TX_CODE,jdbcType=VARCHAR}</select>
  <update id="updateui_t_tx"
  		parameterMap="T_TXParam">UPDATE T_TX SET TX_CODE = #{TX_CODE,jdbcType=VARCHAR}, TX_TYPE = #{TX_TYPE,jdbcType=VARCHAR}, TX_STAT = #{TX_STAT,jdbcType=VARCHAR}, TX_NAME = #{TX_NAME,jdbcType=VARCHAR}, TX_INST_NUM = #{TX_INST_NUM,jdbcType=INTEGER}, INS_JRNL = #{INS_JRNL,jdbcType=VARCHAR}, FLAG1 = #{FLAG1,jdbcType=VARCHAR}, FLAG2 = #{FLAG2,jdbcType=VARCHAR}, DAC = #{DAC,jdbcType=VARCHAR} WHERE TX_CODE=#{TX_CODE,jdbcType=VARCHAR}</update>
  <insert id="insertui_t_tx"
  		parameterMap="T_TXParam">INSERT INTO T_TX(<include refid="AllColsT_TX" />) VALUES (<include refid="SetAllColsValuesT_TX" />)</insert>
  <delete id="deleteui_t_tx"
  		parameterMap="T_TXParam">DELETE FROM T_TX WHERE TX_CODE=#{TX_CODE,jdbcType=VARCHAR}</delete>
</mapper>
