<?xml version="1.0" encoding="UTF-8"?>

<beans xmlns="http://www.springframework.org/schema/beans" xmlns:xsi="http://www.w3.org/2001/XMLSchema-instance" xmlns:c="http://www.springframework.org/schema/c" xmlns:p="http://www.springframework.org/schema/p" xmlns:context="http://www.springframework.org/schema/context"
		xsi:schemaLocation="http://www.springframework.org/schema/beans
http://www.springframework.org/schema/beans/spring-beans-4.0.xsd
http://www.springframework.org/schema/context
http://www.springframework.org/schema/context/spring-context-4.0.xsd">
  <bean id="comm"
  		class="com.adtec.ncps.Comm"
  		name="DAT通讯专用"/>
  <bean id="digSign"
  		class="com.adtec.ncps.DigSignProc"
  		name="数字签名处理类"/>
  <bean id="cupHttpSvr"
  		class="com.adtec.ncps.CupHttpServerComm"
  		name="银联HTTP服务端类"
  		scope="prototype"/>
  <bean id="apacheHttpServerComm"
  		class="com.adtec.ncps.ApacheHttpServerComm"
  		name="http客户化类"
  		scope="prototype"/>
  <bean id="tuxedoJoltComm"
  		class="com.adtec.ncps.TuxedoJoltComm"
  		name="tuxedo服务通讯"
  		scope="prototype"/>
  <bean id="termPubBean"
  		class="com.adtec.ncps.TermPubBean"
  		name="柜面公共处理类"/>
  <bean id="apacheHttpClientComm"
  		class="com.adtec.ncps.ApacheHttpClientComm"
  		name="http客户端客户化代码"
  		scope="prototype"/>
  <bean id="tongeasyClient"
  		class="com.adtec.ncps.TongeasyClientComm"
  		name="tongeasy客户端"
  		scope="prototype"/>
  <bean id="jsonMessageNoRootFormat"
  		class="com.adtec.starring.format.support.JSonMessageNoRootFormat"
  		name="json解析无根节点"/>
  <bean id="qrDigSign"
  		class="com.adtec.ncps.QrDigSign"
  		name="二维码签名类"/>
  <bean id="qrDtaUtil"
  		class="com.adtec.ncps.QrDtaUtil"
  		name="二维码dta工具类"/>
  <bean id="httpClientCommJSon"
  		class="com.adtec.starring.dta.protocol.http.HttpClientCommJSon"
  		name="json格式http客户端"/>
</beans>
