<?xml version="1.0" encoding="UTF-8"?>

<DataDictTab RecNum="100">
  <DataDict Name="bool"
  		Desc="bool"
  		CName="bool"
  		BaseTypeName=""
  		DesensitizationType=""
  		MaxLen="0"
  		DataType=""
  		DataDec="0"
  		NodeClassName="未分类"
  		NodeClassDesc="未分类"/>
  <DataDict Name="byte_158"
  		Desc="158格式通用byte"
  		CName="158格式通用byte"
  		BaseTypeName=""
  		DesensitizationType=""
  		MaxLen="158"
  		DataType="binary"
  		DataDec="0"
  		NodeClassName="未分类"
  		NodeClassDesc="未分类"/>
  <DataDict Name="byte_247"
  		Desc="247格式通用byte"
  		CName="247格式通用byte"
  		BaseTypeName=""
  		DesensitizationType=""
  		MaxLen="247"
  		DataType="binary"
  		DataDec="0"
  		NodeClassName="未分类"
  		NodeClassDesc="未分类"/>
  <DataDict Name="double_10_6"
  		Desc="10.6通用利率"
  		CName="10.6通用利率"
  		BaseTypeName=""
  		DesensitizationType=""
  		MaxLen="10"
  		DataType="double"
  		DataDec="6"
  		NodeClassName="未分类"
  		NodeClassDesc="未分类"/>
  <DataDict Name="double_15_2"
  		Desc="15.2通用金额"
  		CName="15.2通用金额"
  		BaseTypeName=""
  		DesensitizationType=""
  		MaxLen="15"
  		DataType="double"
  		DataDec="2"
  		NodeClassName="未分类"
  		NodeClassDesc="未分类"/>
  <DataDict Name="double_16bit"
  		Desc="16位通用浮点型"
  		CName="16位通用浮点型"
  		BaseTypeName=""
  		DesensitizationType=""
  		MaxLen="16"
  		DataType="double"
  		DataDec="0"
  		NodeClassName="未分类"
  		NodeClassDesc="未分类"/>
  <DataDict Name="double_16_2"
  		Desc="16.2通用金额"
  		CName="16.2通用金额"
  		BaseTypeName=""
  		DesensitizationType=""
  		MaxLen="16"
  		DataType="double"
  		DataDec="2"
  		NodeClassName="未分类"
  		NodeClassDesc="未分类"/>
  <DataDict Name="double_16_5"
  		Desc="16.5通用利率"
  		CName="16.5通用利率"
  		BaseTypeName=""
  		DesensitizationType=""
  		MaxLen="16"
  		DataType="double"
  		DataDec="5"
  		NodeClassName="未分类"
  		NodeClassDesc="未分类"/>
  <DataDict Name="double_17_2"
  		Desc="17.2通用金额"
  		CName="17.2通用金额"
  		BaseTypeName=""
  		DesensitizationType=""
  		MaxLen="17"
  		DataType="double"
  		DataDec="2"
  		NodeClassName="未分类"
  		NodeClassDesc="未分类"/>
  <DataDict Name="double_20_2"
  		Desc="20.2通用利率"
  		CName="20.2通用利率"
  		BaseTypeName=""
  		DesensitizationType=""
  		MaxLen="20"
  		DataType="double"
  		DataDec="2"
  		NodeClassName="未分类"
  		NodeClassDesc="未分类"/>
  <DataDict Name="int_10bit"
  		Desc="10位通用整形"
  		CName="10位通用整形"
  		BaseTypeName=""
  		DesensitizationType=""
  		MaxLen="10"
  		DataType="int"
  		DataDec="0"
  		NodeClassName="未分类"
  		NodeClassDesc="未分类"/>
  <DataDict Name="int_12bit"
  		Desc="12位通用整形"
  		CName="12位通用整形"
  		BaseTypeName=""
  		DesensitizationType=""
  		MaxLen="12"
  		DataType="int"
  		DataDec="0"
  		NodeClassName="未分类"
  		NodeClassDesc="未分类"/>
  <DataDict Name="int_1bit"
  		Desc="1位通用整形"
  		CName="1位通用整形"
  		BaseTypeName=""
  		DesensitizationType=""
  		MaxLen="1"
  		DataType="int"
  		DataDec="0"
  		NodeClassName="未分类"
  		NodeClassDesc="未分类"/>
  <DataDict Name="int_4bit"
  		Desc="4位通用整型"
  		CName="4位通用整型"
  		BaseTypeName=""
  		DesensitizationType=""
  		MaxLen="4"
  		DataType="int"
  		DataDec="0"
  		NodeClassName="未分类"
  		NodeClassDesc="未分类"/>
  <DataDict Name="int_6bit"
  		Desc="六位通用整型"
  		CName="六位通用整型"
  		BaseTypeName=""
  		DesensitizationType=""
  		MaxLen="6"
  		DataType="int"
  		DataDec="0"
  		NodeClassName="未分类"
  		NodeClassDesc="未分类"/>
  <DataDict Name="int_8bit"
  		Desc="8位通用整形"
  		CName="8位通用整形"
  		BaseTypeName=""
  		DesensitizationType=""
  		MaxLen="8"
  		DataType="int"
  		DataDec="0"
  		NodeClassName="未分类"
  		NodeClassDesc="未分类"/>
  <DataDict Name="long_32bit"
  		Desc="32位通用长整型"
  		CName="32位通用长整型"
  		BaseTypeName=""
  		DesensitizationType=""
  		MaxLen="32"
  		DataType="long"
  		DataDec="0"
  		NodeClassName="未分类"
  		NodeClassDesc="未分类"/>
  <DataDict Name="str_100bit"
  		Desc="100位通用字符串"
  		CName="100位通用字符串"
  		BaseTypeName=""
  		DesensitizationType=""
  		MaxLen="100"
  		DataType="string"
  		DataDec="0"
  		NodeClassName="未分类"
  		NodeClassDesc="未分类"/>
  <DataDict Name="str_1024bit"
  		Desc="1024位通用字符串"
  		CName="1024位通用字符串"
  		BaseTypeName=""
  		DesensitizationType=""
  		MaxLen="1024"
  		DataType="string"
  		DataDec="0"
  		NodeClassName="未分类"
  		NodeClassDesc="未分类"/>
  <DataDict Name="str_104bit"
  		Desc="104位通用字符串"
  		CName="104位通用字符串"
  		BaseTypeName=""
  		DesensitizationType=""
  		MaxLen="104"
  		DataType="string"
  		DataDec="0"
  		NodeClassName="未分类"
  		NodeClassDesc="未分类"/>
  <DataDict Name="str_106bit"
  		Desc="106位通用字符串"
  		CName="106位通用字符串"
  		BaseTypeName=""
  		DesensitizationType=""
  		MaxLen="106"
  		DataType="string"
  		DataDec="0"
  		NodeClassName="未分类"
  		NodeClassDesc="未分类"/>
  <DataDict Name="str_10bit"
  		Desc="10位通用字符串"
  		CName="10位通用字符串"
  		BaseTypeName=""
  		DesensitizationType=""
  		MaxLen="10"
  		DataType="string"
  		DataDec="0"
  		NodeClassName="未分类"
  		NodeClassDesc="未分类"/>
  <DataDict Name="str_112bit"
  		Desc="112位通用字符串"
  		CName="112位通用字符串"
  		BaseTypeName=""
  		DesensitizationType=""
  		MaxLen="112"
  		DataType="string"
  		DataDec="0"
  		NodeClassName="未分类"
  		NodeClassDesc="未分类"/>
  <DataDict Name="str_11bit"
  		Desc="11位通用字符串"
  		CName="11位通用字符串"
  		BaseTypeName=""
  		DesensitizationType=""
  		MaxLen="11"
  		DataType="string"
  		DataDec="0"
  		NodeClassName="未分类"
  		NodeClassDesc="未分类"/>
  <DataDict Name="str_120bit"
  		Desc="120位通用字符串"
  		CName="120位通用字符串"
  		BaseTypeName=""
  		DesensitizationType=""
  		MaxLen="120"
  		DataType="string"
  		DataDec="0"
  		NodeClassName="未分类"
  		NodeClassDesc="未分类"/>
  <DataDict Name="str_121bit"
  		Desc="121通用字符串"
  		CName="121通用字符串"
  		BaseTypeName=""
  		DesensitizationType=""
  		MaxLen="121"
  		DataType="string"
  		DataDec="0"
  		NodeClassName="未分类"
  		NodeClassDesc="未分类"/>
  <DataDict Name="str_127bit"
  		Desc="127通用字符串"
  		CName="127通用字符串"
  		BaseTypeName=""
  		DesensitizationType=""
  		MaxLen="127"
  		DataType="string"
  		DataDec="0"
  		NodeClassName="未分类"
  		NodeClassDesc="未分类"/>
  <DataDict Name="str_128bit"
  		Desc="128位通用字符串"
  		CName="128位通用字符串"
  		BaseTypeName=""
  		DesensitizationType=""
  		MaxLen="128"
  		DataType="string"
  		DataDec="0"
  		NodeClassName="未分类"
  		NodeClassDesc="未分类"/>
  <DataDict Name="str_129bit"
  		Desc="129位通用字符串"
  		CName="129位通用字符串"
  		BaseTypeName=""
  		DesensitizationType=""
  		MaxLen="129"
  		DataType="string"
  		DataDec="0"
  		NodeClassName="未分类"
  		NodeClassDesc="未分类"/>
  <DataDict Name="str_12bit"
  		Desc="12位通用字符串"
  		CName="12位通用字符串"
  		BaseTypeName=""
  		DesensitizationType=""
  		MaxLen="12"
  		DataType="string"
  		DataDec="0"
  		NodeClassName="未分类"
  		NodeClassDesc="未分类"/>
  <DataDict Name="str_13bit"
  		Desc="13位通用字符型"
  		CName="13位通用字符型"
  		BaseTypeName=""
  		DesensitizationType=""
  		MaxLen="13"
  		DataType="string"
  		DataDec="0"
  		NodeClassName="未分类"
  		NodeClassDesc="未分类"/>
  <DataDict Name="str_140bit"
  		Desc="140位的通用字符串"
  		CName="140位的通用字符串"
  		BaseTypeName=""
  		DesensitizationType=""
  		MaxLen="140"
  		DataType="string"
  		DataDec="0"
  		NodeClassName="未分类"
  		NodeClassDesc="未分类"/>
  <DataDict Name="str_141bit"
  		Desc="141位的通用字符串"
  		CName="141位的通用字符串"
  		BaseTypeName=""
  		DesensitizationType=""
  		MaxLen="141"
  		DataType="string"
  		DataDec="0"
  		NodeClassName="未分类"
  		NodeClassDesc="未分类"/>
  <DataDict Name="str_146bit"
  		Desc="146位通用字符串"
  		CName="146位通用字符串"
  		BaseTypeName=""
  		DesensitizationType=""
  		MaxLen="146"
  		DataType="string"
  		DataDec="0"
  		NodeClassName="未分类"
  		NodeClassDesc="未分类"/>
  <DataDict Name="str_14bit"
  		Desc="14位通用字符串"
  		CName="14位通用字符串"
  		BaseTypeName=""
  		DesensitizationType=""
  		MaxLen="14"
  		DataType="string"
  		DataDec="0"
  		NodeClassName="未分类"
  		NodeClassDesc="未分类"/>
  <DataDict Name="str_152bit"
  		Desc="152位通用字符串"
  		CName="152位通用字符串"
  		BaseTypeName=""
  		DesensitizationType=""
  		MaxLen="152"
  		DataType="string"
  		DataDec="0"
  		NodeClassName="未分类"
  		NodeClassDesc="未分类"/>
  <DataDict Name="str_158bit"
  		Desc="158位通用字符串"
  		CName="158位通用字符串"
  		BaseTypeName=""
  		DesensitizationType=""
  		MaxLen="158"
  		DataType="string"
  		DataDec="0"
  		NodeClassName="未分类"
  		NodeClassDesc="未分类"/>
  <DataDict Name="str_15bit"
  		Desc="15位通用字符串"
  		CName="15位通用字符串"
  		BaseTypeName=""
  		DesensitizationType=""
  		MaxLen="15"
  		DataType="string"
  		DataDec="0"
  		NodeClassName="未分类"
  		NodeClassDesc="未分类"/>
  <DataDict Name="str_160bit"
  		Desc="160位通用字符串"
  		CName="160位通用字符串"
  		BaseTypeName=""
  		DesensitizationType=""
  		MaxLen="160"
  		DataType="string"
  		DataDec="0"
  		NodeClassName="未分类"
  		NodeClassDesc="未分类"/>
  <DataDict Name="str_169bit"
  		Desc="169位通用字符串"
  		CName="169位通用字符串"
  		BaseTypeName=""
  		DesensitizationType=""
  		MaxLen="169"
  		DataType="string"
  		DataDec="0"
  		NodeClassName="未分类"
  		NodeClassDesc="未分类"/>
  <DataDict Name="str_16bit"
  		Desc="16位通用字符串"
  		CName="16位通用字符串"
  		BaseTypeName=""
  		DesensitizationType=""
  		MaxLen="16"
  		DataType="string"
  		DataDec="0"
  		NodeClassName="未分类"
  		NodeClassDesc="未分类"/>
  <DataDict Name="str_17bit"
  		Desc="17位的通用字符串"
  		CName="17位的通用字符串"
  		BaseTypeName=""
  		DesensitizationType=""
  		MaxLen="17"
  		DataType="string"
  		DataDec="0"
  		NodeClassName="未分类"
  		NodeClassDesc="未分类"/>
  <DataDict Name="str_18bit"
  		Desc="18位通用字符串"
  		CName="18位通用字符串"
  		BaseTypeName=""
  		DesensitizationType=""
  		MaxLen="18"
  		DataType="string"
  		DataDec="0"
  		NodeClassName="未分类"
  		NodeClassDesc="未分类"/>
  <DataDict Name="str_195bit"
  		Desc="195位通用字符串"
  		CName="195位通用字符串"
  		BaseTypeName=""
  		DesensitizationType=""
  		MaxLen="195"
  		DataType="string"
  		DataDec="0"
  		NodeClassName="未分类"
  		NodeClassDesc="未分类"/>
  <DataDict Name="str_19bit"
  		Desc="19位的通用字符串"
  		CName="19位的通用字符串"
  		BaseTypeName=""
  		DesensitizationType=""
  		MaxLen="19"
  		DataType="string"
  		DataDec="0"
  		NodeClassName="未分类"
  		NodeClassDesc="未分类"/>
  <DataDict Name="str_1bit"
  		Desc="1位通用字符串"
  		CName="1位通用字符串"
  		BaseTypeName=""
  		DesensitizationType=""
  		MaxLen="1"
  		DataType="string"
  		DataDec="0"
  		NodeClassName="未分类"
  		NodeClassDesc="未分类"/>
  <DataDict Name="str_2000bit"
  		Desc="2000位通用字符串"
  		CName="2000位通用字符串"
  		BaseTypeName=""
  		DesensitizationType=""
  		MaxLen="2000"
  		DataType="string"
  		DataDec="0"
  		NodeClassName="未分类"
  		NodeClassDesc="未分类"/>
  <DataDict Name="str_200bit"
  		Desc="200位通用字符串"
  		CName="200位通用字符串"
  		BaseTypeName=""
  		DesensitizationType=""
  		MaxLen="200"
  		DataType="string"
  		DataDec="0"
  		NodeClassName="未分类"
  		NodeClassDesc="未分类"/>
  <DataDict Name="str_2048bit"
  		Desc="2048位通用字符串"
  		CName="2048位通用字符串"
  		BaseTypeName=""
  		DesensitizationType=""
  		MaxLen="2048"
  		DataType="string"
  		DataDec="0"
  		NodeClassName="未分类"
  		NodeClassDesc="未分类"/>
  <DataDict Name="str_20bit"
  		Desc="20位的通用字符串"
  		CName="20位的通用字符串"
  		BaseTypeName=""
  		DesensitizationType=""
  		MaxLen="20"
  		DataType="string"
  		DataDec="0"
  		NodeClassName="未分类"
  		NodeClassDesc="未分类"/>
  <DataDict Name="str_21bit"
  		Desc="21位的通用字符串"
  		CName="21位的通用字符串"
  		BaseTypeName=""
  		DesensitizationType=""
  		MaxLen="21"
  		DataType="string"
  		DataDec="0"
  		NodeClassName="未分类"
  		NodeClassDesc="未分类"/>
  <DataDict Name="str_226bit"
  		Desc="226位通用字符串"
  		CName="226位通用字符串"
  		BaseTypeName=""
  		DesensitizationType=""
  		MaxLen="226"
  		DataType="string"
  		DataDec="0"
  		NodeClassName="未分类"
  		NodeClassDesc="未分类"/>
  <DataDict Name="str_22bit"
  		Desc="22位通用字符串"
  		CName="22位通用字符串"
  		BaseTypeName=""
  		DesensitizationType=""
  		MaxLen="22"
  		DataType="string"
  		DataDec="0"
  		NodeClassName="未分类"
  		NodeClassDesc="未分类"/>
  <DataDict Name="str_232bit"
  		Desc="232位通用字符串"
  		CName="232位通用字符串"
  		BaseTypeName=""
  		DesensitizationType=""
  		MaxLen="232"
  		DataType="string"
  		DataDec="0"
  		NodeClassName="未分类"
  		NodeClassDesc="未分类"/>
  <DataDict Name="str_235bit"
  		Desc="235位通用字符串"
  		CName="235位通用字符串"
  		BaseTypeName=""
  		DesensitizationType=""
  		MaxLen="235"
  		DataType="string"
  		DataDec="0"
  		NodeClassName="未分类"
  		NodeClassDesc="未分类"/>
  <DataDict Name="str_240bit"
  		Desc="240位通用字符串"
  		CName="240位通用字符串"
  		BaseTypeName=""
  		DesensitizationType=""
  		MaxLen="240"
  		DataType="string"
  		DataDec="0"
  		NodeClassName="未分类"
  		NodeClassDesc="未分类"/>
  <DataDict Name="str_244bit"
  		Desc="244位通用字符串"
  		CName="244位通用字符串"
  		BaseTypeName=""
  		DesensitizationType=""
  		MaxLen="244"
  		DataType="string"
  		DataDec="0"
  		NodeClassName="未分类"
  		NodeClassDesc="未分类"/>
  <DataDict Name="str_24bit"
  		Desc="24位通用字符串"
  		CName="24位通用字符串"
  		BaseTypeName=""
  		DesensitizationType=""
  		MaxLen="24"
  		DataType="string"
  		DataDec="0"
  		NodeClassName="未分类"
  		NodeClassDesc="未分类"/>
  <DataDict Name="str_250bit"
  		Desc="512位通用字符串"
  		CName="512位通用字符串"
  		BaseTypeName=""
  		DesensitizationType=""
  		MaxLen="250"
  		DataType="string"
  		DataDec="0"
  		NodeClassName="未分类"
  		NodeClassDesc="未分类"/>
  <DataDict Name="str_255bit"
  		Desc="255位通用字符串"
  		CName="255位通用字符串"
  		BaseTypeName=""
  		DesensitizationType=""
  		MaxLen="255"
  		DataType="string"
  		DataDec="0"
  		NodeClassName="未分类"
  		NodeClassDesc="未分类"/>
  <DataDict Name="str_256bit"
  		Desc="256位通用字符串"
  		CName="256位通用字符串"
  		BaseTypeName=""
  		DesensitizationType=""
  		MaxLen="256"
  		DataType="string"
  		DataDec="0"
  		NodeClassName="未分类"
  		NodeClassDesc="未分类"/>
  <DataDict Name="str_25bit"
  		Desc="25位通用字符串"
  		CName="25位通用字符串"
  		BaseTypeName=""
  		DesensitizationType=""
  		MaxLen="25"
  		DataType="string"
  		DataDec="0"
  		NodeClassName="未分类"
  		NodeClassDesc="未分类"/>
  <DataDict Name="str_26bit"
  		Desc="26位通用字符串"
  		CName="26位通用字符串"
  		BaseTypeName=""
  		DesensitizationType=""
  		MaxLen="26"
  		DataType="string"
  		DataDec="0"
  		NodeClassName="未分类"
  		NodeClassDesc="未分类"/>
  <DataDict Name="str_270bit"
  		Desc="270位通用字符串"
  		CName="270位通用字符串"
  		BaseTypeName=""
  		DesensitizationType=""
  		MaxLen="270"
  		DataType="string"
  		DataDec="0"
  		NodeClassName="未分类"
  		NodeClassDesc="未分类"/>
  <DataDict Name="str_279bit"
  		Desc="279位通用字符串"
  		CName="279位通用字符串"
  		BaseTypeName=""
  		DesensitizationType=""
  		MaxLen="279"
  		DataType="string"
  		DataDec="0"
  		NodeClassName="未分类"
  		NodeClassDesc="未分类"/>
  <DataDict Name="str_281bit"
  		Desc="281位通用字符串"
  		CName="281位通用字符串"
  		BaseTypeName=""
  		DesensitizationType=""
  		MaxLen="281"
  		DataType="string"
  		DataDec="0"
  		NodeClassName="未分类"
  		NodeClassDesc="未分类"/>
  <DataDict Name="str_2bit"
  		Desc="2位通用字符串"
  		CName="2位通用字符串"
  		BaseTypeName=""
  		DesensitizationType=""
  		MaxLen="2"
  		DataType="string"
  		DataDec="0"
  		NodeClassName="未分类"
  		NodeClassDesc="未分类"/>
  <DataDict Name="str_300bit"
  		Desc="300位通用字符串"
  		CName="300位通用字符串"
  		BaseTypeName=""
  		DesensitizationType=""
  		MaxLen="300"
  		DataType="string"
  		DataDec="0"
  		NodeClassName="未分类"
  		NodeClassDesc="未分类"/>
  <DataDict Name="str_30bit"
  		Desc="30位通用字符串"
  		CName="30位通用字符串"
  		BaseTypeName=""
  		DesensitizationType=""
  		MaxLen="30"
  		DataType="string"
  		DataDec="0"
  		NodeClassName="未分类"
  		NodeClassDesc="未分类"/>
  <DataDict Name="str_32bit"
  		Desc="32位通用字符串"
  		CName="32位通用字符串"
  		BaseTypeName=""
  		DesensitizationType=""
  		MaxLen="32"
  		DataType="string"
  		DataDec="0"
  		NodeClassName="未分类"
  		NodeClassDesc="未分类"/>
  <DataDict Name="str_33bit"
  		Desc="33位通用字符串"
  		CName="33位通用字符串"
  		BaseTypeName=""
  		DesensitizationType=""
  		MaxLen="33"
  		DataType="string"
  		DataDec="0"
  		NodeClassName="未分类"
  		NodeClassDesc="未分类"/>
  <DataDict Name="str_34bit"
  		Desc="34位通用字符串"
  		CName="34位通用字符串"
  		BaseTypeName=""
  		DesensitizationType=""
  		MaxLen="34"
  		DataType="string"
  		DataDec="0"
  		NodeClassName="未分类"
  		NodeClassDesc="未分类"/>
  <DataDict Name="str_359bit"
  		Desc="359位通用字符串"
  		CName="359位通用字符串"
  		BaseTypeName=""
  		DesensitizationType=""
  		MaxLen="359"
  		DataType="string"
  		DataDec="0"
  		NodeClassName="未分类"
  		NodeClassDesc="未分类"/>
  <DataDict Name="str_35bit"
  		Desc="35位通用字符串"
  		CName="35位通用字符串"
  		BaseTypeName=""
  		DesensitizationType=""
  		MaxLen="35"
  		DataType="string"
  		DataDec="0"
  		NodeClassName="未分类"
  		NodeClassDesc="未分类"/>
  <DataDict Name="str_37bit"
  		Desc="37位通用字符串"
  		CName="37位通用字符串"
  		BaseTypeName=""
  		DesensitizationType=""
  		MaxLen="37"
  		DataType="string"
  		DataDec="0"
  		NodeClassName="未分类"
  		NodeClassDesc="未分类"/>
  <DataDict Name="str_38bit"
  		Desc="38通用字符串"
  		CName="38通用字符串"
  		BaseTypeName=""
  		DesensitizationType=""
  		MaxLen="38"
  		DataType="string"
  		DataDec="0"
  		NodeClassName="未分类"
  		NodeClassDesc="未分类"/>
  <DataDict Name="str_3bit"
  		Desc="3位通用字符串"
  		CName="3位通用字符串"
  		BaseTypeName=""
  		DesensitizationType=""
  		MaxLen="3"
  		DataType="string"
  		DataDec="0"
  		NodeClassName="未分类"
  		NodeClassDesc="未分类"/>
  <DataDict Name="str_400bit"
  		Desc="400位通用字符串"
  		CName="400位通用字符串"
  		BaseTypeName=""
  		DesensitizationType=""
  		MaxLen="400"
  		DataType="string"
  		DataDec="0"
  		NodeClassName="未分类"
  		NodeClassDesc="未分类"/>
  <DataDict Name="str_40bit"
  		Desc="40位通用字符串"
  		CName="40位通用字符串"
  		BaseTypeName=""
  		DesensitizationType=""
  		MaxLen="40"
  		DataType="string"
  		DataDec="0"
  		NodeClassName="未分类"
  		NodeClassDesc="未分类"/>
  <DataDict Name="str_412bit"
  		Desc="412位通用字符串"
  		CName="412位通用字符串"
  		BaseTypeName=""
  		DesensitizationType=""
  		MaxLen="412"
  		DataType="string"
  		DataDec="0"
  		NodeClassName="未分类"
  		NodeClassDesc="未分类"/>
  <DataDict Name="str_4bit"
  		Desc="4位通用字符串"
  		CName="4位通用字符串"
  		BaseTypeName=""
  		DesensitizationType=""
  		MaxLen="4"
  		DataType="string"
  		DataDec="0"
  		NodeClassName="未分类"
  		NodeClassDesc="未分类"/>
  <DataDict Name="str_500bit"
  		Desc="500位通用字符串"
  		CName="500位通用字符串"
  		BaseTypeName=""
  		DesensitizationType=""
  		MaxLen="500"
  		DataType="string"
  		DataDec="0"
  		NodeClassName="未分类"
  		NodeClassDesc="未分类"/>
  <DataDict Name="str_50bit"
  		Desc="50位通用字符串"
  		CName="50位通用字符串"
  		BaseTypeName=""
  		DesensitizationType=""
  		MaxLen="50"
  		DataType="string"
  		DataDec="0"
  		NodeClassName="未分类"
  		NodeClassDesc="未分类"/>
  <DataDict Name="str_512bit"
  		Desc="512位通用字符串"
  		CName="512位通用字符串"
  		BaseTypeName=""
  		DesensitizationType=""
  		MaxLen="512"
  		DataType="string"
  		DataDec="0"
  		NodeClassName="未分类"
  		NodeClassDesc="未分类"/>
  <DataDict Name="str_55bit"
  		Desc="55位通用字符串"
  		CName="55位通用字符串"
  		BaseTypeName=""
  		DesensitizationType=""
  		MaxLen="55"
  		DataType="string"
  		DataDec="0"
  		NodeClassName="未分类"
  		NodeClassDesc="未分类"/>
  <DataDict Name="str_59bit"
  		Desc="59位通用字符串"
  		CName="59位通用字符串"
  		BaseTypeName=""
  		DesensitizationType=""
  		MaxLen="59"
  		DataType="string"
  		DataDec="0"
  		NodeClassName="未分类"
  		NodeClassDesc="未分类"/>
  <DataDict Name="str_5bit"
  		Desc="5位通用字符串"
  		CName="5位通用字符串"
  		BaseTypeName=""
  		DesensitizationType=""
  		MaxLen="5"
  		DataType="string"
  		DataDec="0"
  		NodeClassName="未分类"
  		NodeClassDesc="未分类"/>
  <DataDict Name="str_600bit"
  		Desc="600位通用字符串"
  		CName="600位通用字符串"
  		BaseTypeName=""
  		DesensitizationType=""
  		MaxLen="600"
  		DataType="string"
  		DataDec="0"
  		NodeClassName="未分类"
  		NodeClassDesc="未分类"/>
  <DataDict Name="str_60bit"
  		Desc="60位的通用字符串"
  		CName="60位的通用字符串"
  		BaseTypeName=""
  		DesensitizationType=""
  		MaxLen="60"
  		DataType="string"
  		DataDec="0"
  		NodeClassName="未分类"
  		NodeClassDesc="未分类"/>
  <DataDict Name="str_63bit"
  		Desc="63位通用字符串"
  		CName="63位通用字符串"
  		BaseTypeName=""
  		DesensitizationType=""
  		MaxLen="63"
  		DataType="string"
  		DataDec="0"
  		NodeClassName="未分类"
  		NodeClassDesc="未分类"/>
  <DataDict Name="str_64bit"
  		Desc="64位通用字符串"
  		CName="64位通用字符串"
  		BaseTypeName=""
  		DesensitizationType=""
  		MaxLen="64"
  		DataType="string"
  		DataDec="0"
  		NodeClassName="未分类"
  		NodeClassDesc="未分类"/>
  <DataDict Name="str_6bit"
  		Desc="6位通用字符串"
  		CName="6位通用字符串"
  		BaseTypeName=""
  		DesensitizationType=""
  		MaxLen="6"
  		DataType="string"
  		DataDec="0"
  		NodeClassName="未分类"
  		NodeClassDesc="未分类"/>
  <DataDict Name="str_70bit"
  		Desc="70位通用字符串"
  		CName="70位通用字符串"
  		BaseTypeName=""
  		DesensitizationType=""
  		MaxLen="70"
  		DataType="string"
  		DataDec="0"
  		NodeClassName="未分类"
  		NodeClassDesc="未分类"/>
  <DataDict Name="str_76bit"
  		Desc="76位通用字符串"
  		CName="76位通用字符串"
  		BaseTypeName=""
  		DesensitizationType=""
  		MaxLen="76"
  		DataType="string"
  		DataDec="0"
  		NodeClassName="未分类"
  		NodeClassDesc="未分类"/>
  <DataDict Name="str_7bit"
  		Desc="7位通用字符串"
  		CName="7位通用字符串"
  		BaseTypeName=""
  		DesensitizationType=""
  		MaxLen="7"
  		DataType="string"
  		DataDec="0"
  		NodeClassName="未分类"
  		NodeClassDesc="未分类"/>
  <DataDict Name="str_80bit"
  		Desc="80位的通用字符串"
  		CName="80位的通用字符串"
  		BaseTypeName=""
  		DesensitizationType=""
  		MaxLen="80"
  		DataType="string"
  		DataDec="0"
  		NodeClassName="未分类"
  		NodeClassDesc="未分类"/>
  <DataDict Name="str_8bit"
  		Desc="8位通用字符串"
  		CName="8位通用字符串"
  		BaseTypeName=""
  		DesensitizationType=""
  		MaxLen="8"
  		DataType="string"
  		DataDec="0"
  		NodeClassName="未分类"
  		NodeClassDesc="未分类"/>
  <DataDict Name="str_90bit"
  		Desc="90位通用字符串"
  		CName="90位通用字符串"
  		BaseTypeName=""
  		DesensitizationType=""
  		MaxLen="90"
  		DataType="string"
  		DataDec="0"
  		NodeClassName="未分类"
  		NodeClassDesc="未分类"/>
  <DataDict Name="str_92bit"
  		Desc="92位的通用字符串"
  		CName="92位的通用字符串"
  		BaseTypeName=""
  		DesensitizationType=""
  		MaxLen="92"
  		DataType="string"
  		DataDec="0"
  		NodeClassName="未分类"
  		NodeClassDesc="未分类"/>
  <DataDict Name="str_9bit"
  		Desc="9位通用字符串"
  		CName="9位通用字符串"
  		BaseTypeName=""
  		DesensitizationType=""
  		MaxLen="9"
  		DataType="string"
  		DataDec="0"
  		NodeClassName="未分类"
  		NodeClassDesc="未分类"/>
</DataDictTab>
