<?xml version="1.0" encoding="UTF-8"?>

<Arch>
  <BeginCompTab RecNum="5">
    <BeginComp SeqNo="0"
    		DesignName="MNG_SVR"
    		DesignDesc="无卡支付系统标准服务端"
    		DesignComment="无卡支付系统标准服务端"
    		CommonFlag="Y"
    		SaFlag="Y"
    		AdapteFlag="Y"
    		ProtocolType="T"
    		ReqDtaName=""
    		RespDtaName=""
    		DtaIdName="MNG_SVR"/>
    <BeginComp SeqNo="1"
    		DesignName="CUP_SVR"
    		DesignDesc="银联渠道通讯服务端"
    		DesignComment="银联渠道通讯服务端"
    		CommonFlag="Y"
    		SaFlag="Y"
    		AdapteFlag="Y"
    		ProtocolType="H"
    		ReqDtaName=""
    		RespDtaName=""
    		DtaIdName="CUP_SVR"/>
    <BeginComp SeqNo="2"
    		DesignName="TERM_SVR"
    		DesignDesc="柜面渠道通讯服务端"
    		DesignComment="柜面渠道通讯服务端"
    		CommonFlag="Y"
    		SaFlag="Y"
    		AdapteFlag="Y"
    		ProtocolType="T"
    		ReqDtaName=""
    		RespDtaName=""
    		DtaIdName="TERM_SVR"/>
    <BeginComp SeqNo="11"
    		DesignName="EBANK_SVR"
    		DesignDesc="网银渠道"
    		DesignComment="null"
    		CommonFlag="Y"
    		SaFlag="Y"
    		AdapteFlag="Y"
    		ProtocolType="H"
    		ReqDtaName=""
    		RespDtaName=""
    		DtaIdName="EBANK_SVR"/>
    <BeginComp SeqNo="22"
    		DesignName="QRUP_SVR"
    		DesignDesc="银联二维码渠道"
    		DesignComment="null"
    		CommonFlag="Y"
    		SaFlag="Y"
    		AdapteFlag="Y"
    		ProtocolType="H"
    		ReqDtaName=""
    		RespDtaName=""
    		DtaIdName="QRUP_SVR"/>
  </BeginCompTab>
  <ExtCompTab RecNum="7">
    <ExtComp SeqNo="4"
    		EsName="SMS_CLI"
    		EsDesc="短信网关客户端"
    		DesignComment="短信网关客户端"
    		CommonFlag="Y"
    		SaFlag="Y"
    		AdapteFlag="Y"
    		ProtocolType="T"
    		ReqDtaName=""
    		RespDtaName=""
    		DtaIdName="SMS_CLI"/>
    <ExtComp SeqNo="5"
    		EsName="CUP_CLI"
    		EsDesc="外围渠道通讯客户端"
    		DesignComment="外围渠道通讯客户端"
    		CommonFlag="Y"
    		SaFlag="Y"
    		AdapteFlag="Y"
    		ProtocolType="H"
    		ReqDtaName=""
    		RespDtaName=""
    		DtaIdName="CUP_CLI"/>
    <ExtComp SeqNo="6"
    		EsName="HOST_CLI"
    		EsDesc="负责核心通讯的通讯DTA"
    		DesignComment="负责核心通讯的通讯DTA"
    		CommonFlag="Y"
    		SaFlag="Y"
    		AdapteFlag="Y"
    		ProtocolType="T"
    		ReqDtaName=""
    		RespDtaName=""
    		DtaIdName="HOST_CLI"/>
    <ExtComp SeqNo="7"
    		EsName="CRED_CLI"
    		EsDesc="负责贷记卡通讯的通讯DTA"
    		DesignComment="负责贷记卡通讯的通讯DTA"
    		CommonFlag="Y"
    		SaFlag="Y"
    		AdapteFlag="Y"
    		ProtocolType="T"
    		ReqDtaName=""
    		RespDtaName=""
    		DtaIdName="CRED_CLI"/>
    <ExtComp SeqNo="24"
    		EsName="QRUP_CLI"
    		EsDesc="银联二维码客户端"
    		DesignComment="null"
    		CommonFlag="Y"
    		SaFlag="Y"
    		AdapteFlag="Y"
    		ProtocolType="H"
    		ReqDtaName=""
    		RespDtaName=""
    		DtaIdName="QRUP_CLI"/>
    <ExtComp SeqNo="25"
    		EsName="NETBK_CLI"
    		EsDesc="网联签约"
    		DesignComment="网联签约"
    		CommonFlag="Y"
    		SaFlag="Y"
    		AdapteFlag="Y"
    		ProtocolType="T"
    		ReqDtaName=""
    		RespDtaName=""
    		DtaIdName="NETBK_CLI"/>
    <ExtComp SeqNo="28"
    		EsName="CARD_CLI"
    		EsDesc="饭卡充值客户端"
    		DesignComment="null"
    		CommonFlag="N"
    		SaFlag="Y"
    		AdapteFlag="Y"
    		ProtocolType="H"
    		ReqDtaName=""
    		RespDtaName=""
    		DtaIdName="CARD_CLI"/>
  </ExtCompTab>
  <ImageTab RecNum="1">
    <Image DesignType="S"
    		DesignImagePath="\images\DesignImage.xml"
    		DesignJpgImagePath="\images\DesignJpgImage.jpg"
    		DesignDiagramImagePath="\images\DesignDiagramImage.xml"/>
  </ImageTab>
  <BusCompTab RecNum="3">
    <BusComp SeqNo="3"
    		BusName="NCP"
    		BusDesc="无卡支付业务"
    		DesignComment="无卡支付业务"
    		Flag="N">
      <BeginBusTab RecNum="9">
        <BeginBus BusName="NCP"
        		RelateType="1"
        		CpName="MNG_SVR"/>
        <BeginBus BusName="NCP"
        		RelateType="1"
        		CpName="CUP_SVR"/>
        <BeginBus BusName="NCP"
        		RelateType="1"
        		CpName="TERM_SVR"/>
        <BeginBus BusName="NCP"
        		RelateType="1"
        		CpName="EBANK_SVR"/>
        <BeginBus BusName="NCP"
        		RelateType="2"
        		CpName="SMS_CLI"/>
        <BeginBus BusName="NCP"
        		RelateType="2"
        		CpName="CUP_CLI"/>
        <BeginBus BusName="NCP"
        		RelateType="2"
        		CpName="HOST_CLI"/>
        <BeginBus BusName="NCP"
        		RelateType="2"
        		CpName="CRED_CLI"/>
        <BeginBus BusName="NCP"
        		RelateType="2"
        		CpName="NETBK_CLI"/>
      </BeginBusTab>
    </BusComp>
    <BusComp SeqNo="23"
    		BusName="QRPS"
    		BusDesc="二维码系统"
    		DesignComment="null"
    		Flag="N">
      <BeginBusTab RecNum="3">
        <BeginBus BusName="QRPS"
        		RelateType="1"
        		CpName="EBANK_SVR"/>
        <BeginBus BusName="QRPS"
        		RelateType="1"
        		CpName="QRUP_SVR"/>
        <BeginBus BusName="QRPS"
        		RelateType="2"
        		CpName="QRUP_CLI"/>
      </BeginBusTab>
    </BusComp>
    <BusComp SeqNo="27"
    		BusName="CARD"
    		BusDesc="微信饭卡充值"
    		DesignComment="null"
    		Flag="N">
      <BeginBusTab RecNum="2">
        <BeginBus BusName="CARD"
        		RelateType="1"
        		CpName="EBANK_SVR"/>
        <BeginBus BusName="CARD"
        		RelateType="2"
        		CpName="CARD_CLI"/>
      </BeginBusTab>
    </BusComp>
  </BusCompTab>
</Arch>
