<?xml version="1.0" encoding="UTF-8"?>

<ManageInfo>
  <Key><![CDATA[]]></Key>
  <UserInfoTab RecNum="28">
    <UserInfo UserName="admin"
    		UserDesc="admin"
    		UserType="1"
    		UserPwd="313233343536"
    		UserStat="0"
    		CrtDate="20170928-095020"
    		LstLogin="20170928-095020"
    		GrpName="未分组"/>
    <UserInfo UserName="chenlt"
    		UserDesc="陈兰天"
    		UserType="1"
    		UserPwd="6368656e6c74"
    		UserStat="1"
    		CrtDate="20171127-190516"
    		LstLogin="20180815-085850"
    		GrpName="dev"/>
    <UserInfo UserName="chenshj"
    		UserDesc="陈世杰"
    		UserType="2"
    		UserPwd="313131313131"
    		UserStat="0"
    		CrtDate="20170703-092536"
    		LstLogin="20170703-092536"
    		GrpName="dev"/>
    <UserInfo UserName="chenshx"
    		UserDesc="陈世雄"
    		UserType="1"
    		UserPwd="313131313131"
    		UserStat="0"
    		CrtDate="20170703-092510"
    		LstLogin="20170830-080946"
    		GrpName="dev"/>
    <UserInfo UserName="dengping"
    		UserDesc="邓平"
    		UserType="1"
    		UserPwd="64656e6770696e67"
    		UserStat="1"
    		CrtDate="20171212-195611"
    		LstLogin="20180824-173118"
    		GrpName="dev"/>
    <UserInfo UserName="dingjb"
    		UserDesc="丁军波"
    		UserType="1"
    		UserPwd="313131313131"
    		UserStat="0"
    		CrtDate="20170703-092049"
    		LstLogin="20170901-111329"
    		GrpName="dev"/>
    <UserInfo UserName="duzhong"
    		UserDesc="杜仲"
    		UserType="1"
    		UserPwd="64757a686f6e67"
    		UserStat="1"
    		CrtDate="20171127-190700"
    		LstLogin="20180330-094653"
    		GrpName="dev"/>
    <UserInfo UserName="gongxl"
    		UserDesc="龚小龙"
    		UserType="2"
    		UserPwd="313131313131"
    		UserStat="0"
    		CrtDate="20170703-092555"
    		LstLogin="20170703-092555"
    		GrpName="dev"/>
    <UserInfo UserName="guofan"
    		UserDesc="郭凡"
    		UserType="1"
    		UserPwd="313233343536"
    		UserStat="1"
    		CrtDate="20170830-215456"
    		LstLogin="20171116-093752"
    		GrpName="dev"/>
    <UserInfo UserName="hgwu"
    		UserDesc="吴海广"
    		UserType="2"
    		UserPwd="68677775313233"
    		UserStat="1"
    		CrtDate="20170904-084536"
    		LstLogin="20171023-082638"
    		GrpName="dev"/>
    <UserInfo UserName="hongyy"
    		UserDesc="洪翼宇"
    		UserType="2"
    		UserPwd="313131313131"
    		UserStat="0"
    		CrtDate="20170703-092627"
    		LstLogin="20170703-092627"
    		GrpName="dev"/>
    <UserInfo UserName="huangyf"
    		UserDesc="黄永锋"
    		UserType="2"
    		UserPwd="6875616e677966"
    		UserStat="0"
    		CrtDate="20170916-162404"
    		LstLogin="20170928-234059"
    		GrpName="dev"/>
    <UserInfo UserName="liangjr"
    		UserDesc="梁举仁"
    		UserType="1"
    		UserPwd="6c69616e676a72"
    		UserStat="1"
    		CrtDate="20170830-151941"
    		LstLogin="20171113-094255"
    		GrpName="dev"/>
    <UserInfo UserName="liangyw"
    		UserDesc="liangyw"
    		UserType="1"
    		UserPwd="313233343536"
    		UserStat="0"
    		CrtDate="20170901-173941"
    		LstLogin="20171116-100234"
    		GrpName="dev"/>
    <UserInfo UserName="liqin"
    		UserDesc="李勤"
    		UserType="2"
    		UserPwd="313131313131"
    		UserStat="0"
    		CrtDate="20170703-092647"
    		LstLogin="20170703-092647"
    		GrpName="dev"/>
    <UserInfo UserName="lixc"
    		UserDesc="李勋昌"
    		UserType="2"
    		UserPwd="313131313131"
    		UserStat="0"
    		CrtDate="20170703-092743"
    		LstLogin="20170703-092743"
    		GrpName="dev"/>
    <UserInfo UserName="mabx"
    		UserDesc="马柏兴"
    		UserType="2"
    		UserPwd="313131313131"
    		UserStat="1"
    		CrtDate="20170831-104852"
    		LstLogin="20171113-163050"
    		GrpName="dev"/>
    <UserInfo UserName="ouyw"
    		UserDesc="欧阳伟"
    		UserType="2"
    		UserPwd="313131313131"
    		UserStat="0"
    		CrtDate="20170703-092808"
    		LstLogin="20170817-093553"
    		GrpName="dev"/>
    <UserInfo UserName="pengzhy"
    		UserDesc="彭正勇"
    		UserType="2"
    		UserPwd="313131313131"
    		UserStat="0"
    		CrtDate="20170703-092838"
    		LstLogin="20170703-092838"
    		GrpName="dev"/>
    <UserInfo UserName="root"
    		UserDesc="root"
    		UserType="0"
    		UserPwd="726f6f7420202020202020202020202020202020"
    		UserStat="0"
    		CrtDate="20140126-170000"
    		LstLogin="20171212-195522"
    		GrpName="root"/>
    <UserInfo UserName="shuchang"
    		UserDesc="舒昌"
    		UserType="2"
    		UserPwd="7368756368616e67"
    		UserStat="0"
    		CrtDate="20170703-092902"
    		LstLogin="20170901-171232"
    		GrpName="dev"/>
    <UserInfo UserName="wangbin"
    		UserDesc="王兵"
    		UserType="2"
    		UserPwd="313131313131"
    		UserStat="0"
    		CrtDate="20170703-092923"
    		LstLogin="20170703-092923"
    		GrpName="dev"/>
    <UserInfo UserName="wangqiong"
    		UserDesc="王琼"
    		UserType="2"
    		UserPwd="313131313131"
    		UserStat="1"
    		CrtDate="20170829-165527"
    		LstLogin="20170830-080036"
    		GrpName="dev"/>
    <UserInfo UserName="wangrf"
    		UserDesc="王若峰"
    		UserType="1"
    		UserPwd="77616e677266"
    		UserStat="1"
    		CrtDate="20171127-190459"
    		LstLogin="20180322-154842"
    		GrpName="dev"/>
    <UserInfo UserName="wangxb"
    		UserDesc="王小兵"
    		UserType="1"
    		UserPwd="77616e677862"
    		UserStat="1"
    		CrtDate="20171123-163734"
    		LstLogin="20180822-090135"
    		GrpName="dev"/>
    <UserInfo UserName="xiangjun"
    		UserDesc="项俊"
    		UserType="2"
    		UserPwd="313131313131"
    		UserStat="0"
    		CrtDate="20170703-092948"
    		LstLogin="20170829-193922"
    		GrpName="dev"/>
    <UserInfo UserName="yuwen"
    		UserDesc="余文"
    		UserType="2"
    		UserPwd="313131313131"
    		UserStat="1"
    		CrtDate="20170703-093008"
    		LstLogin="20171212-200030"
    		GrpName="dev"/>
    <UserInfo UserName="zhangyf"
    		UserDesc="张永峰"
    		UserType="2"
    		UserPwd="313131313131"
    		UserStat="0"
    		CrtDate="20170703-093033"
    		LstLogin="20170703-093033"
    		GrpName="dev"/>
  </UserInfoTab>
  <AddrInfoTab RecNum="9">
    <AddrInfo IpAddr="160.161.12.120"
    		AddrName="NCP_BAM"
    		UserName="zhqz"
    		Passwd="zhqz1121"
    		DefAddr="n"
    		EscmdPort="8080"
    		EnvName=""/>
    <AddrInfo IpAddr="160.161.12.120"
    		AddrName="NCP_DEV"
    		UserName="zhqz"
    		Passwd="zhqz1121"
    		DefAddr="n"
    		EscmdPort="8080"
    		EnvName="NCP_DEV"/>
    <AddrInfo IpAddr="160.161.12.121"
    		AddrName="NCP_MK"
    		UserName="zhqz"
    		Passwd="zhqz"
    		DefAddr="n"
    		EscmdPort="8080"
    		EnvName=""/>
    <AddrInfo IpAddr="160.161.12.101"
    		AddrName="NCP_MK101"
    		UserName="zhqz"
    		Passwd="zhqz"
    		DefAddr="n"
    		EscmdPort="8080"
    		EnvName="NCP_TEST"/>
    <AddrInfo IpAddr="160.161.12.121"
    		AddrName="NCP_MK_BAM"
    		UserName="zhqz"
    		Passwd="zhqz"
    		DefAddr="n"
    		EscmdPort="8080"
    		EnvName=""/>
    <AddrInfo IpAddr="160.161.12.123"
    		AddrName="NCP_M_BAM"
    		UserName="zhqzbam"
    		Passwd="zhqzbam"
    		DefAddr="n"
    		EscmdPort="8080"
    		EnvName="NCP_MK"/>
    <AddrInfo IpAddr="10.16.2.56"
    		AddrName="NCP_TEST"
    		UserName="uncps"
    		Passwd="uncps"
    		DefAddr="n"
    		EscmdPort="9080"
    		EnvName=""/>
    <AddrInfo IpAddr="10.16.2.56"
    		AddrName="NCP_TEST_BAM"
    		UserName="uncps"
    		Passwd="uncps"
    		DefAddr="n"
    		EscmdPort="9080"
    		EnvName=""/>
    <AddrInfo IpAddr="160.161.12.108"
    		AddrName="NCP_TEST_QRUP"
    		UserName="zhqz"
    		Passwd="zhqz"
    		DefAddr="n"
    		EscmdPort="8080"
    		EnvName=""/>
  </AddrInfoTab>
</ManageInfo>
