<?xml version="1.0" encoding="UTF-8"?>

<Project Name="NCPS"
		Version="2018/08/24 17:33:22"
		Desc="综合前置"
		PackageName="com.adtec.ncps"
		BaseType="file://etc/BaseType.xml"
		DataDict="file://etc/DataDict.xml"
		DataElem="file://etc/DataElement.xml"
		Bean="file://etc/Bean.xml"
		ErrorMsg="file://etc/ErrorMessage"
		EnumTab="file://etc/Enum.xml"
		DesignSysArch="file://etc/DesignSysArch.xml"
		DesignSwapBus="file://etc/DesignSwapBus.xml">
  <SvcPreProc><![CDATA[]]></SvcPreProc>
  <SvcSuccProc><![CDATA[]]></SvcSuccProc>
  <SvcLostProc><![CDATA[]]></SvcLostProc>
  <SvcTermEnd><![CDATA[]]></SvcTermEnd>
  <EvtInitEnd><![CDATA[]]></EvtInitEnd>
  <EvtTermBegin><![CDATA[]]></EvtTermBegin>
  <PubDtaTab RecNum="11">
    <PubDta Name="MNG_SVR"
    		Desc="无卡支付系统标准服务端"
    		DtaParm="file://etc/COMM/MNG_SVR/DtaParm.xml"
    		Spring="file://etc/COMM/MNG_SVR/Spring.xml"
    		DataElem="file://etc/COMM/MNG_SVR/DataElement.xml"
    		DataMap="file://etc/COMM/MNG_SVR/DataMap.xml"
    		Format="file://etc/COMM/MNG_SVR/Format.xml"
    		Sign="file://etc/COMM/MNG_SVR/Sign.xml"
    		FileFmt="file://etc/COMM/MNG_SVR/FileFmt.xml"
    		Service="file://etc/COMM/MNG_SVR/Service.xml"
    		Route="file://etc/COMM/MNG_SVR/Route.xml"
    		Bean="file://etc/COMM/MNG_SVR/Bean.xml"
    		ServiceDefine="file://etc/COMM/MNG_SVR/ServiceDefine.xml"
    		SvcDepend="file://etc/COMM/MNG_SVR/SvcDepend.xml"/>
    <PubDta Name="CUP_SVR"
    		Desc="银联渠道通讯服务端"
    		DtaParm="file://etc/COMM/CUP_SVR/DtaParm.xml"
    		Spring="file://etc/COMM/CUP_SVR/Spring.xml"
    		DataElem="file://etc/COMM/CUP_SVR/DataElement.xml"
    		DataMap="file://etc/COMM/CUP_SVR/DataMap.xml"
    		Format="file://etc/COMM/CUP_SVR/Format.xml"
    		Sign="file://etc/COMM/CUP_SVR/Sign.xml"
    		FileFmt="file://etc/COMM/CUP_SVR/FileFmt.xml"
    		Service="file://etc/COMM/CUP_SVR/Service.xml"
    		Route="file://etc/COMM/CUP_SVR/Route.xml"
    		Bean="file://etc/COMM/CUP_SVR/Bean.xml"
    		ServiceDefine="file://etc/COMM/CUP_SVR/ServiceDefine.xml"
    		SvcDepend="file://etc/COMM/CUP_SVR/SvcDepend.xml"/>
    <PubDta Name="TERM_SVR"
    		Desc="柜面渠道通讯服务端"
    		DtaParm="file://etc/COMM/TERM_SVR/DtaParm.xml"
    		Spring="file://etc/COMM/TERM_SVR/Spring.xml"
    		DataElem="file://etc/COMM/TERM_SVR/DataElement.xml"
    		DataMap="file://etc/COMM/TERM_SVR/DataMap.xml"
    		Format="file://etc/COMM/TERM_SVR/Format.xml"
    		Sign="file://etc/COMM/TERM_SVR/Sign.xml"
    		FileFmt="file://etc/COMM/TERM_SVR/FileFmt.xml"
    		Service="file://etc/COMM/TERM_SVR/Service.xml"
    		Route="file://etc/COMM/TERM_SVR/Route.xml"
    		Bean="file://etc/COMM/TERM_SVR/Bean.xml"
    		ServiceDefine="file://etc/COMM/TERM_SVR/ServiceDefine.xml"
    		SvcDepend="file://etc/COMM/TERM_SVR/SvcDepend.xml"/>
    <PubDta Name="SMS_CLI"
    		Desc="短信网关客户端"
    		DtaParm="file://etc/COMM/SMS_CLI/DtaParm.xml"
    		Spring="file://etc/COMM/SMS_CLI/Spring.xml"
    		DataElem="file://etc/COMM/SMS_CLI/DataElement.xml"
    		DataMap="file://etc/COMM/SMS_CLI/DataMap.xml"
    		Format="file://etc/COMM/SMS_CLI/Format.xml"
    		Sign="file://etc/COMM/SMS_CLI/Sign.xml"
    		FileFmt="file://etc/COMM/SMS_CLI/FileFmt.xml"
    		Service="file://etc/COMM/SMS_CLI/Service.xml"
    		Route="file://etc/COMM/SMS_CLI/Route.xml"
    		Bean="file://etc/COMM/SMS_CLI/Bean.xml"
    		ServiceDefine="file://etc/COMM/SMS_CLI/ServiceDefine.xml"
    		SvcDepend="file://etc/COMM/SMS_CLI/SvcDepend.xml"/>
    <PubDta Name="CUP_CLI"
    		Desc="外围渠道通讯客户端"
    		DtaParm="file://etc/COMM/CUP_CLI/DtaParm.xml"
    		Spring="file://etc/COMM/CUP_CLI/Spring.xml"
    		DataElem="file://etc/COMM/CUP_CLI/DataElement.xml"
    		DataMap="file://etc/COMM/CUP_CLI/DataMap.xml"
    		Format="file://etc/COMM/CUP_CLI/Format.xml"
    		Sign="file://etc/COMM/CUP_CLI/Sign.xml"
    		FileFmt="file://etc/COMM/CUP_CLI/FileFmt.xml"
    		Service="file://etc/COMM/CUP_CLI/Service.xml"
    		Route="file://etc/COMM/CUP_CLI/Route.xml"
    		Bean="file://etc/COMM/CUP_CLI/Bean.xml"
    		ServiceDefine="file://etc/COMM/CUP_CLI/ServiceDefine.xml"
    		SvcDepend="file://etc/COMM/CUP_CLI/SvcDepend.xml"/>
    <PubDta Name="CRED_CLI"
    		Desc="负责贷记卡通讯的通讯DTA"
    		DtaParm="file://etc/COMM/CRED_CLI/DtaParm.xml"
    		Spring="file://etc/COMM/CRED_CLI/Spring.xml"
    		DataElem="file://etc/COMM/CRED_CLI/DataElement.xml"
    		DataMap="file://etc/COMM/CRED_CLI/DataMap.xml"
    		Format="file://etc/COMM/CRED_CLI/Format.xml"
    		Sign="file://etc/COMM/CRED_CLI/Sign.xml"
    		FileFmt="file://etc/COMM/CRED_CLI/FileFmt.xml"
    		Service="file://etc/COMM/CRED_CLI/Service.xml"
    		Route="file://etc/COMM/CRED_CLI/Route.xml"
    		Bean="file://etc/COMM/CRED_CLI/Bean.xml"
    		ServiceDefine="file://etc/COMM/CRED_CLI/ServiceDefine.xml"
    		SvcDepend="file://etc/COMM/CRED_CLI/SvcDepend.xml"/>
    <PubDta Name="HOST_CLI"
    		Desc="负责核心通讯的通讯DTA"
    		DtaParm="file://etc/COMM/HOST_CLI/DtaParm.xml"
    		Spring="file://etc/COMM/HOST_CLI/Spring.xml"
    		DataElem="file://etc/COMM/HOST_CLI/DataElement.xml"
    		DataMap="file://etc/COMM/HOST_CLI/DataMap.xml"
    		Format="file://etc/COMM/HOST_CLI/Format.xml"
    		Sign="file://etc/COMM/HOST_CLI/Sign.xml"
    		FileFmt="file://etc/COMM/HOST_CLI/FileFmt.xml"
    		Service="file://etc/COMM/HOST_CLI/Service.xml"
    		Route="file://etc/COMM/HOST_CLI/Route.xml"
    		Bean="file://etc/COMM/HOST_CLI/Bean.xml"
    		ServiceDefine="file://etc/COMM/HOST_CLI/ServiceDefine.xml"
    		SvcDepend="file://etc/COMM/HOST_CLI/SvcDepend.xml"/>
    <PubDta Name="EBANK_SVR"
    		Desc="网银渠道"
    		DtaParm="file://etc/COMM/EBANK_SVR/DtaParm.xml"
    		Spring="file://etc/COMM/EBANK_SVR/Spring.xml"
    		DataElem="file://etc/COMM/EBANK_SVR/DataElement.xml"
    		DataMap="file://etc/COMM/EBANK_SVR/DataMap.xml"
    		Format="file://etc/COMM/EBANK_SVR/Format.xml"
    		Sign="file://etc/COMM/EBANK_SVR/Sign.xml"
    		FileFmt="file://etc/COMM/EBANK_SVR/FileFmt.xml"
    		Service="file://etc/COMM/EBANK_SVR/Service.xml"
    		Route="file://etc/COMM/EBANK_SVR/Route.xml"
    		Bean="file://etc/COMM/EBANK_SVR/Bean.xml"
    		ServiceDefine="file://etc/COMM/EBANK_SVR/ServiceDefine.xml"
    		SvcDepend="file://etc/COMM/EBANK_SVR/SvcDepend.xml"/>
    <PubDta Name="QRUP_SVR"
    		Desc="银联二维码渠道"
    		DtaParm="file://etc/COMM/QRUP_SVR/DtaParm.xml"
    		Spring="file://etc/COMM/QRUP_SVR/Spring.xml"
    		DataElem="file://etc/COMM/QRUP_SVR/DataElement.xml"
    		DataMap="file://etc/COMM/QRUP_SVR/DataMap.xml"
    		Format="file://etc/COMM/QRUP_SVR/Format.xml"
    		Sign="file://etc/COMM/QRUP_SVR/Sign.xml"
    		FileFmt="file://etc/COMM/QRUP_SVR/FileFmt.xml"
    		Service="file://etc/COMM/QRUP_SVR/Service.xml"
    		Route="file://etc/COMM/QRUP_SVR/Route.xml"
    		Bean="file://etc/COMM/QRUP_SVR/Bean.xml"
    		ServiceDefine="file://etc/COMM/QRUP_SVR/ServiceDefine.xml"
    		SvcDepend="file://etc/COMM/QRUP_SVR/SvcDepend.xml"/>
    <PubDta Name="QRUP_CLI"
    		Desc="银联二维码客户端"
    		DtaParm="file://etc/COMM/QRUP_CLI/DtaParm.xml"
    		Spring="file://etc/COMM/QRUP_CLI/Spring.xml"
    		DataElem="file://etc/COMM/QRUP_CLI/DataElement.xml"
    		DataMap="file://etc/COMM/QRUP_CLI/DataMap.xml"
    		Format="file://etc/COMM/QRUP_CLI/Format.xml"
    		Sign="file://etc/COMM/QRUP_CLI/Sign.xml"
    		FileFmt="file://etc/COMM/QRUP_CLI/FileFmt.xml"
    		Service="file://etc/COMM/QRUP_CLI/Service.xml"
    		Route="file://etc/COMM/QRUP_CLI/Route.xml"
    		Bean="file://etc/COMM/QRUP_CLI/Bean.xml"
    		ServiceDefine="file://etc/COMM/QRUP_CLI/ServiceDefine.xml"
    		SvcDepend="file://etc/COMM/QRUP_CLI/SvcDepend.xml"/>
    <PubDta Name="NETBK_CLI"
    		Desc="网联签约"
    		DtaParm="file://etc/COMM/NETBK_CLI/DtaParm.xml"
    		Spring="file://etc/COMM/NETBK_CLI/Spring.xml"
    		DataElem="file://etc/COMM/NETBK_CLI/DataElement.xml"
    		DataMap="file://etc/COMM/NETBK_CLI/DataMap.xml"
    		Format="file://etc/COMM/NETBK_CLI/Format.xml"
    		Sign="file://etc/COMM/NETBK_CLI/Sign.xml"
    		FileFmt="file://etc/COMM/NETBK_CLI/FileFmt.xml"
    		Service="file://etc/COMM/NETBK_CLI/Service.xml"
    		Route="file://etc/COMM/NETBK_CLI/Route.xml"
    		Bean="file://etc/COMM/NETBK_CLI/Bean.xml"
    		ServiceDefine="file://etc/COMM/NETBK_CLI/ServiceDefine.xml"
    		SvcDepend="file://etc/COMM/NETBK_CLI/SvcDepend.xml"/>
  </PubDtaTab>
  <InPointTab RecNum="0"/>
  <OutPointTab RecNum="0"/>
  <AppTab RecNum="3">
    <App Name="NCP"
    		Desc="无卡支付业务"
    		FileFmt="file://etc/BUSI/NCP/FileFmt.xml"
    		Format="file://etc/BUSI/NCP/Format.xml"
    		Sign="file://etc/BUSI/NCP/Sign.xml"
    		DataDict="file://etc/BUSI/NCP/DataDict.xml"
    		DataElem="file://etc/BUSI/NCP/DataElement.xml"
    		Bean="file://etc/BUSI/NCP/Bean.xml"
    		EnumTab="file://etc/BUSI/NCP/Enum.xml"
    		TaskTab="file://etc/BUSI/NCP/TaskTab.xml"
    		ModelRelation="file://etc/BUSI/NCP/ModelRelation.xml"
    		Sql="file://etc/BUSI/NCP/SQL.xml"
    		Mapper="file://etc/BUSI/NCP/Mapper/"
    		DesignTable="file://etc/BUSI/NCP/DesignTable.xml"
    		ServiceRec="file://etc/BUSI/NCP/ServiceRec.xml">
      <SvcPreProc><![CDATA[]]></SvcPreProc>
      <SvcSuccProc><![CDATA[]]></SvcSuccProc>
      <SvcLostProc><![CDATA[]]></SvcLostProc>
      <SvcTermEnd><![CDATA[]]></SvcTermEnd>
      <DtaTab RecNum="0"/>
      <InPointTab RecNum="0"/>
      <OutPointTab RecNum="0"/>
      <SubAppTab RecNum="6">
        <SubApp Name="ACCT"
        		Desc="无卡支付账务类业务"
        		AlaParm="file://etc/BUSI/NCP/ACCT/AlaParm.xml"
        		Spring="file://etc/BUSI/NCP/ACCT/Spring.xml"
        		FileFmt="file://etc/BUSI/NCP/ACCT/FileFmt.xml"
        		Format="file://etc/BUSI/NCP/ACCT/Format.xml"
        		Sign="file://etc/BUSI/NCP/ACCT/Sign.xml"
        		DataElem="file://etc/BUSI/NCP/ACCT/DataElement.xml"
        		DataMap="file://etc/BUSI/NCP/ACCT/DataMap.xml"
        		Logic="file://etc/BUSI/NCP/ACCT/Logic"
        		Bean="file://etc/BUSI/NCP/ACCT/Bean.xml"
        		ServiceIntegrate="file://etc/BUSI/NCP/ACCT/ServiceIntegrate.xml"
        		ServiceDefine="file://etc/BUSI/NCP/ACCT/ServiceDefine.xml"
        		SvcDepend="file://etc/BUSI/NCP/ACCT/SvcDepend.xml"
        		ServicePublish="file://etc/BUSI/NCP/ACCT/ServicePublish.xml"/>
        <SubApp Name="SIGN"
        		Desc="无卡支付签约业务"
        		AlaParm="file://etc/BUSI/NCP/SIGN/AlaParm.xml"
        		Spring="file://etc/BUSI/NCP/SIGN/Spring.xml"
        		FileFmt="file://etc/BUSI/NCP/SIGN/FileFmt.xml"
        		Format="file://etc/BUSI/NCP/SIGN/Format.xml"
        		Sign="file://etc/BUSI/NCP/SIGN/Sign.xml"
        		DataElem="file://etc/BUSI/NCP/SIGN/DataElement.xml"
        		DataMap="file://etc/BUSI/NCP/SIGN/DataMap.xml"
        		Logic="file://etc/BUSI/NCP/SIGN/Logic"
        		Bean="file://etc/BUSI/NCP/SIGN/Bean.xml"
        		ServiceIntegrate="file://etc/BUSI/NCP/SIGN/ServiceIntegrate.xml"
        		ServiceDefine="file://etc/BUSI/NCP/SIGN/ServiceDefine.xml"
        		SvcDepend="file://etc/BUSI/NCP/SIGN/SvcDepend.xml"
        		ServicePublish="file://etc/BUSI/NCP/SIGN/ServicePublish.xml"/>
        <SubApp Name="QRY"
        		Desc="无卡支付查询业务"
        		AlaParm="file://etc/BUSI/NCP/QRY/AlaParm.xml"
        		Spring="file://etc/BUSI/NCP/QRY/Spring.xml"
        		FileFmt="file://etc/BUSI/NCP/QRY/FileFmt.xml"
        		Format="file://etc/BUSI/NCP/QRY/Format.xml"
        		Sign="file://etc/BUSI/NCP/QRY/Sign.xml"
        		DataElem="file://etc/BUSI/NCP/QRY/DataElement.xml"
        		DataMap="file://etc/BUSI/NCP/QRY/DataMap.xml"
        		Logic="file://etc/BUSI/NCP/QRY/Logic"
        		Bean="file://etc/BUSI/NCP/QRY/Bean.xml"
        		ServiceIntegrate="file://etc/BUSI/NCP/QRY/ServiceIntegrate.xml"
        		ServiceDefine="file://etc/BUSI/NCP/QRY/ServiceDefine.xml"
        		SvcDepend="file://etc/BUSI/NCP/QRY/SvcDepend.xml"
        		ServicePublish="file://etc/BUSI/NCP/QRY/ServicePublish.xml"/>
        <SubApp Name="AUTODO"
        		Desc="自动任务"
        		AlaParm="file://etc/BUSI/NCP/AUTODO/AlaParm.xml"
        		Spring="file://etc/BUSI/NCP/AUTODO/Spring.xml"
        		FileFmt="file://etc/BUSI/NCP/AUTODO/FileFmt.xml"
        		Format="file://etc/BUSI/NCP/AUTODO/Format.xml"
        		Sign="file://etc/BUSI/NCP/AUTODO/Sign.xml"
        		DataElem="file://etc/BUSI/NCP/AUTODO/DataElement.xml"
        		DataMap="file://etc/BUSI/NCP/AUTODO/DataMap.xml"
        		Logic="file://etc/BUSI/NCP/AUTODO/Logic"
        		Bean="file://etc/BUSI/NCP/AUTODO/Bean.xml"
        		ServiceIntegrate="file://etc/BUSI/NCP/AUTODO/ServiceIntegrate.xml"
        		ServiceDefine="file://etc/BUSI/NCP/AUTODO/ServiceDefine.xml"
        		SvcDepend="file://etc/BUSI/NCP/AUTODO/SvcDepend.xml"
        		ServicePublish="file://etc/BUSI/NCP/AUTODO/ServicePublish.xml"/>
        <SubApp Name="CHK"
        		Desc="对账清算"
        		AlaParm="file://etc/BUSI/NCP/CHK/AlaParm.xml"
        		Spring="file://etc/BUSI/NCP/CHK/Spring.xml"
        		FileFmt="file://etc/BUSI/NCP/CHK/FileFmt.xml"
        		Format="file://etc/BUSI/NCP/CHK/Format.xml"
        		Sign="file://etc/BUSI/NCP/CHK/Sign.xml"
        		DataElem="file://etc/BUSI/NCP/CHK/DataElement.xml"
        		DataMap="file://etc/BUSI/NCP/CHK/DataMap.xml"
        		Logic="file://etc/BUSI/NCP/CHK/Logic"
        		Bean="file://etc/BUSI/NCP/CHK/Bean.xml"
        		ServiceIntegrate="file://etc/BUSI/NCP/CHK/ServiceIntegrate.xml"
        		ServiceDefine="file://etc/BUSI/NCP/CHK/ServiceDefine.xml"
        		SvcDepend="file://etc/BUSI/NCP/CHK/SvcDepend.xml"
        		ServicePublish="file://etc/BUSI/NCP/CHK/ServicePublish.xml"/>
        <SubApp Name="SIGNS"
        		Desc="网联签约"
        		AlaParm="file://etc/BUSI/NCP/SIGNS/AlaParm.xml"
        		Spring="file://etc/BUSI/NCP/SIGNS/Spring.xml"
        		FileFmt="file://etc/BUSI/NCP/SIGNS/FileFmt.xml"
        		Format="file://etc/BUSI/NCP/SIGNS/Format.xml"
        		Sign="file://etc/BUSI/NCP/SIGNS/Sign.xml"
        		DataElem="file://etc/BUSI/NCP/SIGNS/DataElement.xml"
        		DataMap="file://etc/BUSI/NCP/SIGNS/DataMap.xml"
        		Logic="file://etc/BUSI/NCP/SIGNS/Logic"
        		Bean="file://etc/BUSI/NCP/SIGNS/Bean.xml"
        		ServiceIntegrate="file://etc/BUSI/NCP/SIGNS/ServiceIntegrate.xml"
        		ServiceDefine="file://etc/BUSI/NCP/SIGNS/ServiceDefine.xml"
        		SvcDepend="file://etc/BUSI/NCP/SIGNS/SvcDepend.xml"
        		ServicePublish="file://etc/BUSI/NCP/SIGNS/ServicePublish.xml"/>
      </SubAppTab>
    </App>
    <App Name="QRPS"
    		Desc="二维码系统"
    		FileFmt="file://etc/BUSI/QRPS/FileFmt.xml"
    		Format="file://etc/BUSI/QRPS/Format.xml"
    		Sign="file://etc/BUSI/QRPS/Sign.xml"
    		DataDict="file://etc/BUSI/QRPS/DataDict.xml"
    		DataElem="file://etc/BUSI/QRPS/DataElement.xml"
    		Bean="file://etc/BUSI/QRPS/Bean.xml"
    		EnumTab="file://etc/BUSI/QRPS/Enum.xml"
    		TaskTab="file://etc/BUSI/QRPS/TaskTab.xml"
    		ModelRelation="file://etc/BUSI/QRPS/ModelRelation.xml"
    		Sql="file://etc/BUSI/QRPS/SQL.xml"
    		Mapper="file://etc/BUSI/QRPS/Mapper/"
    		DesignTable="file://etc/BUSI/QRPS/DesignTable.xml"
    		ServiceRec="file://etc/BUSI/QRPS/ServiceRec.xml"
    		DataCache="file://etc/BUSI/QRPS/DataCache.xml">
      <SvcPreProc><![CDATA[]]></SvcPreProc>
      <SvcSuccProc><![CDATA[]]></SvcSuccProc>
      <SvcLostProc><![CDATA[]]></SvcLostProc>
      <SvcTermEnd><![CDATA[]]></SvcTermEnd>
      <DtaTab RecNum="0"/>
      <InPointTab RecNum="0"/>
      <OutPointTab RecNum="0"/>
      <SubAppTab RecNum="1">
        <SubApp Name="QR"
        		Desc="二维码业务"
        		AlaParm="file://etc/BUSI/QRPS/QR/AlaParm.xml"
        		Spring="file://etc/BUSI/QRPS/QR/Spring.xml"
        		FileFmt="file://etc/BUSI/QRPS/QR/FileFmt.xml"
        		Format="file://etc/BUSI/QRPS/QR/Format.xml"
        		Sign="file://etc/BUSI/QRPS/QR/Sign.xml"
        		DataElem="file://etc/BUSI/QRPS/QR/DataElement.xml"
        		DataMap="file://etc/BUSI/QRPS/QR/DataMap.xml"
        		Logic="file://etc/BUSI/QRPS/QR/Logic"
        		Bean="file://etc/BUSI/QRPS/QR/Bean.xml"
        		ServiceIntegrate="file://etc/BUSI/QRPS/QR/ServiceIntegrate.xml"
        		ServiceDefine="file://etc/BUSI/QRPS/QR/ServiceDefine.xml"
        		SvcDepend="file://etc/BUSI/QRPS/QR/SvcDepend.xml"
        		ServicePublish="file://etc/BUSI/QRPS/QR/ServicePublish.xml"/>
      </SubAppTab>
    </App>
    <App Name="CARD"
    		Desc="微信饭卡充值"
    		FileFmt="file://etc/BUSI/CARD/FileFmt.xml"
    		Format="file://etc/BUSI/CARD/Format.xml"
    		Sign="file://etc/BUSI/CARD/Sign.xml"
    		DataDict="file://etc/BUSI/CARD/DataDict.xml"
    		DataElem="file://etc/BUSI/CARD/DataElement.xml"
    		Bean="file://etc/BUSI/CARD/Bean.xml"
    		EnumTab="file://etc/BUSI/CARD/Enum.xml"
    		TaskTab="file://etc/BUSI/CARD/TaskTab.xml"
    		ModelRelation="file://etc/BUSI/CARD/ModelRelation.xml"
    		Sql="file://etc/BUSI/CARD/SQL.xml"
    		Mapper="file://etc/BUSI/CARD/Mapper/"
    		DesignTable="file://etc/BUSI/CARD/DesignTable.xml"
    		ServiceRec="file://etc/BUSI/CARD/ServiceRec.xml"
    		DataCache="file://etc/BUSI/CARD/DataCache.xml">
      <SvcPreProc><![CDATA[]]></SvcPreProc>
      <SvcSuccProc><![CDATA[]]></SvcSuccProc>
      <SvcLostProc><![CDATA[]]></SvcLostProc>
      <SvcTermEnd><![CDATA[]]></SvcTermEnd>
      <DtaTab RecNum="1">
        <Dta Name="CARD_CLI"
        		Desc="饭卡充值客户端"
        		DtaParm="file://etc/BUSI/CARD/CARD_CLI/DtaParm.xml"
        		Spring="file://etc/BUSI/CARD/CARD_CLI/Spring.xml"
        		Format="file://etc/BUSI/CARD/CARD_CLI/Format.xml"
        		Sign="file://etc/BUSI/CARD/CARD_CLI/Sign.xml"
        		Service="file://etc/BUSI/CARD/CARD_CLI/Service.xml"
        		Route="file://etc/BUSI/CARD/CARD_CLI/Route.xml"
        		ServiceDefine="file://etc/BUSI/CARD/CARD_CLI/ServiceDefine.xml"
        		SvcDepend="file://etc/BUSI/CARD/CARD_CLI/SvcDepend.xml"
        		DataMap="file://etc/BUSI/CARD/CARD_CLI/DataMap.xml"/>
      </DtaTab>
      <InPointTab RecNum="0"/>
      <OutPointTab RecNum="0"/>
      <SubAppTab RecNum="1">
        <SubApp Name="CARD"
        		Desc="微信饭卡充值"
        		AlaParm="file://etc/BUSI/CARD/CARD/AlaParm.xml"
        		Spring="file://etc/BUSI/CARD/CARD/Spring.xml"
        		FileFmt="file://etc/BUSI/CARD/CARD/FileFmt.xml"
        		Format="file://etc/BUSI/CARD/CARD/Format.xml"
        		Sign="file://etc/BUSI/CARD/CARD/Sign.xml"
        		DataElem="file://etc/BUSI/CARD/CARD/DataElement.xml"
        		DataMap="file://etc/BUSI/CARD/CARD/DataMap.xml"
        		Logic="file://etc/BUSI/CARD/CARD/Logic"
        		Bean="file://etc/BUSI/CARD/CARD/Bean.xml"
        		ServiceIntegrate="file://etc/BUSI/CARD/CARD/ServiceIntegrate.xml"
        		ServiceDefine="file://etc/BUSI/CARD/CARD/ServiceDefine.xml"
        		SvcDepend="file://etc/BUSI/CARD/CARD/SvcDepend.xml"
        		ServicePublish="file://etc/BUSI/CARD/CARD/ServicePublish.xml"/>
      </SubAppTab>
    </App>
  </AppTab>
</Project>
