<?xml version="1.0" encoding="UTF-8"?>

<beans xmlns="http://www.springframework.org/schema/beans" xmlns:xsi="http://www.w3.org/2001/XMLSchema-instance" xmlns:c="http://www.springframework.org/schema/c" xmlns:p="http://www.springframework.org/schema/p" xmlns:context="http://www.springframework.org/schema/context"
		xsi:schemaLocation="http://www.springframework.org/schema/beans
http://www.springframework.org/schema/beans/spring-beans-4.0.xsd
http://www.springframework.org/schema/context
http://www.springframework.org/schema/context/spring-context-4.0.xsd">
  <bean id="BS0210"
  		class="com.adtec.ncps.busi.qrps.qr.BS0210000903"
  		name="发送二维码申请"/>
  <bean id="BS0230"
  		class="com.adtec.ncps.busi.qrps.qr.BS0230000903"
  		name="C2B附加处理请求1"/>
  <bean id="BS0250"
  		class="com.adtec.ncps.busi.qrps.qr.BS0250000903"
  		name="接收交易通知1"/>
  <bean id="ZS0120"
  		class="com.adtec.ncps.busi.qrps.qr.ZS0120000903"
  		name="查询订单信息"/>
  <bean id="ZS0160"
  		class="com.adtec.ncps.busi.qrps.qr.ZS0160000903"
  		name="接收交易通知"/>
  <bean id="BS0240"
  		class="com.adtec.ncps.busi.qrps.qr.BS0240000903"
  		name="C2B附加处理结果通知"/>
  <bean id="ZS0180"
  		class="com.adtec.ncps.busi.qrps.qr.ZS0180000903"
  		name="查询营销信息1"/>
  <bean id="ZS0130"
  		class="com.adtec.ncps.busi.qrps.qr.ZS0130000903"
  		name="付款"/>
  <bean id="ZS0510"
  		class="com.adtec.ncps.busi.qrps.qr.ZS0510000903"
  		name="查询营销信息2"/>
  <bean id="ZS0140"
  		class="com.adtec.ncps.busi.qrps.qr.ZS0140000903"
  		name="查询付款状态"/>
  <bean id="ZS0530"
  		class="com.adtec.ncps.busi.qrps.qr.ZS0530000903"
  		name="收款通知"/>
  <bean id="ZS0540"
  		class="com.adtec.ncps.busi.qrps.qr.ZS0540000903"
  		name="收款查询"/>
  <bean id="ZS0150"
  		class="com.adtec.ncps.busi.qrps.qr.ZS0150000903"
  		name="退款"/>
  <bean id="ZS0570"
  		class="com.adtec.ncps.busi.qrps.qr.ZS0570000903"
  		name="二维码撤销"/>
  <bean id="ZS0170"
  		class="com.adtec.ncps.busi.qrps.qr.ZS0170000903"
  		name="消费撤销"/>
  <bean id="BS0231"
  		class="com.adtec.ncps.busi.qrps.qr.BS0231000903"
  		name="C2B附加处理请求2"/>
  <bean id="AT0190"
  		class="com.adtec.ncps.busi.qrps.qr.AT0190000903"
  		name="接收交易通知2"/>
  <bean id="BS0310"
  		class="com.adtec.ncps.busi.qrps.qr.BS0310000903"
  		name="c2b消费"/>
  <bean id="BS0360"
  		class="com.adtec.ncps.busi.qrps.qr.BS0360000903"
  		name="c2b消费结果通知"/>
  <bean id="BS0320"
  		class="com.adtec.ncps.busi.qrps.qr.BS0320000903"
  		name="c2b消费冲正"/>
  <bean id="BS0330"
  		class="com.adtec.ncps.busi.qrps.qr.BS0330000903"
  		name="c2b消费撤销"/>
  <bean id="BS0340"
  		class="com.adtec.ncps.busi.qrps.qr.BS0340000903"
  		name="c2b退货"/>
  <bean id="BS0350"
  		class="com.adtec.ncps.busi.qrps.qr.BS0350000903"
  		name="c2b交易查询"/>
</beans>
