<?xml version="1.0" encoding="UTF-8"?>

<SvcDependTab SrcType="C"
		SrcName="QR">
  <SvcDepend SrcSvcName="BS0210">
    <ItemList>
      <Item DestType="B"
      		DestName="QRUP_CLI"
      		SvcName="BS0210"/>
    </ItemList>
  </SvcDepend>
  <SvcDepend SrcSvcName="BS0240">
    <ItemList>
      <Item DestType="B"
      		DestName="QRUP_CLI"
      		SvcName="BS0240"/>
    </ItemList>
  </SvcDepend>
  <SvcDepend SrcSvcName="ZS0120">
    <ItemList>
      <Item DestType="B"
      		DestName="QRUP_CLI"
      		SvcName="ZS0120"/>
    </ItemList>
  </SvcDepend>
  <SvcDepend SrcSvcName="ZS0130">
    <ItemList>
      <Item DestType="B"
      		DestName="QRUP_CLI"
      		SvcName="ZS0130"/>
    </ItemList>
  </SvcDepend>
  <SvcDepend SrcSvcName="ZS0140">
    <ItemList>
      <Item DestType="B"
      		DestName="QRUP_CLI"
      		SvcName="ZS0140"/>
    </ItemList>
  </SvcDepend>
  <SvcDepend SrcSvcName="ZS0160">
    <ItemList>
      <Item DestType="B"
      		DestName="QRUP_CLI"
      		SvcName="ZS0160"/>
    </ItemList>
  </SvcDepend>
  <SvcDepend SrcSvcName="ZS0180">
    <ItemList>
      <Item DestType="B"
      		DestName="QRUP_CLI"
      		SvcName="ZS0180"/>
    </ItemList>
  </SvcDepend>
  <SvcDepend SrcSvcName="AT0190">
    <ItemList>
      <Item DestType="B"
      		DestName="QRUP_CLI"
      		SvcName="AT0190"/>
    </ItemList>
  </SvcDepend>
  <SvcDepend SrcSvcName="ZS0510">
    <ItemList>
      <Item DestType="B"
      		DestName="QRUP_CLI"
      		SvcName="ZS0510"/>
    </ItemList>
  </SvcDepend>
  <SvcDepend SrcSvcName="ZS0540">
    <ItemList>
      <Item DestType="B"
      		DestName="QRUP_CLI"
      		SvcName="ZS0540"/>
    </ItemList>
  </SvcDepend>
  <SvcDepend SrcSvcName="ZS0570">
    <ItemList>
      <Item DestType="B"
      		DestName="QRUP_CLI"
      		SvcName="ZS0570"/>
    </ItemList>
  </SvcDepend>
  <SvcDepend SrcSvcName="ZS0150">
    <ItemList>
      <Item DestType="B"
      		DestName="QRUP_CLI"
      		SvcName="ZS0150"/>
    </ItemList>
  </SvcDepend>
  <SvcDepend SrcSvcName="ZS0170">
    <ItemList>
      <Item DestType="B"
      		DestName="QRUP_CLI"
      		SvcName="ZS0170"/>
    </ItemList>
  </SvcDepend>
  <SvcDepend SrcSvcName="BS0231">
    <ItemList>
      <Item DestType="B"
      		DestName="QRUP_CLI"
      		SvcName="BS0231"/>
    </ItemList>
  </SvcDepend>
  <SvcDepend SrcSvcName="BS0310">
    <ItemList>
      <Item DestType="B"
      		DestName="QRUP_CLI"
      		SvcName="BS0310"/>
    </ItemList>
  </SvcDepend>
  <SvcDepend SrcSvcName="BS0320">
    <ItemList>
      <Item DestType="B"
      		DestName="QRUP_CLI"
      		SvcName="BS0320"/>
    </ItemList>
  </SvcDepend>
  <SvcDepend SrcSvcName="BS0330">
    <ItemList>
      <Item DestType="B"
      		DestName="QRUP_CLI"
      		SvcName="BS0330"/>
    </ItemList>
  </SvcDepend>
  <SvcDepend SrcSvcName="BS0350">
    <ItemList>
      <Item DestType="B"
      		DestName="QRUP_CLI"
      		SvcName="BS0350"/>
    </ItemList>
  </SvcDepend>
  <SvcDepend SrcSvcName="BS0340">
    <ItemList>
      <Item DestType="B"
      		DestName="QRUP_CLI"
      		SvcName="BS0340"/>
    </ItemList>
  </SvcDepend>
</SvcDependTab>
