<?xml version="1.0" encoding="UTF-8"?>

<RouteTab>
  <RuleTab RecNum="1">
    <Rule RuleID="RUT_HOST_CLI"
    		RuleType="request">
      <NodeClass Name="未分类"
      		Desc="未分类"/>
      <SvcExpr><![CDATA[^.*$]]></SvcExpr>
      <RouteExpr><![CDATA[1]]></RouteExpr>
      <EntranceTab RecNum="1">
        <Entrance Desc="ENT_HOST_CLT_RUT"
        		Respond="yes"
        		DstType="NODE"
        		Destination="HOST_CLI"
        		SvcName=""
        		NodeName="HOST_CLI">
          <Expr><![CDATA[^.*$]]></Expr>
        </Entrance>
      </EntranceTab>
    </Rule>
  </RuleTab>
</RouteTab>
