<?xml version="1.0" encoding="UTF-8"?>

<ServiceDefineTab RecNum="80">
  <ServiceDefine Name="S006267"
  		Desc="协议签约交易"/>
  <ServiceDefine Name="S121800"
  		Desc="幸福存账户销户"/>
  <ServiceDefine Name="S205000"
  		Desc="锁卡解卡"/>
  <ServiceDefine Name="S215071"
  		Desc="前置下载主机对帐流水"/>
  <ServiceDefine Name="S215072"
  		Desc="上传银联清分文件"/>
  <ServiceDefine Name="S222100"
  		Desc="幸福存查子账户信息"/>
  <ServiceDefine Name="S222400"
  		Desc="幸福存子账户信息查询(零)"/>
  <ServiceDefine Name="S241800"
  		Desc="二类账户绑定一类户or解绑or激活"/>
  <ServiceDefine Name="S280300"
  		Desc="绑定关系模糊查询"/>
  <ServiceDefine Name="S280800"
  		Desc="卡账户状态更新"/>
  <ServiceDefine Name="S311800"
  		Desc="幸福存产品认购"/>
  <ServiceDefine Name="S311900"
  		Desc="幸福存账户部提"/>
  <ServiceDefine Name="S550200"
  		Desc="柜员签到"/>
  <ServiceDefine Name="S560300"
  		Desc="柜员签退"/>
  <ServiceDefine Name="S624700"
  		Desc="网银批量转账"/>
  <ServiceDefine Name="S654400"
  		Desc="网银检查付款账户"/>
  <ServiceDefine Name="S654500"
  		Desc="网银代发工资从对公帐"/>
  <ServiceDefine Name="S654600"
  		Desc="网银从内部账户转入个人户"/>
  <ServiceDefine Name="S740000"
  		Desc="查询客户名下所有存款账户信息"/>
  <ServiceDefine Name="S740001"
  		Desc="账户信息查询验证"/>
  <ServiceDefine Name="S740002"
  		Desc="客户基本信息查询"/>
  <ServiceDefine Name="S740003"
  		Desc="查询客户名下所有存款账户信息"/>
  <ServiceDefine Name="S740004"
  		Desc="子账户信息查询"/>
  <ServiceDefine Name="S740005"
  		Desc="活期单个账户信息查询"/>
  <ServiceDefine Name="S740006"
  		Desc="理财账户虚拟电子账户余额"/>
  <ServiceDefine Name="S740007"
  		Desc="账户交易明细查询"/>
  <ServiceDefine Name="S740008"
  		Desc="利率查询"/>
  <ServiceDefine Name="S740009"
  		Desc="验密"/>
  <ServiceDefine Name="S740010"
  		Desc="单笔流水查证"/>
  <ServiceDefine Name="S740011"
  		Desc="贷款信息查询"/>
  <ServiceDefine Name="S740012"
  		Desc="贷款明细查询"/>
  <ServiceDefine Name="S740013"
  		Desc="转账手续费查询"/>
  <ServiceDefine Name="S740014"
  		Desc="遂心贷授信信息查询"/>
  <ServiceDefine Name="S740100"
  		Desc="活期转定期"/>
  <ServiceDefine Name="S740200"
  		Desc="定期转活期"/>
  <ServiceDefine Name="S740300"
  		Desc="行内转账"/>
  <ServiceDefine Name="S740400"
  		Desc="账户挂失解挂"/>
  <ServiceDefine Name="S740500"
  		Desc="遂心贷放款"/>
  <ServiceDefine Name="S740600"
  		Desc="遂心贷还款"/>
  <ServiceDefine Name="S740701"
  		Desc="大额存单查询（产品信息）"/>
  <ServiceDefine Name="S740702"
  		Desc="大额存单查询（卡号关联的大额存单）"/>
  <ServiceDefine Name="S740703"
  		Desc="大额存单查询（交易明细）"/>
  <ServiceDefine Name="S740800"
  		Desc="大额存单短查询"/>
  <ServiceDefine Name="S740900"
  		Desc="大额可转让存单认购"/>
  <ServiceDefine Name="S741000"
  		Desc="大额可转让存单提前支取"/>
  <ServiceDefine Name="S741100"
  		Desc="大额可转让存单转让"/>
  <ServiceDefine Name="S741200"
  		Desc="大额可转让存单销户"/>
  <ServiceDefine Name="S741300"
  		Desc="存贷通查询收益明细"/>
  <ServiceDefine Name="S741311"
  		Desc="存贷通查询收益明细"/>
  <ServiceDefine Name="S741400"
  		Desc="存贷通维护"/>
  <ServiceDefine Name="S741600"
  		Desc="遂心存账户查询"/>
  <ServiceDefine Name="S741700"
  		Desc="二类账户开户接口"/>
  <ServiceDefine Name="S741800"
  		Desc="贷款还款计划查询"/>
  <ServiceDefine Name="S742000"
  		Desc="遂心贷维护"/>
  <ServiceDefine Name="S743000"
  		Desc="查询最小凭证号"/>
  <ServiceDefine Name="S743100"
  		Desc="凭证出售"/>
  <ServiceDefine Name="S801003"
  		Desc="贷记付款记账交易"/>
  <ServiceDefine Name="S801008"
  		Desc="外围流水对应主机流水查询"/>
  <ServiceDefine Name="S801010"
  		Desc="银联差错调整挂账"/>
  <ServiceDefine Name="S801011"
  		Desc="对账差错调整"/>
  <ServiceDefine Name="S801053"
  		Desc="协议支付记帐交易"/>
  <ServiceDefine Name="S805016"
  		Desc="退货记账交易"/>
  <ServiceDefine Name="S805070"
  		Desc="账号信息查询"/>
  <ServiceDefine Name="S806001"
  		Desc="余额查询"/>
  <ServiceDefine Name="S818888"
  		Desc="自动冲正交易"/>
  <ServiceDefine Name="S860005"
  		Desc="查询核心日期"/>
  <ServiceDefine Name="S889100"
  		Desc="短信开通功能"/>
  <ServiceDefine Name="S889800"
  		Desc="幸福存查产品信息"/>
  <ServiceDefine Name="S898500"
  		Desc="幸福存查询期次下的发布的产品信息"/>
  <ServiceDefine Name="S898600"
  		Desc="幸福存根据产品期次和产品号回显产品信息"/>
  <ServiceDefine Name="S898900"
  		Desc="幸福存根据账号查询客户号"/>
  <ServiceDefine Name="S899600"
  		Desc="幸福存利息试算"/>
  <ServiceDefine Name="S899800"
  		Desc="幸福存查产品信息"/>
  <ServiceDefine Name="S920300"
  		Desc="查询客户结算户数"/>
  <ServiceDefine Name="S931700"
  		Desc="幸福存密码校验"/>
  <ServiceDefine Name="S932600"
  		Desc="短信服务、遂心存短信服务开通和关闭"/>
  <ServiceDefine Name="S934200"
  		Desc="对账单状态更新"/>
  <ServiceDefine Name="S943900"
  		Desc="转账详情查询"/>
  <ServiceDefine Name="S973100"
  		Desc="幸福存根据账号查询账号信息"/>
  <ServiceDefine Name="S993100"
  		Desc="幸福存根据账号回显账户信息"/>
</ServiceDefineTab>
